2022-02-22;11:06:02;572,2;;27;-;-;;LB,CT;571,8;572,8;>
2022-02-22;11:06:02;572,2;;9;-;-;;LB,CT;571,8;572,8;>
2022-02-22;11:06:02;572,2;;11;-;-;;LB,CT;571,4;572,2;>
2022-02-22;11:05:06;571,8;;84;-;-;;LB,CT;570,8;572;>
2022-02-22;11:04:47;571,6;;6;-;-;;LB,CT;571,2;572;<
2022-02-22;11:04:47;571,6;;59;-;-;;LB,CT;571,6;572,2;<
2022-02-22;11:04:47;571,6;;41;-;-;;LB,CT;571,6;572,2;<
2022-02-22;11:04:47;571,6;;28;-;-;;LB,CT;571,6;572,2;<
2022-02-22;11:04:47;571,6;;6;-;-;;LB,CT;571,6;572,2;<
2022-02-22;11:04:31;572;;65;-;-;;LB,CT;571,6;572,2;<
2022-02-22;11:04:10;572,4;;29;-;-;;LB,CT;571,6;572,4;>
2022-02-22;11:04:10;572,4;;128;-;-;;LB,CT;571,6;572,4;>
2022-02-22;11:04:05;572;;36;-;-;;LB,CT;571,4;572,4;>
2022-02-22;11:04:05;572;;10;-;-;;LB,CT;571,4;572,4;>
2022-02-22;11:04:04;572;;29;-;-;;LB,CT;571,4;572,4;>
2022-02-22;11:04:04;572;;36;-;-;;LB,CT;571,4;572,4;>
2022-02-22;11:04:04;572;;100;-;-;;LB,CT;571,4;572,4;>
2022-02-22;11:04:01;571,6;;1;-;-;;LB,CT;571;571,6;>
2022-02-22;11:04:01;571,6;;19;-;-;;LB,CT;571;571,6;>
2022-02-22;11:04:01;571,6;;36;-;-;;LB,CT;571;571,6;>
2022-02-22;11:04:01;571,6;;21;-;-;;LB,CT;571;571,6;>
2022-02-22;11:03:43;571,2;;29;-;-;;LB,CT;570,8;571,8;>
2022-02-22;11:03:43;571,4;;21;-;-;;LB,CT;570,8;571,8;>
2022-02-22;11:03:43;571,4;;14;-;-;;LB,CT;570,8;571,8;>
2022-02-22;11:03:43;571,2;;65;-;-;;LB,CT;570,8;571,8;>
2022-02-22;11:03:14;570,8;;1;-;-;;LB,CT;570,8;571,6;<
2022-02-22;11:03:06;571;;2;-;-;;LB,CT;570,6;571,4;<
2022-02-22;11:03:03;571;;2;-;-;;LB,CT;571;571,6;<
2022-02-22;11:02:21;570,2;;27;-;-;;LB,CT;569,2;569,8;>
2022-02-22;11:02:21;570,2;;20;-;-;;LB,CT;569,2;569,8;>
2022-02-22;11:02:21;570;;76;-;-;;LB,CT;569,2;569,8;>
2022-02-22;11:02:21;570;;24;-;-;;LB,CT;569,2;569,8;>
2022-02-22;11:02:21;569,8;;28;-;-;;LB,CT;569,2;569,8;>
2022-02-22;11:01:43;569,2;;8;-;-;;LB,CT;569,2;570;<
2022-02-22;11:01:38;569,4;;100;-;-;;LB,CT;569,2;570;<
2022-02-22;11:01:38;569,6;;26;-;-;;LB,CT;569,2;570;<
2022-02-22;11:01:38;569,6;;25;-;-;;LB,CT;569,2;570;<
2022-02-22;11:01:38;569,6;;149;-;-;;LB,CT;569,2;570;<
2022-02-22;11:01:38;569,6;;32;-;-;;LB,CT;569,2;570;<
2022-02-22;11:01:38;569,6;;4;-;-;;LB,CT;569,2;570;<
2022-02-22;11:00:00;569,6;;80;-;-;;LB,CT;569,2;569,6;>
2022-02-22;10:59:59;569,4;;40;-;-;;LB,CT;568,8;569,2;>
2022-02-22;10:59:59;569,2;;17;-;-;;LB,CT;568,8;569,2;>
2022-02-22;10:59:59;569,2;;28;-;-;;LB,CT;568,8;569,2;>
2022-02-22;10:59:35;569;;68;-;-;OTCN;OB,OF,RPRI,N;568,6;569,4;>
2022-02-22;10:58:25;568;;100;-;-;;LB,CT;567,6;568,4;>
2022-02-22;10:58:10;567,6;;99;-;-;;LB,CT;567,6;568,4;<
2022-02-22;10:58:10;567,6;;12;-;-;;LB,CT;567,6;568,4;<
2022-02-22;10:58:10;567,6;;27;-;-;;LB,CT;567,6;568,4;<
2022-02-22;10:58:06;568,4;;83;-;-;;LB,CT;567,6;568,4;>
2022-02-22;10:57:54;568,2;;86;-;-;;LB,CT;567,6;568;>
2022-02-22;10:57:54;568;;34;-;-;;LB,CT;567,6;568;>
2022-02-22;10:57:49;567,8;;27;-;-;;LB,CT;567,6;568;>
2022-02-22;10:57:43;567,2;;1;-;-;;LB,CT;567,2;567,8;>
2022-02-22;10:57:07;566,2;;20;-;-;;LB,CT;565,8;566,2;>
2022-02-22;10:57:07;566,4;;2;-;-;;LB,CT;565,8;566,2;>
2022-02-22;10:57:07;566,4;;14;-;-;;LB,CT;565,8;566,2;>
2022-02-22;10:57:07;566,4;;18;-;-;;LB,CT;565,8;566,2;>
2022-02-22;10:57:07;566,4;;4;-;-;;LB,CT;565,8;566,2;>
2022-02-22;10:57:07;566,4;;1;-;-;;LB,CT;565,8;566,2;>
2022-02-22;10:57:07;566,2;;20;-;-;;LB,CT;565,8;566,2;>
2022-02-22;10:56:13;566;;100;-;-;;LB,CT;565,6;566,2;<
2022-02-22;10:56:10;566,2;;92;-;-;;LB,CT;566;566,4;<
2022-02-22;10:55:55;566,8;;8;-;-;;LB,CT;566,2;566,8;>
2022-02-22;10:55:36;567;;11;-;-;;LB,CT;566,6;567,4;<
2022-02-22;10:55:29;567,6;;13;-;-;;LB,CT;567;567,8;<
2022-02-22;10:55:29;567,8;;3;-;-;;LB,CT;567;567,8;<
2022-02-22;10:55:27;567,8;;15;-;-;;LB,CT;567,8;568,2;<
2022-02-22;10:55:27;568;;100;-;-;;LB,CT;567,8;568,2;<
2022-02-22;10:55:27;568;;24;-;-;;LB,CT;567,8;568,2;<
2022-02-22;10:55:27;568,6;;63;-;-;;LB,CT;567,8;568,2;>
2022-02-22;10:55:27;568,6;;146;-;-;;LB,CT;567,8;568,2;>
2022-02-22;10:55:27;568,6;;19;-;-;;LB,CT;567,8;568,2;>
2022-02-22;10:55:27;568,4;;16;-;-;;LB,CT;567,8;568,2;>
2022-02-22;10:55:27;568,4;;146;-;-;;LB,CT;567,8;568,2;>
2022-02-22;10:55:27;568,4;;19;-;-;;LB,CT;567,8;568,2;>
2022-02-22;10:55:27;568,2;;28;-;-;;LB,CT;567,8;568,2;>
2022-02-22;10:55:27;568,2;;18;-;-;;LB,CT;567,8;568,2;>
2022-02-22;10:55:27;568,2;;45;-;-;;LB,CT;567,8;568,2;>
2022-02-22;10:55:13;568;;33;-;-;;LB,CT;567,8;568,2;<
2022-02-22;10:55:06;568;;167;-;-;;LB,CT;568,2;568,6;<
2022-02-22;10:55:06;568;;59;-;-;;LB,CT;568,2;568,6;<
2022-02-22;10:55:06;568;;25;-;-;;LB,CT;568,2;568,6;<
2022-02-22;10:55:06;568,2;;16;-;-;;LB,CT;568,2;568,6;<
2022-02-22;10:55:06;568,2;;17;-;-;;LB,CT;568,2;568,6;<
2022-02-22;10:55:06;568,2;;2;-;-;;LB,CT;568,2;568,6;<
2022-02-22;10:54:35;568,4;;163;-;-;;LB,CT;568,4;569,2;<
2022-02-22;10:54:35;568,4;;23;-;-;;LB,CT;568,4;569,2;<
2022-02-22;10:53:54;568,8;;55;-;-;;LB,CT;568,4;569,2;>
2022-02-22;10:53:54;568,8;;99;-;-;;LB,CT;568,4;569,2;>
2022-02-22;10:53:54;568,8;;1;-;-;;LB,CT;568,4;569,2;>
2022-02-22;10:53:50;568,2;;8;-;-;;LB,CT;568,2;568,6;<
2022-02-22;10:53:50;568,4;;24;-;-;;LB,CT;568,8;569,4;<
2022-02-22;10:53:50;568,4;;12;-;-;;LB,CT;568,8;569,4;<
2022-02-22;10:53:50;568,4;;90;-;-;;LB,CT;568,8;569,4;<
2022-02-22;10:53:50;568,4;;100;-;-;;LB,CT;568,8;569,4;<
2022-02-22;10:53:50;568,6;;7;-;-;;LB,CT;568,8;569,4;<
2022-02-22;10:53:50;568,6;;12;-;-;;LB,CT;568,8;569,4;<
2022-02-22;10:53:50;568,6;;200;-;-;;LB,CT;568,8;569,4;<
2022-02-22;10:53:50;568,8;;214;-;-;;LB,CT;568,8;569,4;<
2022-02-22;10:53:30;569,4;;100;-;-;;LB,CT;568,6;569,4;>
2022-02-22;10:53:05;569;;40;-;-;;LB,CT;568,6;569,4;>
2022-02-22;10:53:05;569;;6;-;-;;LB,CT;568,6;569,4;>
2022-02-22;10:53:05;569;;14;-;-;;LB,CT;568,6;569,4;>
2022-02-22;10:53:05;569;;28;-;-;;LB,CT;568,6;569,4;>
2022-02-22;10:53:05;569;;19;-;-;;LB,CT;568,6;569,4;>
2022-02-22;10:52:55;568,8;;27;-;-;;LB,CT;568,6;569;>
2022-02-22;10:52:21;568,8;;5;-;-;;LB,CT;568;568,8;>
2022-02-22;10:51:51;568,2;;12;-;-;;LB,CT;568;568,6;<
2022-02-22;10:51:40;568,4;;8;-;-;;LB,CT;568,2;569;<
2022-02-22;10:51:39;568,8;;167;-;-;;LB,CT;568,8;569,6;<
2022-02-22;10:51:29;569,2;;25;-;-;;LB,CT;569,2;570,2;<
2022-02-22;10:51:29;569,2;;15;-;-;;LB,CT;569,2;570,2;<
2022-02-22;10:51:12;569,8;;33;-;-;;LB,CT;569,2;569,8;>
2022-02-22;10:51:08;569,6;;27;-;-;;LB,CT;569,2;570,2;>
2022-02-22;10:50:52;569;;27;-;-;;LB,CT;568,6;569,4;>
2022-02-22;10:50:52;569;;35;-;-;;LB,CT;568,6;569,4;>
2022-02-22;10:50:52;568,8;;3;-;-;;LB,CT;568,6;569,4;>
2022-02-22;10:50:03;568,4;;35;-;-;;LB,CT;567,8;568,8;>
2022-02-22;10:50:03;568,2;;100;-;-;;LB,CT;567,8;568,8;>
2022-02-22;10:49:27;567,2;;20;-;-;;LB,CT;566,6;567,2;>
2022-02-22;10:49:27;567,2;;3;-;-;;LB,CT;566,6;567,2;>
2022-02-22;10:49:27;567,2;;35;-;-;;LB,CT;566,6;567,2;>
2022-02-22;10:49:27;567,2;;28;-;-;;LB,CT;566,6;567,2;>
2022-02-22;10:49:26;566,6;;10;-;-;;LB,CT;566,6;567,2;<
2022-02-22;10:48:53;567,2;;8;-;-;;LB,CT;566,2;567;>
2022-02-22;10:48:53;567;;17;-;-;;LB,CT;566,2;567;>
2022-02-22;10:48:51;567;;1;-;-;;LB,CT;566,2;567;>
2022-02-22;10:48:51;566,8;;20;-;-;;LB,CT;566,2;567,2;<
2022-02-22;10:48:51;567;;154;-;-;;LB,CT;566,2;567,2;<
2022-02-22;10:48:51;567;;9;-;-;;LB,CT;566,2;567,2;<
2022-02-22;10:48:26;567,6;;2;-;-;STRO;OB,ON,PRIC,ALGO;567;567,8;>
2022-02-22;10:48:26;567,2;;3;-;-;STRO;OB,ON,PRIC,ALGO;567;567,8;>
2022-02-22;10:48:26;567,6;;39;-;-;;LB,CT;566,6;567,6;>
2022-02-22;10:48:26;567;;20;-;-;STRO;OB,ON,PRIC,ALGO;566,6;567,6;<
2022-02-22;10:48:21;566,4;;14;-;-;;LB,CT;566,6;567,6;<
2022-02-22;10:48:21;566,4;;30;-;-;;LB,CT;566,6;567,6;<
2022-02-22;10:48:21;566,6;;51;-;-;;LB,CT;566,6;567,6;<
2022-02-22;10:48:21;566,8;;32;-;-;;LB,CT;566,6;567,6;<
2022-02-22;10:48:16;566,2;;48;-;-;STRO;OB,ON,PRIC,ALGO;566,4;567,2;>
2022-02-22;10:48:16;566,2;;79;-;-;STRO;OB,ON,PRIC,ALGO;566,4;567,2;>
2022-02-22;10:48:16;566,2;;60;-;-;STRO;OB,ON,PRIC,ALGO;566,4;567,2;>
2022-02-22;10:48:16;566,2;;2;-;-;STRO;OB,ON,PRIC,ALGO;566,4;567,2;>
2022-02-22;10:48:16;566,6;;27;-;-;;LB,CT;565,2;566,2;>
2022-02-22;10:48:16;566,6;;28;-;-;;LB,CT;565,2;566,2;>
2022-02-22;10:48:16;567,6;;61;-;-;;LB,CT;565,2;566,2;>
2022-02-22;10:48:16;567,4;;54;-;-;;LB,CT;565,2;566,2;>
2022-02-22;10:48:16;567,4;;238;-;-;;LB,CT;565,2;566,2;>
2022-02-22;10:48:16;567,4;;73;-;-;;LB,CT;565,2;566,2;>
2022-02-22;10:48:16;567,4;;80;-;-;;LB,CT;565,2;566,2;>
2022-02-22;10:48:16;567,2;;46;-;-;;LB,CT;565,2;566,2;>
2022-02-22;10:48:16;567,2;;54;-;-;;LB,CT;565,2;566,2;>
2022-02-22;10:48:16;567,2;;90;-;-;;LB,CT;565,2;566,2;>
2022-02-22;10:48:16;567,2;;100;-;-;;LB,CT;565,2;566,2;>
2022-02-22;10:48:16;567;;73;-;-;;LB,CT;565,2;566,2;>
2022-02-22;10:48:16;566,6;;76;-;-;;LB,CT;565,2;566,2;>
2022-02-22;10:48:16;566,6;;74;-;-;;LB,CT;565,2;566,2;>
2022-02-22;10:48:16;566,6;;6;-;-;;LB,CT;565,2;566,2;>
2022-02-22;10:48:16;566,6;;100;-;-;;LB,CT;565,2;566,2;>
2022-02-22;10:48:16;566,2;;86;-;-;;LB,CT;565,2;566,2;>
2022-02-22;10:48:16;566,2;;100;-;-;;LB,CT;565,2;566,2;>
2022-02-22;10:48:14;565,8;;52;-;-;;LB,CT;565,2;565,8;>
2022-02-22;10:48:14;565,8;;100;-;-;;LB,CT;565,2;565,8;>
2022-02-22;10:47:57;565,8;;214;-;-;CROS;PA,UA;565,4;566,2;
2022-02-22;10:47:57;565,8;;214;-;-;AOD;PA,UA;565,4;566,2;
2022-02-22;10:47:56;565,6;;27;-;-;;LB,CT;565;565,8;>
2022-02-22;10:47:56;565,6;;23;-;-;;LB,CT;565;565,8;>
2022-02-22;10:47:42;565,3;;20;-;-;CROS;PA,UA;565;565,6;
2022-02-22;10:47:42;565,3;;20;-;-;AOD;PA,UA;565;565,6;
2022-02-22;10:46:56;565,4;;28;-;-;;LB,CT;565;565,4;>
2022-02-22;10:46:24;565,2;;27;-;-;;LB,CT;565;565,6;>
2022-02-22;10:46:24;565;;28;-;-;;LB,CT;564,4;565;>
2022-02-22;10:46:09;565;;1;-;-;;LB,CT;564,4;565;>
2022-02-22;10:46:09;565;;27;-;-;;LB,CT;564,4;565;>
2022-02-22;10:46:09;565;;20;-;-;;LB,CT;564,4;565;>
2022-02-22;10:45:57;564,6;;100;-;-;;LB,CT;564,2;565;>
2022-02-22;10:45:55;564,6;;100;-;-;;LB,CT;564,2;565;>
2022-02-22;10:45:39;564,4;;4;-;-;;LB,CT;564;564,6;>
2022-02-22;10:45:37;564,4;;2;-;-;;LB,CT;564;564,6;>
2022-02-22;10:45:35;564,4;;4;-;-;;LB,CT;564;564,6;>
2022-02-22;10:45:35;564,4;;43;-;-;;LB,CT;563,6;564,4;>
2022-02-22;10:44:53;564,4;;84;-;-;;LB,CT;564,4;565;<
2022-02-22;10:44:51;564,6;;77;-;-;;LB,CT;564,6;565;<
2022-02-22;10:44:45;564,8;;16;-;-;;LB,CT;564,8;565,4;<
2022-02-22;10:44:45;564,8;;85;-;-;;LB,CT;564,8;565,4;<
2022-02-22;10:43:39;565,2;;16;-;-;;LB,CT;564,8;565,6;>
2022-02-22;10:43:39;565,2;;13;-;-;;LB,CT;564,8;565,6;>
2022-02-22;10:43:39;565,2;;100;-;-;;LB,CT;564,8;565,6;>
2022-02-22;10:43:39;565;;46;-;-;;LB,CT;564,8;565,2;<
2022-02-22;10:43:39;565;;125;-;-;;LB,CT;564,8;565,2;<
2022-02-22;10:43:39;565;;75;-;-;;LB,CT;564,8;565,2;<
2022-02-22;10:43:05;565,2;;11;-;-;;LB,CT;565,2;565,8;<
2022-02-22;10:43:05;565,2;;28;-;-;;LB,CT;565,2;565,8;<
2022-02-22;10:43:05;565,2;;17;-;-;;LB,CT;565,2;565,8;<
2022-02-22;10:43:05;565,2;;7;-;-;;LB,CT;565,2;565,8;<
2022-02-22;10:43:05;565,2;;5;-;-;;LB,CT;565,2;565,8;<
2022-02-22;10:41:15;565,6;;27;-;-;;LB,CT;565,2;565,8;>
2022-02-22;10:41:05;565,2;;42;-;-;;LB,CT;565,4;565,8;<
2022-02-22;10:41:05;565,2;;42;-;-;;LB,CT;565,4;565,8;<
2022-02-22;10:41:05;565,2;;27;-;-;;LB,CT;565,4;565,8;<
2022-02-22;10:41:05;565,4;;4;-;-;;LB,CT;565,4;565,8;<
2022-02-22;10:39:15;565,6;;4;-;-;STRO;OB,ON,PRIC,ALGO;565,2;566;>
2022-02-22;10:38:48;565,8;;20;-;-;;LB,CT;565,6;566,4;>
2022-02-22;10:38:42;565,8;;28;-;-;;LB,CT;565,2;565,8;>
2022-02-22;10:38:42;565,8;;20;-;-;;LB,CT;565,2;565,8;>
2022-02-22;10:38:29;565,4;;21;-;-;;LB,CT;565,2;565,8;<
2022-02-22;10:38:29;565,4;;6;-;-;;LB,CT;565,2;565,8;<
2022-02-22;10:38:02;565,4;;100;-;-;;LB,CT;565,4;566;<
2022-02-22;10:38:02;565,4;;23;-;-;;LB,CT;565,4;566;<
2022-02-22;10:37:14;566,2;;20;-;-;;LB,CT;565,6;566,6;>
2022-02-22;10:37:14;566;;36;-;-;;LB,CT;565,4;566;>
2022-02-22;10:37:14;566;;73;-;-;;LB,CT;565,4;566;>
2022-02-22;10:36:36;565,8;;100;-;-;;LB,CT;565,6;566,2;>
2022-02-22;10:36:23;566;;1;-;-;STRO;OB,ON,PRIC,ALGO;565,4;566,2;>
2022-02-22;10:36:07;565,6;;4;-;-;;LB,CT;565,4;565,6;>
2022-02-22;10:35:55;566,2;;1;-;-;;LB,CT;565,6;566,2;>
2022-02-22;10:35:47;565,6;;50;-;-;;LB,CT;565,8;566,4;<
2022-02-22;10:35:47;565,6;;79;-;-;;LB,CT;565,8;566,4;<
2022-02-22;10:35:47;565,8;;19;-;-;;LB,CT;565,8;566,4;<
2022-02-22;10:35:47;565,8;;29;-;-;;LB,CT;565,8;566,4;<
2022-02-22;10:35:21;566,2;;12;-;-;;LB,CT;566;566,6;<
2022-02-22;10:35:13;566,5;;182;-;-;CROS;PA,UA;566,2;567,2;
2022-02-22;10:35:13;566,5;;182;-;-;AOD;PA,UA;566,2;566,8;
2022-02-22;10:35:04;566,4;;29;-;-;;LB,CT;565,6;566,4;>
2022-02-22;10:34:54;566;;12;-;-;;LB,CT;565,6;566,8;>
2022-02-22;10:34:54;566;;68;-;-;;LB,CT;565,6;566,8;>
2022-02-22;10:34:54;566;;29;-;-;;LB,CT;565,6;566,8;>
2022-02-22;10:34:54;565,7;;5;-;-;CROS;PA,UA;565,4;566;
2022-02-22;10:34:54;565,7;;5;-;-;AOD;PA,UA;565,4;566;
2022-02-22;10:34:52;565,6;;64;-;-;;LB,CT;565,4;566;<
2022-02-22;10:34:52;565,6;;100;-;-;;LB,CT;565,4;566;<
2022-02-22;10:34:52;565,8;;336;-;-;;LB,CT;565,4;566;<
2022-02-22;10:34:52;565,8;;72;-;-;;LB,CT;565,4;566;<
2022-02-22;10:34:15;566;;4;-;-;;LB,CT;565,6;566;>
2022-02-22;10:34:08;565,8;;19;-;-;;LB,CT;566;566,4;<
2022-02-22;10:34:08;566;;19;-;-;;LB,CT;566;566,4;<
2022-02-22;10:33:06;566;;23;-;-;;LB,CT;565,6;566,6;>
2022-02-22;10:32:20;565,8;;100;-;-;;LB,CT;565,2;565,8;>
2022-02-22;10:32:02;565,8;;20;-;-;;LB,CT;565,2;565,8;>
2022-02-22;10:32:02;565,6;;31;-;-;;LB,CT;565,2;565,8;>
2022-02-22;10:32:02;565,6;;38;-;-;;LB,CT;565,2;565,8;>
2022-02-22;10:31:59;565,4;;31;-;-;;LB,CT;565;565,6;<
2022-02-22;10:31:59;565,4;;4;-;-;;LB,CT;565;565,6;<
2022-02-22;10:31:59;565,4;;26;-;-;;LB,CT;565;565,6;<
2022-02-22;10:31:51;566,2;;1;-;-;;LB,CT;565,2;566,2;>
2022-02-22;10:31:33;566,6;;8;-;-;;LB,CT;565,8;566,6;>
2022-02-22;10:30:50;567;;37;-;-;;LB,CT;566,6;567,4;>
2022-02-22;10:30:50;566,8;;3;-;-;;LB,CT;566,6;567,4;<
2022-02-22;10:30:48;567,4;;30;-;-;;LB,CT;567,6;568;<
2022-02-22;10:30:48;567,6;;18;-;-;;LB,CT;567,6;568;<
2022-02-22;10:30:48;567,6;;35;-;-;;LB,CT;567,6;568;<
2022-02-22;10:30:48;567,6;;100;-;-;;LB,CT;567,6;568;<
2022-02-22;10:30:13;568;;208;-;-;CROS;PA,UA;567,6;568,4;
2022-02-22;10:30:13;568;;208;-;-;AOD;PA,UA;567,6;568,4;
2022-02-22;10:30:02;567,9;;11;-;-;CROS;PA,UA;567,6;568,2;
2022-02-22;10:30:02;567,9;;11;-;-;AOD;PA,UA;567,6;568,2;
2022-02-22;10:29:36;568,2;;29;-;-;;LB,CT;567,6;568,2;>
2022-02-22;10:29:26;567,6;;18;-;-;;LB,CT;567,6;568;<
2022-02-22;10:29:26;567,6;;37;-;-;;LB,CT;567,6;568;<
2022-02-22;10:29:26;567,8;;35;-;-;;LB,CT;567,6;568;<
2022-02-22;10:29:26;567,8;;21;-;-;;LB,CT;567,6;568;<
2022-02-22;10:29:26;567,8;;1;-;-;;LB,CT;567,6;568;<
2022-02-22;10:29:11;568,2;;86;-;-;;LB,CT;567,6;568,4;>
2022-02-22;10:29:11;568,2;;25;-;-;;LB,CT;567,6;568,4;>
2022-02-22;10:29:11;568,2;;3;-;-;;LB,CT;567,6;568,4;>
2022-02-22;10:29:11;568,2;;4;-;-;;LB,CT;567,6;568,4;>
2022-02-22;10:29:11;568,2;;9;-;-;;LB,CT;567,6;568,4;>
2022-02-22;10:29:11;568,2;;2;-;-;;LB,CT;567,6;568,4;>
2022-02-22;10:29:11;568,2;;1;-;-;;LB,CT;567,6;568,4;>
2022-02-22;10:29:11;568;;17;-;-;;LB,CT;567,6;568,4;>
2022-02-22;10:29:11;568;;23;-;-;;LB,CT;567,6;568,4;>
2022-02-22;10:29:11;567,8;;1;-;-;;LB,CT;567,6;568,4;>
2022-02-22;10:28:52;567,6;;100;-;-;;LB,CT;567,6;568;<
2022-02-22;10:28:39;567,4;;20;-;-;;LB,CT;567,4;568;<
2022-02-22;10:28:39;567,2;;47;-;-;;LB,CT;567,4;568;<
2022-02-22;10:28:39;567,2;;18;-;-;;LB,CT;567,4;568;<
2022-02-22;10:28:39;567,2;;100;-;-;;LB,CT;567,4;568;<
2022-02-22;10:28:39;567,8;;27;-;-;;LB,CT;567,4;568;>
2022-02-22;10:28:39;567,2;;25;-;-;;LB,CT;567,4;568;>
2022-02-22;10:28:39;567,2;;200;-;-;;LB,CT;567,4;568;>
2022-02-22;10:28:39;567,2;;75;-;-;STRO;OB,ON,PRIC,ALGO;567,4;568;<
2022-02-22;10:28:39;567;;35;-;-;;LB,CT;567,2;568;<
2022-02-22;10:28:39;567;;16;-;-;;LB,CT;567,2;568;<
2022-02-22;10:28:39;567;;2;-;-;;LB,CT;567,2;568;<
2022-02-22;10:28:39;567,2;;100;-;-;;LB,CT;567,2;568;<
2022-02-22;10:28:26;567,6;;35;-;-;;LB,CT;567,2;567,8;<
2022-02-22;10:28:26;567,6;;43;-;-;;LB,CT;567,2;567,8;<
2022-02-22;10:28:26;567,6;;100;-;-;;LB,CT;567,2;567,8;<
2022-02-22;10:28:10;567,4;;12;-;-;;LB,CT;567,4;568,2;<
2022-02-22;10:28:10;567,4;;31;-;-;;LB,CT;567,4;568,2;<
2022-02-22;10:28:10;567,4;;100;-;-;;LB,CT;567,4;568,2;<
2022-02-22;10:28:10;567,8;;48;-;-;;LB,CT;567,4;568,2;>
2022-02-22;10:28:08;567,2;;18;-;-;;LB,CT;567;567,8;<
2022-02-22;10:28:08;567,2;;1;-;-;STRO;OB,ON,PRIC,ALGO;567;567,8;>
2022-02-22;10:28:08;567,2;;26;-;-;STRO;OB,ON,PRIC,ALGO;567;567,8;>
2022-02-22;10:28:08;567,2;;317;-;-;;LB,CT;567;567,8;>
2022-02-22;10:28:08;567,2;;56;-;-;;LB,CT;567;567,8;>
2022-02-22;10:27:51;567,8;;1;-;-;;LB,CT;567,2;568,2;>
2022-02-22;10:27:30;568;;14;-;-;STRO;OB,ON,PRIC,ALGO;567,4;568,2;>
2022-02-22;10:27:30;568;;16;-;-;;LB,CT;567,2;568;>
2022-02-22;10:27:05;567,6;;100;-;-;;LB,CT;567,2;568,4;<
2022-02-22;10:27:02;567,6;;20;-;-;;LB,CT;567,2;568;>
2022-02-22;10:27:02;567,6;;1;-;-;;LB,CT;567,2;568;>
2022-02-22;10:26:08;568;;35;-;-;;LB,CT;567,6;568,2;<
2022-02-22;10:26:08;568;;3;-;-;;LB,CT;567,6;568,2;<
2022-02-22;10:26:08;568;;11;-;-;;LB,CT;567,6;568,2;<
2022-02-22;10:25:51;568,4;;36;-;-;;LB,CT;568,4;569;<
2022-02-22;10:25:51;568,4;;2;-;-;;LB,CT;568,4;569;<
2022-02-22;10:25:40;568,6;;19;-;-;;LB,CT;568,4;569;<
2022-02-22;10:25:40;568,6;;100;-;-;;LB,CT;568,4;569;<
2022-02-22;10:25:38;569,2;;4;-;-;;LB,CT;568,4;569;>
2022-02-22;10:25:38;569,2;;16;-;-;;LB,CT;568,4;569;>
2022-02-22;10:25:38;569;;100;-;-;;LB,CT;568,4;569;>
2022-02-22;10:24:59;569;;20;-;-;;LB,CT;568,6;569,6;>
2022-02-22;10:24:59;569;;18;-;-;;LB,CT;568,6;569,6;>
2022-02-22;10:24:59;569;;4;-;-;;LB,CT;568,6;569,6;>
2022-02-22;10:24:36;569;;60;-;-;;LB,CT;568,6;569,4;<
2022-02-22;10:24:14;569,6;;80;-;-;;LB,CT;570;570,4;<
2022-02-22;10:24:14;570;;6;-;-;;LB,CT;570;570,4;<
2022-02-22;10:24:06;570,4;;3;-;-;;LB,CT;570;570,6;>
2022-02-22;10:24:03;570,4;;9;-;-;;LB,CT;570;570,6;<
2022-02-22;10:23:53;570,6;;100;-;-;;LB,CT;570,8;571,4;<
2022-02-22;10:23:53;570,8;;24;-;-;;LB,CT;570,8;571,4;<
2022-02-22;10:21:50;571,2;;20;-;-;;LB,CT;570,4;571,2;>
2022-02-22;10:21:36;571,4;;25;-;-;;LB,CT;570,6;571,4;>
2022-02-22;10:21:36;571,4;;30;-;-;;LB,CT;570,6;571,4;>
2022-02-22;10:21:31;571;;100;-;-;;LB,CT;570,6;571,4;<
2022-02-22;10:21:31;571,6;;16;-;-;;LB,CT;570,6;571,4;<
2022-02-22;10:21:01;572,4;;6;-;-;;LB,CT;572,2;572,8;<
2022-02-22;10:21:01;572,4;;11;-;-;;LB,CT;572,2;572,8;<
2022-02-22;10:21:01;572,6;;20;-;-;;LB,CT;572,4;573,2;<
2022-02-22;10:21:01;572,6;;17;-;-;;LB,CT;572,4;573,2;<
2022-02-22;10:21:00;572,8;;9;-;-;;LB,CT;572,6;573,2;<
2022-02-22;10:21:00;572,8;;9;-;-;;LB,CT;572,6;573,2;<
2022-02-22;10:21:00;572,8;;6;-;-;;LB,CT;572,6;573,2;<
2022-02-22;10:20:23;573;;24;-;-;;LB,CT;572,6;573,4;>
2022-02-22;10:20:23;572,8;;94;-;-;;LB,CT;572,6;573,4;<
2022-02-22;10:20:23;572,8;;190;-;-;;LB,CT;572,6;573,4;<
2022-02-22;10:20:23;572,8;;17;-;-;;LB,CT;572,6;573,4;<
2022-02-22;10:19:30;571,8;;62;-;-;;LB,CT;571;571,8;>
2022-02-22;10:19:22;571,2;;28;-;-;;LB,CT;570,6;571,2;>
2022-02-22;10:19:22;571,2;;26;-;-;;LB,CT;570,6;571,2;>
2022-02-22;10:19:16;571;;2;-;-;;LB,CT;570,6;571,4;>
2022-02-22;10:19:14;570,8;;15;-;-;;LB,CT;570,2;571;>
2022-02-22;10:19:14;570,8;;82;-;-;;LB,CT;570,2;571;>
2022-02-22;10:19:14;570,8;;24;-;-;;LB,CT;570,2;571;>
2022-02-22;10:19:14;570,2;;100;-;-;;LB,CT;570,2;571;<
2022-02-22;10:19:13;570,8;;100;-;-;;LB,CT;570,2;571;>
2022-02-22;10:19:01;570,2;;12;-;-;;LB,CT;570;570,8;<
2022-02-22;10:18:59;570,4;;16;-;-;;LB,CT;570,4;571;<
2022-02-22;10:18:59;570,4;;60;-;-;;LB,CT;570,4;571;<
2022-02-22;10:18:59;570,4;;40;-;-;;LB,CT;570,4;571;<
2022-02-22;10:18:38;570,6;;19;-;-;;LB,CT;570,6;571;<
2022-02-22;10:18:27;571;;28;-;-;;LB,CT;570,6;571;>
2022-02-22;10:18:27;571;;28;-;-;;LB,CT;570,6;571;>
2022-02-22;10:16:41;570,8;;28;-;-;;LB,CT;570,6;571,4;>
2022-02-22;10:16:41;570,8;;1;-;-;;LB,CT;570,6;571,4;>
2022-02-22;10:16:03;570,2;;82;-;-;;LB,CT;570,6;571,6;<
2022-02-22;10:16:02;570,4;;14;-;-;;LB,CT;570,6;571,6;<
2022-02-22;10:16:02;570,6;;14;-;-;;LB,CT;570,6;571,6;<
2022-02-22;10:15:51;571;;11;-;-;;LB,CT;570,6;571,6;>
2022-02-22;10:15:51;571;;18;-;-;;LB,CT;570,6;571,6;>
2022-02-22;10:14:04;570,8;;20;-;-;;LB,CT;570,2;570,8;>
2022-02-22;10:14:04;570,8;;20;-;-;;LB,CT;570,2;570,8;>
2022-02-22;10:13:59;570,6;;67;-;-;;LB,CT;570;570,6;>
2022-02-22;10:13:52;570,4;;100;-;-;;LB,CT;570;570,4;>
2022-02-22;10:13:49;570,2;;22;-;-;;LB,CT;570,2;570,6;<
2022-02-22;10:13:27;570,8;;1;-;-;;LB,CT;570;570,8;>
2022-02-22;10:13:27;570,6;;15;-;-;;LB,CT;570,6;571,2;<
2022-02-22;10:13:02;570,8;;14;-;-;;LB,CT;570,6;571,2;<
2022-02-22;10:13:02;570,8;;15;-;-;;LB,CT;570,6;571,2;<
2022-02-22;10:13:02;571;;7;-;-;;LB,CT;570,6;571,2;<
2022-02-22;10:13:02;571;;2;-;-;;LB,CT;570,6;571,2;<
2022-02-22;10:12:37;571,6;;28;-;-;;LB,CT;571,2;572;>
2022-02-22;10:12:37;571,6;;26;-;-;;LB,CT;571,2;572;>
2022-02-22;10:12:27;571,4;;20;-;-;;LB,CT;570,6;571,4;>
2022-02-22;10:12:25;571,2;;28;-;-;;LB,CT;570,6;571,2;>
2022-02-22;10:12:25;571,2;;44;-;-;;LB,CT;570,6;571,2;>
2022-02-22;10:12:25;571,2;;38;-;-;;LB,CT;570,6;571,2;>
2022-02-22;10:12:02;570,7;;11;-;-;CROS;PA,UA;570,2;571,2;
2022-02-22;10:12:02;570,7;;11;-;-;AOD;PA,UA;570,2;571,2;
2022-02-22;10:11:18;572;;10;-;-;;LB,CT;572;572,6;<
2022-02-22;10:10:46;572,4;;88;-;-;;LB,CT;572,4;573,2;<
2022-02-22;10:10:44;573,2;;13;-;-;;LB,CT;572,4;573,2;>
2022-02-22;10:10:43;572,4;;15;-;-;;LB,CT;572,6;573,4;<
2022-02-22;10:10:40;572,9;;6;-;-;CROS;PA,UA;572,6;573,4;
2022-02-22;10:10:40;572,9;;6;-;-;AOD;PA,UA;572,6;573,4;
2022-02-22;10:10:03;572,8;;8;-;-;;LB,CT;572,4;573,2;>
2022-02-22;10:10:03;572,8;;20;-;-;;LB,CT;572,4;573,2;>
2022-02-22;10:10:03;572,8;;100;-;-;;LB,CT;572,4;573,2;>
2022-02-22;10:09:14;570,6;;98;-;-;;LB,CT;570;570,6;>
2022-02-22;10:09:14;570,6;;54;-;-;;LB,CT;570;570,6;>
2022-02-22;10:09:14;570,2;;20;-;-;;LB,CT;570;570,6;<
2022-02-22;10:09:14;570,2;;2;-;-;;LB,CT;570;570,6;<
2022-02-22;10:09:13;570,6;;16;-;-;;LB,CT;570,6;571,2;<
2022-02-22;10:09:13;570,6;;12;-;-;;LB,CT;570,6;571,2;<
2022-02-22;10:08:44;571,2;;17;-;-;;LB,CT;570,6;571,2;>
2022-02-22;10:08:10;571,2;;7;-;-;STRO;OB,ON,PRIC,ALGO;571;571,6;>
2022-02-22;10:07:59;572,2;;39;-;-;;LB,CT;571,8;572,2;>
2022-02-22;10:07:51;572,4;;28;-;-;;LB,CT;571,8;572,6;>
2022-02-22;10:07:50;572;;28;-;-;;LB,CT;571,2;572;>
2022-02-22;10:07:13;571,4;;27;-;-;;LB,CT;571;572,2;>
2022-02-22;10:07:13;571,4;;26;-;-;;LB,CT;571;572,2;>
2022-02-22;10:07:06;571;;20;-;-;;LB,CT;570,2;571;>
2022-02-22;10:07:06;571;;34;-;-;;LB,CT;570,2;571;>
2022-02-22;10:07:06;571;;31;-;-;;LB,CT;570,2;571;>
2022-02-22;10:05:42;572;;64;-;-;;LB,CT;572;572,8;<
2022-02-22;10:05:42;572;;20;-;-;;LB,CT;572;572,8;<
2022-02-22;10:05:32;572,4;;7;-;-;;LB,CT;572;572,8;<
2022-02-22;10:05:21;572,2;;400;-;-;;LB,CT;572;573;>
2022-02-22;10:05:21;572,2;;100;-;-;;LB,CT;572;573;<
2022-02-22;10:04:00;574,4;;8;-;-;;LB,CT;573,8;574,6;<
2022-02-22;10:03:51;575,2;;74;-;-;;LB,CT;574,6;575,4;>
2022-02-22;10:03:51;575;;20;-;-;;LB,CT;574,6;575,4;<
2022-02-22;10:03:51;575;;17;-;-;;LB,CT;574,6;575,4;<
2022-02-22;10:03:47;575,4;;100;-;-;;LB,CT;575;575,6;<
2022-02-22;10:03:39;575,6;;32;-;-;;LB,CT;575,4;576;<
2022-02-22;10:03:39;575,6;;64;-;-;;LB,CT;575,4;576,4;<
2022-02-22;10:03:35;575,2;;28;-;-;;LB,CT;574,6;575,2;>
2022-02-22;10:03:35;575;;28;-;-;;LB,CT;574,6;575,2;>
2022-02-22;10:03:35;574,6;;90;-;-;;LB,CT;574,6;575,2;<
2022-02-22;10:03:35;574,8;;24;-;-;;LB,CT;574,6;575,2;<
2022-02-22;10:03:35;575,2;;84;-;-;;LB,CT;574,6;575,2;>
2022-02-22;10:03:35;575,2;;47;-;-;;LB,CT;574,6;575,2;>
2022-02-22;10:03:35;575,2;;18;-;-;;LB,CT;574,6;575,2;>
2022-02-22;10:03:35;575;;25;-;-;;LB,CT;574,6;575,2;>
2022-02-22;10:03:35;574,4;;28;-;-;;LB,CT;574,6;575,2;>
2022-02-22;10:03:35;575;;25;-;-;;LB,CT;574,6;575,2;>
2022-02-22;10:03:35;574,6;;100;-;-;;LB,CT;574,6;575,2;>
2022-02-22;10:03:21;574;;1;-;-;;LB,CT;574;574,6;<
2022-02-22;10:03:13;573,6;;26;-;-;;LB,CT;572,8;573,4;>
2022-02-22;10:03:13;573,6;;2;-;-;;LB,CT;572,8;573,4;>
2022-02-22;10:03:13;573,4;;27;-;-;;LB,CT;572,8;573,4;>
2022-02-22;10:03:13;573,4;;100;-;-;;LB,CT;572,8;573,4;>
2022-02-22;10:02:44;572,8;;18;-;-;;LB,CT;572,8;573,6;<
2022-02-22;10:02:44;572,8;;60;-;-;;LB,CT;572,8;573,6;<
2022-02-22;10:02:44;572,8;;40;-;-;;LB,CT;572,8;573,6;<
2022-02-22;10:02:40;573;;27;-;-;;LB,CT;572,8;573,6;>
2022-02-22;10:02:40;573,2;;35;-;-;;LB,CT;572,8;573,6;>
2022-02-22;10:02:40;573,2;;7;-;-;;LB,CT;572,8;573,6;>
2022-02-22;10:02:40;573;;18;-;-;;LB,CT;572,8;573,6;>
2022-02-22;10:02:07;572,8;;13;-;-;;LB,CT;572,8;573,2;<
2022-02-22;10:02:06;573;;3;-;-;;LB,CT;573;573,4;<
2022-02-22;10:01:19;573,4;;16;-;-;;LB,CT;573,2;573,8;<
2022-02-22;10:01:19;573,4;;63;-;-;;LB,CT;573,2;573,8;<
2022-02-22;10:01:19;573,8;;5;-;-;;LB,CT;573,2;573,8;<
2022-02-22;10:01:19;573,8;;13;-;-;;LB,CT;573,2;573,8;<
2022-02-22;10:01:19;573,8;;100;-;-;;LB,CT;573,2;573,8;<
2022-02-22;10:01:11;574;;100;-;-;;LB,CT;573,8;574,4;<
2022-02-22;10:00:51;573,7;;2;-;-;CROS;PA,UA;573,2;574,2;
2022-02-22;10:00:51;573,7;;2;-;-;AOD;PA,UA;573,2;574,2;
2022-02-22;10:00:51;574,2;;24;-;-;;LB,CT;573,2;574,2;>
2022-02-22;10:00:51;574,2;;100;-;-;;LB,CT;573,2;574,2;>
2022-02-22;10:00:51;573,2;;20;-;-;;LB,CT;573,6;575;<
2022-02-22;10:00:51;573,2;;163;-;-;;LB,CT;573,6;575;<
2022-02-22;10:00:51;573,2;;19;-;-;;LB,CT;573,6;575;<
2022-02-22;10:00:51;573,4;;90;-;-;;LB,CT;573,6;575;<
2022-02-22;10:00:51;573,4;;20;-;-;;LB,CT;573,6;575;<
2022-02-22;10:00:51;573,4;;29;-;-;;LB,CT;573,6;575;<
2022-02-22;10:00:51;573,6;;100;-;-;;LB,CT;573,6;575;<
2022-02-22;10:00:43;574,4;;26;-;-;;LB,CT;573,6;575;>
2022-02-22;10:00:43;574,4;;20;-;-;;LB,CT;573,6;575;>
2022-02-22;10:00:13;573,6;;10;-;-;;LB,CT;573,8;574,4;<
2022-02-22;10:00:13;573,6;;15;-;-;;LB,CT;573,8;574,4;<
2022-02-22;10:00:13;573,8;;19;-;-;;LB,CT;573,8;574,4;<
2022-02-22;09:59:44;573,8;;21;-;-;;LB,CT;573,2;573,8;>
2022-02-22;09:59:44;573,8;;25;-;-;;LB,CT;573,2;573,8;>
2022-02-22;09:59:23;573;;16;-;-;;LB,CT;573;573,8;<
2022-02-22;09:59:14;573;;10;-;-;;LB,CT;572,8;573,8;<
2022-02-22;09:59:14;573;;20;-;-;;LB,CT;572,8;573,8;<
2022-02-22;09:59:14;573,4;;75;-;-;;LB,CT;573,6;574,2;<
2022-02-22;09:59:14;573,4;;10;-;-;;LB,CT;573,6;574,2;<
2022-02-22;09:59:14;573,4;;20;-;-;;LB,CT;573,6;574,2;<
2022-02-22;09:59:14;573,6;;5;-;-;;LB,CT;573,6;574,2;<
2022-02-22;09:59:11;573,8;;24;-;-;;LB,CT;573,6;574,6;<
2022-02-22;09:59:11;574,8;;30;-;-;;LB,CT;573,6;574,6;>
2022-02-22;09:59:11;574,8;;155;-;-;;LB,CT;573,6;574,6;>
2022-02-22;09:59:11;574,6;;100;-;-;;LB,CT;573,6;574,6;>
2022-02-22;09:59:11;574,2;;16;-;-;;LB,CT;573,6;574,6;>
2022-02-22;09:59:11;574,2;;99;-;-;;LB,CT;573,6;574,6;>
2022-02-22;09:59:03;574,2;;1;-;-;;LB,CT;573,6;574,2;>
2022-02-22;09:59:00;573,6;;3;-;-;;LB,CT;573,6;574,2;<
2022-02-22;09:59:00;573,6;;1;-;-;;LB,CT;573,6;574,2;<
2022-02-22;09:58:52;573,6;;74;-;-;;LB,CT;573,4;574,2;<
2022-02-22;09:58:24;572,6;;27;-;-;;LB,CT;572,6;573,2;<
2022-02-22;09:58:24;572,6;;27;-;-;;LB,CT;572,6;573,2;<
2022-02-22;09:58:20;572;;77;-;-;;LB,CT;571,6;572,8;>
2022-02-22;09:58:20;571,8;;27;-;-;;LB,CT;571,6;572,8;>
2022-02-22;09:58:20;571,8;;1;-;-;;LB,CT;571,6;572,8;>
2022-02-22;09:58:17;571,6;;20;-;-;;LB,CT;570,8;571,6;>
2022-02-22;09:57:48;571;;20;-;-;;LB,CT;570,6;571,6;>
2022-02-22;09:57:16;570,6;;17;-;-;;LB,CT;570,2;571;<
2022-02-22;09:57:16;570,6;;20;-;-;;LB,CT;570,2;571;<
2022-02-22;09:57:16;570,8;;153;-;-;;LB,CT;570,2;571;<
2022-02-22;09:57:16;570,8;;21;-;-;;LB,CT;570,2;571;<
2022-02-22;09:57:16;570,8;;4;-;-;;LB,CT;570,2;571;<
2022-02-22;09:57:16;570,8;;96;-;-;;LB,CT;570,2;571;<
2022-02-22;09:57:15;571,2;;11;-;-;CROS;PA,UA;570,8;571,6;
2022-02-22;09:57:15;571,2;;11;-;-;AOD;PA,UA;570,8;571,6;
2022-02-22;09:57:14;571,2;;100;-;-;;LB,CT;570,8;571,6;<
2022-02-22;09:57:14;571,6;;100;-;-;;LB,CT;570,8;571,6;>
2022-02-22;09:57:14;571;;90;-;-;;LB,CT;570,8;571,6;<
2022-02-22;09:57:14;571;;10;-;-;;LB,CT;570,8;571,6;<
2022-02-22;09:57:14;571,2;;6;-;-;;LB,CT;570,8;571,6;<
2022-02-22;09:57:14;571,2;;100;-;-;;LB,CT;570,8;571,6;<
2022-02-22;09:57:14;571,4;;21;-;-;;LB,CT;570,8;571,6;<
2022-02-22;09:57:14;571,4;;160;-;-;;LB,CT;570,8;571,6;<
2022-02-22;09:56:48;571,6;;23;-;-;;LB,CT;571,4;571,8;>
2022-02-22;09:56:42;571;;11;-;-;;LB,CT;571;571,6;<
2022-02-22;09:56:31;571,6;;48;-;-;;LB,CT;571,2;571,8;>
2022-02-22;09:56:27;571,8;;27;-;-;;LB,CT;571,2;572,2;>
2022-02-22;09:56:13;571,4;;17;-;-;;LB,CT;570,8;571,8;>
2022-02-22;09:56:13;571,4;;20;-;-;;LB,CT;570,8;571,8;>
2022-02-22;09:56:13;571,4;;25;-;-;;LB,CT;570,8;571,8;>
2022-02-22;09:56:13;571,4;;25;-;-;;LB,CT;570,8;571,8;>
2022-02-22;09:54:57;571;;156;-;-;CROS;PA,UA;570,6;571,4;
2022-02-22;09:54:57;571;;156;-;-;AOD;PA,UA;570,6;571,4;
2022-02-22;09:54:33;570,8;;20;-;-;;LB,CT;570,4;571,2;<
2022-02-22;09:54:26;571;;20;-;-;;LB,CT;571;571,8;<
2022-02-22;09:54:26;571;;100;-;-;;LB,CT;571;571,8;<
2022-02-22;09:54:21;571,4;;20;-;-;;LB,CT;571;571,8;<
2022-02-22;09:54:16;572;;45;-;-;;LB,CT;572;572,6;<
2022-02-22;09:54:04;572,6;;5;-;-;;LB,CT;572,8;573,2;<
2022-02-22;09:54:04;572,8;;3;-;-;;LB,CT;572,8;573,2;<
2022-02-22;09:54:00;572,6;;13;-;-;;LB,CT;572,6;573,2;<
2022-02-22;09:53:43;573,2;;8;-;-;;LB,CT;572,6;573,2;>
2022-02-22;09:53:30;573,6;;71;-;-;;LB,CT;573;573,6;>
2022-02-22;09:53:30;573,6;;20;-;-;;LB,CT;573;573,6;>
2022-02-22;09:53:23;573,2;;84;-;-;;LB,CT;572,6;573,2;>
2022-02-22;09:53:23;573,2;;58;-;-;;LB,CT;572,6;573,2;>
2022-02-22;09:53:23;573,2;;42;-;-;;LB,CT;572,6;573,2;>
2022-02-22;09:52:53;573,2;;29;-;-;;LB,CT;572,8;573,6;<
2022-02-22;09:52:53;573,2;;2;-;-;;LB,CT;572,8;573,6;<
2022-02-22;09:52:53;573,2;;16;-;-;;LB,CT;573,4;574,2;<
2022-02-22;09:52:53;573,4;;48;-;-;;LB,CT;573,4;574,2;<
2022-02-22;09:52:53;573,4;;18;-;-;;LB,CT;573,4;574,2;<
2022-02-22;09:52:30;573,8;;24;-;-;STRO;OB,ON,PRIC,ALGO;572,8;573,6;>
2022-02-22;09:52:30;573,8;;126;-;-;;LB,CT;572,8;573,6;>
2022-02-22;09:52:30;573,6;;100;-;-;;LB,CT;572,8;573,6;>
2022-02-22;09:52:28;573,4;;18;-;-;;LB,CT;572,8;573,6;<
2022-02-22;09:52:24;573,8;;28;-;-;;LB,CT;573;573,8;>
2022-02-22;09:51:24;572,2;;60;-;-;;LB,CT;571,2;572,2;>
2022-02-22;09:51:17;571,8;;96;-;-;;LB,CT;571,4;572,2;>
2022-02-22;09:51:17;571,8;;29;-;-;;LB,CT;571,4;572,2;>
2022-02-22;09:51:15;571,4;;29;-;-;;LB,CT;571;572,2;>
2022-02-22;09:51:15;571,4;;18;-;-;;LB,CT;571;572,2;>
2022-02-22;09:51:15;571,4;;25;-;-;;LB,CT;571;572,2;>
2022-02-22;09:50:48;571;;27;-;-;;LB,CT;570,6;571,4;>
2022-02-22;09:50:37;570,6;;20;-;-;;LB,CT;570,6;571;<
2022-02-22;09:50:37;570,6;;6;-;-;;LB,CT;570,6;571;<
2022-02-22;09:50:08;571;;17;-;-;;LB,CT;571;571,6;<
2022-02-22;09:49:38;570,5;;130;-;-;CROS;PA,UA;570,2;571;
2022-02-22;09:49:38;570,5;;130;-;-;AOD;PA,UA;570,2;571;
2022-02-22;09:49:27;570,2;;80;-;-;;LB,CT;570;570,4;>
2022-02-22;09:49:27;570;;10;-;-;;LB,CT;570;570,4;<
2022-02-22;09:49:07;570,6;;27;-;-;;LB,CT;570;570,6;>
2022-02-22;09:48:39;570;;64;-;-;;LB,CT;569,4;570;>
2022-02-22;09:48:39;570;;27;-;-;;LB,CT;569,4;570;>
2022-02-22;09:48:39;570;;60;-;-;;LB,CT;569,4;570;>
2022-02-22;09:48:39;570;;100;-;-;;LB,CT;569,4;570;>
2022-02-22;09:48:31;570;;255;-;-;;LB,CT;570,2;570,6;<
2022-02-22;09:48:31;570,2;;76;-;-;;LB,CT;570,2;570,6;>
2022-02-22;09:48:31;570,2;;2;-;-;;LB,CT;570,2;570,6;<
2022-02-22;09:48:31;570,2;;4;-;-;;LB,CT;570,2;570,6;<
2022-02-22;09:48:20;570,4;;28;-;-;;LB,CT;570,2;571;>
2022-02-22;09:48:18;570,4;;1;-;-;;LB,CT;569,4;570,4;>
2022-02-22;09:47:41;570,2;;2;-;-;;LB,CT;569,4;570,2;>
2022-02-22;09:47:23;570,2;;21;-;-;;LB,CT;570,4;570,8;<
2022-02-22;09:47:23;570,4;;172;-;-;;LB,CT;570,4;570,8;<
2022-02-22;09:47:08;570,8;;20;-;-;;LB,CT;570,6;571,2;>
2022-02-22;09:47:08;570,8;;20;-;-;;LB,CT;570,6;571,2;>
2022-02-22;09:46:56;570,6;;100;-;-;;LB,CT;569,8;570,4;>
2022-02-22;09:46:56;570,4;;28;-;-;;LB,CT;569,8;570,4;>
2022-02-22;09:46:30;570,2;;5;-;-;;LB,CT;570,2;571,2;<
2022-02-22;09:46:30;570,4;;24;-;-;;LB,CT;570,2;571,2;>
2022-02-22;09:46:10;571;;19;-;-;;LB,CT;571;571,6;<
2022-02-22;09:46:10;571;;32;-;-;;LB,CT;571;571,6;<
2022-02-22;09:45:58;571,4;;70;-;-;;LB,CT;571;571,6;>
2022-02-22;09:45:58;571,2;;24;-;-;;LB,CT;571,2;571,8;<
2022-02-22;09:45:58;571,2;;29;-;-;;LB,CT;571,2;571,8;<
2022-02-22;09:45:30;571,6;;104;-;-;CROS;PA,UA;571,2;572;
2022-02-22;09:45:30;571,6;;104;-;-;AOD;PA,UA;571,2;572;
2022-02-22;09:45:27;572;;19;-;-;;LB,CT;571,4;572;<
2022-02-22;09:45:27;572;;136;-;-;;LB,CT;571,4;572;<
2022-02-22;09:45:27;572;;100;-;-;;LB,CT;571,4;572;<
2022-02-22;09:45:22;572,2;;26;-;-;;LB,CT;572;572,6;<
2022-02-22;09:45:22;572,2;;27;-;-;;LB,CT;572;572,6;<
2022-02-22;09:45:21;572,3;;56;-;-;CROS;PA,UA;572,2;573;
2022-02-22;09:45:21;572,3;;56;-;-;AOD;PA,UA;572,2;573;
2022-02-22;09:45:12;572;;64;-;-;;LB,CT;572;572,6;<
2022-02-22;09:45:12;572,2;;50;-;-;;LB,CT;572;572,6;<
2022-02-22;09:44:38;571,8;;80;-;-;;LB,CT;571;571,4;>
2022-02-22;09:44:38;571,8;;100;-;-;;LB,CT;571;571,4;>
2022-02-22;09:44:38;571,4;;27;-;-;;LB,CT;571;571,4;>
2022-02-22;09:44:38;571,4;;100;-;-;;LB,CT;571;571,4;>
2022-02-22;09:44:25;571,4;;100;-;-;;LB,CT;571;571,4;>
2022-02-22;09:44:22;571;;15;-;-;;LB,CT;571;571,8;<
2022-02-22;09:44:17;571;;26;-;-;STRO;OB,ON,PRIC,ALGO;571;571,8;>
2022-02-22;09:44:17;571;;27;-;-;;LB,CT;571;571,8;>
2022-02-22;09:44:17;571;;25;-;-;;LB,CT;571;571,8;>
2022-02-22;09:44:04;570,6;;70;-;-;;LB,CT;570;570,6;>
2022-02-22;09:43:37;570,4;;47;-;-;;LB,CT;570;570,6;<
2022-02-22;09:43:37;570,4;;2;-;-;;LB,CT;570;570,6;<
2022-02-22;09:42:38;570,8;;55;-;-;;LB,CT;570,8;571,4;<
2022-02-22;09:42:35;571,4;;9;-;-;;LB,CT;570,8;571,4;>
2022-02-22;09:42:14;571,4;;33;-;-;;LB,CT;570,8;571,8;<
2022-02-22;09:42:04;571,6;;1;-;-;;LB,CT;571,6;572,2;<
2022-02-22;09:42:04;571,8;;155;-;-;;LB,CT;571,6;572,2;<
2022-02-22;09:42:04;572;;60;-;-;;LB,CT;571,6;572,2;<
2022-02-22;09:42:03;572,2;;27;-;-;;LB,CT;572;572,6;<
2022-02-22;09:42:03;572,2;;1;-;-;;LB,CT;572;572,6;<
2022-02-22;09:42:03;572,4;;86;-;-;;LB,CT;572,4;572,8;<
2022-02-22;09:41:35;572;;27;-;-;;LB,CT;571,2;572;>
2022-02-22;09:41:35;572;;75;-;-;;LB,CT;571,2;572;>
2022-02-22;09:41:35;572;;25;-;-;;LB,CT;571,2;572;>
2022-02-22;09:41:15;571,3;;26;-;-;CROS;PA,UA;571;571,6;
2022-02-22;09:41:15;571,3;;26;-;-;AOD;PA,UA;571;571,6;
2022-02-22;09:41:12;571,2;;100;-;-;;LB,CT;570,8;571,2;>
2022-02-22;09:40:58;571,2;;27;-;-;;LB,CT;570,8;571,2;>
2022-02-22;09:40:58;571,2;;100;-;-;;LB,CT;570,8;571,2;>
2022-02-22;09:40:45;571,2;;22;-;-;CROS;PA,UA;570,8;571,6;
2022-02-22;09:40:45;571,2;;22;-;-;AOD;PA,UA;570,8;571,6;
2022-02-22;09:40:45;571,2;;78;-;-;;LB,CT;571,4;572;<
2022-02-22;09:40:45;571,2;;156;-;-;;LB,CT;571,4;572;<
2022-02-22;09:40:45;571,2;;100;-;-;;LB,CT;571,4;572;<
2022-02-22;09:40:45;571,4;;19;-;-;;LB,CT;571,4;572;<
2022-02-22;09:40:39;570,8;;50;-;-;;LB,CT;571,6;572,2;>
2022-02-22;09:40:39;570,6;;542;-;-;HID;DB,CT;570,4;570,6;>
2022-02-22;09:40:39;570,6;;20;-;-;;LB,CT;570,4;570,6;>
2022-02-22;09:40:38;570,6;;139;-;-;HID;DB,CT;570,4;570,6;>
2022-02-22;09:40:38;570,6;;20;-;-;;LB,CT;570,4;570,6;>
2022-02-22;09:40:38;570,6;;20;-;-;;LB,CT;570,4;570,6;>
2022-02-22;09:40:38;570,6;;100;-;-;HID;DB,CT;570,4;570,6;>
2022-02-22;09:40:38;570,6;;30;-;-;HID;DB,CT;570,4;570,6;>
2022-02-22;09:40:38;570,6;;20;-;-;;LB,CT;570,4;570,6;>
2022-02-22;09:40:38;570,6;;100;-;-;HID;DB,CT;570,4;570,6;>
2022-02-22;09:40:38;570,6;;20;-;-;;LB,CT;570,4;570,6;>
2022-02-22;09:40:34;570,6;;6;-;-;HID;DB,CT;570,4;570,6;>
2022-02-22;09:40:34;570,6;;14;-;-;;LB,CT;570,4;570,6;>
2022-02-22;09:40:34;570,6;;6;-;-;;LB,CT;570,4;570,6;>
2022-02-22;09:40:34;570,6;;20;-;-;;LB,CT;570,4;570,6;>
2022-02-22;09:40:34;570,6;;20;-;-;;LB,CT;570,4;570,6;>
2022-02-22;09:40:34;570,6;;20;-;-;;LB,CT;570,4;570,6;>
2022-02-22;09:40:34;570,6;;20;-;-;;LB,CT;570,4;570,6;>
2022-02-22;09:40:34;570,6;;100;-;-;HID;DB,CT;570,4;570,6;>
2022-02-22;09:40:34;570,6;;20;-;-;;LB,CT;570,4;570,6;>
2022-02-22;09:40:34;570,6;;2;-;-;;LB,CT;570,4;570,6;>
2022-02-22;09:40:34;570,6;;18;-;-;;LB,CT;570,4;570,6;>
2022-02-22;09:40:34;570,6;;20;-;-;;LB,CT;570,4;570,6;>
2022-02-22;09:40:34;570,6;;18;-;-;;LB,CT;570,4;570,6;>
2022-02-22;09:40:34;570,6;;2;-;-;;LB,CT;570,4;570,6;>
2022-02-22;09:40:34;570,6;;54;-;-;HID;DB,CT;570,4;570,6;>
2022-02-22;09:40:34;570,6;;2;-;-;HID;DB,CT;570,4;570,6;>
2022-02-22;09:40:34;570,6;;18;-;-;HID;DB,CT;570,4;570,6;>
2022-02-22;09:40:34;570,6;;2;-;-;;LB,CT;570,4;570,6;>
2022-02-22;09:40:34;570,6;;18;-;-;;LB,CT;570,4;570,6;>
2022-02-22;09:40:33;570,6;;20;-;-;;LB,CT;570,4;570,6;>
2022-02-22;09:40:33;570,6;;20;-;-;;LB,CT;570,4;570,6;>
2022-02-22;09:40:33;570,6;;100;-;-;HID;DB,CT;570,4;570,6;>
2022-02-22;09:40:33;570,6;;20;-;-;;LB,CT;570,4;570,6;>
2022-02-22;09:40:33;570,6;;20;-;-;;LB,CT;570,4;570,6;>
2022-02-22;09:40:33;570,6;;40;-;-;HID;DB,CT;570,4;570,6;>
2022-02-22;09:40:33;570,6;;20;-;-;;LB,CT;570,4;570,6;>
2022-02-22;09:40:33;570,6;;41;-;-;HID;DB,CT;570,4;570,6;>
2022-02-22;09:40:33;570,6;;20;-;-;;LB,CT;570,4;570,6;>
2022-02-22;09:40:33;570,6;;20;-;-;;LB,CT;570,4;570,6;>
2022-02-22;09:40:33;570,6;;20;-;-;;LB,CT;570,4;570,6;>
2022-02-22;09:40:33;570,6;;20;-;-;;LB,CT;570,4;570,6;>
2022-02-22;09:40:33;570,6;;133;-;-;HID;DB,CT;570,4;570,6;>
2022-02-22;09:40:33;570,6;;20;-;-;;LB,CT;570,4;570,6;>
2022-02-22;09:40:33;570,6;;20;-;-;;LB,CT;570,4;570,6;>
2022-02-22;09:40:32;570,6;;20;-;-;HID;DB,CT;570,4;570,6;>
2022-02-22;09:40:32;570,6;;20;-;-;;LB,CT;570,4;570,6;>
2022-02-22;09:40:32;570,6;;20;-;-;;LB,CT;570,4;570,6;>
2022-02-22;09:40:32;570,6;;20;-;-;HID;DB,CT;570,4;570,6;>
2022-02-22;09:40:32;570,6;;20;-;-;;LB,CT;570,4;570,6;>
2022-02-22;09:40:32;570,6;;20;-;-;;LB,CT;570,4;570,6;>
2022-02-22;09:40:32;570,6;;20;-;-;HID;DB,CT;570,4;570,6;>
2022-02-22;09:40:32;570,6;;20;-;-;;LB,CT;570,4;570,6;>
2022-02-22;09:40:32;570,6;;20;-;-;;LB,CT;570,4;570,6;>
2022-02-22;09:40:32;570,6;;20;-;-;HID;DB,CT;570,4;570,6;>
2022-02-22;09:40:32;570,6;;20;-;-;;LB,CT;570,4;570,6;>
2022-02-22;09:40:32;570,6;;20;-;-;;LB,CT;570,4;570,6;>
2022-02-22;09:40:32;570,6;;20;-;-;;LB,CT;570,4;570,6;>
2022-02-22;09:40:32;570,6;;20;-;-;;LB,CT;570,4;570,6;>
2022-02-22;09:40:32;570,6;;20;-;-;;LB,CT;570,4;570,6;>
2022-02-22;09:40:32;570,6;;30;-;-;HID;DB,CT;570,4;570,6;>
2022-02-22;09:40:32;570,6;;20;-;-;;LB,CT;570,4;570,6;>
2022-02-22;09:40:32;570,6;;20;-;-;;LB,CT;570,4;570,6;>
2022-02-22;09:40:32;570,6;;4;-;-;;LB,CT;570,4;570,6;>
2022-02-22;09:40:32;570,6;;16;-;-;;LB,CT;570,4;570,6;>
2022-02-22;09:40:32;570,6;;20;-;-;;LB,CT;570,4;570,6;>
2022-02-22;09:40:32;570,6;;20;-;-;;LB,CT;570,4;570,6;>
2022-02-22;09:40:32;570,6;;20;-;-;;LB,CT;570,4;570,6;>
2022-02-22;09:40:32;570,6;;20;-;-;;LB,CT;570,4;570,6;>
2022-02-22;09:40:32;570,6;;20;-;-;;LB,CT;570,4;570,6;>
2022-02-22;09:40:32;570,6;;20;-;-;;LB,CT;570,4;570,6;>
2022-02-22;09:40:32;570,6;;20;-;-;;LB,CT;570,4;570,6;>
2022-02-22;09:40:32;570,6;;871;-;-;HID;DB,CT;570,4;570,6;>
2022-02-22;09:40:32;570,6;;20;-;-;;LB,CT;570,4;570,6;>
2022-02-22;09:40:32;570,6;;20;-;-;HID;DB,CT;570,4;570,6;>
2022-02-22;09:40:32;570,6;;20;-;-;;LB,CT;570,4;570,6;>
2022-02-22;09:40:32;570,6;;20;-;-;;LB,CT;570,4;570,6;>
2022-02-22;09:40:32;570,6;;20;-;-;;LB,CT;570,4;570,6;>
2022-02-22;09:40:32;570,6;;20;-;-;;LB,CT;570,4;570,6;>
2022-02-22;09:40:32;570,6;;20;-;-;HID;DB,CT;570,4;570,6;>
2022-02-22;09:40:32;570,6;;30;-;-;HID;DB,CT;570,4;570,6;>
2022-02-22;09:40:32;570,6;;20;-;-;;LB,CT;570,4;570,6;>
2022-02-22;09:40:32;570,6;;50;-;-;HID;DB,CT;570,4;570,6;>
2022-02-22;09:40:32;570,6;;41;-;-;HID;DB,CT;570,4;570,6;>
2022-02-22;09:40:32;570,6;;20;-;-;;LB,CT;570,4;570,6;>
2022-02-22;09:40:32;570,6;;20;-;-;;LB,CT;570,4;570,6;>
2022-02-22;09:40:32;570,6;;47;-;-;HID;DB,CT;570,4;570,6;>
2022-02-22;09:40:32;570,6;;20;-;-;;LB,CT;570,4;570,6;>
2022-02-22;09:40:30;570,6;;20;-;-;HID;DB,CT;570,2;570,6;>
2022-02-22;09:40:30;570,6;;20;-;-;;LB,CT;570,2;570,6;>
2022-02-22;09:40:30;570,6;;20;-;-;;LB,CT;570,2;570,6;>
2022-02-22;09:40:30;570,6;;43;-;-;HID;DB,CT;570,2;570,6;>
2022-02-22;09:40:30;570,6;;8;-;-;;LB,CT;570,2;570,6;>
2022-02-22;09:40:30;570,6;;12;-;-;;LB,CT;570,2;570,6;>
2022-02-22;09:40:26;570,6;;20;-;-;HID;DB,CT;570,2;570,6;>
2022-02-22;09:40:26;570,6;;20;-;-;;LB,CT;570,2;570,6;>
2022-02-22;09:40:26;570,6;;43;-;-;HID;DB,CT;570,2;570,6;>
2022-02-22;09:40:26;570,6;;20;-;-;;LB,CT;570,2;570,6;>
2022-02-22;09:40:26;570,6;;20;-;-;;LB,CT;570,2;570,6;>
2022-02-22;09:40:26;570,6;;20;-;-;;LB,CT;570,2;570,6;>
2022-02-22;09:40:21;570,4;;100;-;-;;LB,CT;570;570,6;>
2022-02-22;09:40:19;570,4;;100;-;-;;LB,CT;570;570,6;>
2022-02-22;09:40:19;570,4;;100;-;-;;LB,CT;570,2;570,6;>
2022-02-22;09:40:19;570;;19;-;-;;LB,CT;570,2;570,6;<
2022-02-22;09:40:19;570,2;;19;-;-;;LB,CT;570,2;570,6;<
2022-02-22;09:40:18;570,6;;20;-;-;;LB,CT;570,2;570,6;>
2022-02-22;09:40:18;570,6;;100;-;-;;LB,CT;570,2;570,6;>
2022-02-22;09:40:18;570,6;;20;-;-;;LB,CT;570,2;570,6;>
2022-02-22;09:40:18;570,6;;39;-;-;HID;DB,CT;570;570,6;>
2022-02-22;09:40:18;570,6;;14;-;-;;LB,CT;570;570,6;>
2022-02-22;09:40:18;570,6;;20;-;-;;LB,CT;570;570,6;>
2022-02-22;09:40:18;570,6;;33;-;-;HID;DB,CT;570;570,6;>
2022-02-22;09:40:18;570,6;;37;-;-;;LB,CT;570;570,6;>
2022-02-22;09:40:18;570,6;;20;-;-;;LB,CT;570;570,6;>
2022-02-22;09:39:51;570;;21;-;-;;LB,CT;569,4;570;>
2022-02-22;09:39:46;569,8;;15;-;-;;LB,CT;569,2;569,8;>
2022-02-22;09:39:39;569,4;;17;-;-;;LB,CT;569,4;570;<
2022-02-22;09:39:39;569,4;;222;-;-;;LB,CT;569,4;570;<
2022-02-22;09:39:24;569,4;;159;-;-;;LB,CT;569,2;569,6;<
2022-02-22;09:39:20;569,6;;17;-;-;;LB,CT;569,6;570,4;<
2022-02-22;09:39:20;569,6;;152;-;-;;LB,CT;569,6;570,4;<
2022-02-22;09:39:20;569,6;;27;-;-;;LB,CT;569,6;570,4;<
2022-02-22;09:39:20;569,6;;16;-;-;;LB,CT;569,6;570,4;<
2022-02-22;09:39:19;569,8;;72;-;-;;LB,CT;569,8;570,4;<
2022-02-22;09:39:13;570,4;;100;-;-;;LB,CT;570;570,6;>
2022-02-22;09:39:13;570,4;;24;-;-;;LB,CT;570;570,6;>
2022-02-22;09:39:13;570,2;;128;-;-;;LB,CT;570;570,6;<
2022-02-22;09:39:13;570,2;;17;-;-;;LB,CT;570;570,6;<
2022-02-22;09:39:12;570,6;;4;-;-;;LB,CT;570,2;570,6;>
2022-02-22;09:39:08;570,6;;16;-;-;;LB,CT;570,4;571,2;>
2022-02-22;09:39:08;570,6;;20;-;-;;LB,CT;570,4;571,2;>
2022-02-22;09:39:08;570,6;;20;-;-;;LB,CT;570,4;571,2;>
2022-02-22;09:39:08;570,6;;20;-;-;;LB,CT;570,4;571,2;>
2022-02-22;09:39:08;570,6;;20;-;-;;LB,CT;570,4;571,2;>
2022-02-22;09:39:08;570,6;;20;-;-;;LB,CT;570,4;571,2;>
2022-02-22;09:39:08;570,6;;20;-;-;;LB,CT;570,4;571,2;>
2022-02-22;09:39:08;570,6;;20;-;-;;LB,CT;570,4;571,2;>
2022-02-22;09:39:08;570,6;;100;-;-;HID;DB,CT;570,4;571,2;>
2022-02-22;09:39:08;570,6;;20;-;-;;LB,CT;570,4;571,2;>
2022-02-22;09:39:08;570,6;;20;-;-;;LB,CT;570,4;571,2;>
2022-02-22;09:39:08;570,6;;20;-;-;;LB,CT;570,4;571,2;>
2022-02-22;09:39:08;570,6;;20;-;-;;LB,CT;570,4;571,2;>
2022-02-22;09:39:08;570,6;;20;-;-;;LB,CT;570,4;571,2;>
2022-02-22;09:39:08;570,6;;20;-;-;;LB,CT;570,4;571,2;>
2022-02-22;09:39:08;570,6;;20;-;-;;LB,CT;570,4;571,2;>
2022-02-22;09:39:08;570,6;;20;-;-;;LB,CT;570,4;571,2;>
2022-02-22;09:39:04;570,6;;23;-;-;;LB,CT;570;570,6;>
2022-02-22;09:39:04;570,6;;8;-;-;;LB,CT;570;570,6;>
2022-02-22;09:38:32;570,2;;19;-;-;;LB,CT;570,2;570,6;<
2022-02-22;09:38:32;570,2;;38;-;-;;LB,CT;570,2;570,6;<
2022-02-22;09:38:32;570,2;;59;-;-;;LB,CT;570,2;570,6;<
2022-02-22;09:38:29;570,4;;56;-;-;;LB,CT;570;570,6;>
2022-02-22;09:38:26;570,4;;140;-;-;;LB,CT;570;570,6;<
2022-02-22;09:38:26;570,4;;110;-;-;;LB,CT;570;570,4;<
2022-02-22;09:38:26;570,4;;100;-;-;;LB,CT;570;570,4;>
2022-02-22;09:38:21;570;;36;-;-;STRO;OB,ON,PRIC,ALGO;569,8;570,4;<
2022-02-22;09:38:21;570;;3;-;-;;LB,CT;569,8;570,4;<
2022-02-22;09:38:08;570,4;;17;-;-;;LB,CT;569,6;570,4;>
2022-02-22;09:38:08;570,4;;17;-;-;;LB,CT;569,6;570,4;>
2022-02-22;09:38:08;570,4;;51;-;-;;LB,CT;569,6;570,4;>
2022-02-22;09:38:06;570,2;;180;-;-;;LB,CT;570;570,6;<
2022-02-22;09:38:06;570,6;;12;-;-;;LB,CT;570;570,6;>
2022-02-22;09:38:06;570,6;;20;-;-;HID;DB,CT;570;570,6;>
2022-02-22;09:38:06;570,6;;20;-;-;;LB,CT;570;570,6;>
2022-02-22;09:38:06;570,6;;20;-;-;;LB,CT;570;570,6;>
2022-02-22;09:38:06;570,6;;3;-;-;;LB,CT;570;570,6;>
2022-02-22;09:38:06;570,6;;17;-;-;;LB,CT;570;570,6;>
2022-02-22;09:38:06;570,6;;20;-;-;;LB,CT;570;570,6;>
2022-02-22;09:38:06;570,6;;20;-;-;HID;DB,CT;570;570,6;>
2022-02-22;09:38:06;570,6;;45;-;-;HID;DB,CT;570;570,6;>
2022-02-22;09:38:06;570,6;;20;-;-;;LB,CT;570;570,6;>
2022-02-22;09:38:06;570,6;;20;-;-;;LB,CT;570;570,6;>
2022-02-22;09:38:06;570,6;;20;-;-;;LB,CT;570;570,6;>
2022-02-22;09:38:06;570,6;;13;-;-;HID;DB,CT;570;570,6;>
2022-02-22;09:38:06;570,6;;25;-;-;;LB,CT;570;570,6;>
2022-02-22;09:38:06;570,6;;4;-;-;;LB,CT;570;570,6;>
2022-02-22;09:38:06;570,6;;16;-;-;;LB,CT;570;570,6;>
2022-02-22;09:38:03;570,4;;35;-;-;;LB,CT;569,6;570,4;>
2022-02-22;09:37:49;570;;40;-;-;;LB,CT;570;570,4;<
2022-02-22;09:37:49;570;;38;-;-;;LB,CT;570;570,4;<
2022-02-22;09:37:31;570,4;;7;-;-;;LB,CT;570,4;570,6;<
2022-02-22;09:37:31;570,4;;8;-;-;;LB,CT;570,4;570,6;<
2022-02-22;09:37:30;570,6;;20;-;-;HID;DB,CT;570,4;570,6;>
2022-02-22;09:37:30;570,6;;20;-;-;;LB,CT;570,4;570,6;>
2022-02-22;09:37:30;570,6;;110;-;-;HID;DB,CT;570,4;570,6;>
2022-02-22;09:37:30;570,6;;35;-;-;;LB,CT;570,4;570,6;>
2022-02-22;09:37:30;570,6;;20;-;-;;LB,CT;570,4;570,6;>
2022-02-22;09:37:05;569,8;;110;-;-;;LB,CT;569,8;570,4;<
2022-02-22;09:36:42;570,2;;24;-;-;;LB,CT;569,8;570,4;>
2022-02-22;09:36:42;570;;14;-;-;;LB,CT;570;570,6;<
2022-02-22;09:36:42;570;;162;-;-;;LB,CT;570;570,6;<
2022-02-22;09:36:42;570;;90;-;-;;LB,CT;570;570,6;<
2022-02-22;09:36:27;570;;1;-;-;;LB,CT;570;570,4;<
2022-02-22;09:36:16;570;;38;-;-;;LB,CT;569,6;570;>
2022-02-22;09:36:06;569,6;;2706;-;-;;LB,CT;570;570,8;>
2022-02-22;09:36:06;569,6;;995;-;-;;LB,CT;570;570,8;>
2022-02-22;09:36:06;569,6;;597;-;-;;LB,CT;570;570,8;>
2022-02-22;09:36:06;569,6;;122;-;-;;LB,CT;570;570,8;>
2022-02-22;09:36:06;569,6;;168;-;-;;LB,CT;570;570,8;<
2022-02-22;09:36:06;569,6;;90;-;-;;LB,CT;570;570,8;<
2022-02-22;09:36:06;569,6;;3;-;-;;LB,CT;570;570,8;<
2022-02-22;09:36:06;569,8;;6;-;-;;LB,CT;570;570,8;<
2022-02-22;09:36:06;569,8;;100;-;-;;LB,CT;570;570,8;<
2022-02-22;09:36:06;570;;166;-;-;;LB,CT;570;570,8;<
2022-02-22;09:36:06;570;;47;-;-;;LB,CT;570;570,8;<
2022-02-22;09:36:00;570;;30;-;-;;LB,CT;569,6;570;>
2022-02-22;09:36:00;570;;86;-;-;;LB,CT;569,6;570;>
2022-02-22;09:36:00;570;;34;-;-;;LB,CT;569,6;570;>
2022-02-22;09:36:00;570;;100;-;-;;LB,CT;569,6;570;>
2022-02-22;09:35:46;569,6;;33;-;-;;LB,CT;569,6;570;<
2022-02-22;09:35:33;569,6;;25;-;-;;LB,CT;569;569,6;>
2022-02-22;09:35:29;569;;20;-;-;;LB,CT;568,8;569,8;<
2022-02-22;09:35:29;569;;20;-;-;;LB,CT;568,8;569,8;<
2022-02-22;09:35:29;569;;36;-;-;;LB,CT;568,8;569,8;>
2022-02-22;09:35:29;569;;20;-;-;;LB,CT;568,8;569,8;>
2022-02-22;09:35:10;569,4;;7;-;-;;LB,CT;569,4;570;<
2022-02-22;09:35:10;569,4;;160;-;-;;LB,CT;569,4;570;<
2022-02-22;09:35:10;569,4;;1;-;-;;LB,CT;569,4;570;<
2022-02-22;09:35:10;569,4;;26;-;-;;LB,CT;569,4;570;<
2022-02-22;09:34:59;570;;7;-;-;;LB,CT;570;570,8;<
2022-02-22;09:34:56;570,4;;21;-;-;;LB,CT;570;570,8;<
2022-02-22;09:34:56;570,4;;7;-;-;;LB,CT;570;570,8;<
2022-02-22;09:34:56;570,8;;93;-;-;;LB,CT;570,4;571,2;>
2022-02-22;09:34:42;570,4;;25;-;-;;LB,CT;569,6;570,4;>
2022-02-22;09:33:58;569,8;;17;-;-;;LB,CT;568,8;569,8;>
2022-02-22;09:33:48;569,2;;69;-;-;;LB,CT;568,8;569,8;<
2022-02-22;09:33:44;569;;4;-;-;;LB,CT;568,8;569,8;<
2022-02-22;09:33:43;569;;27;-;-;;LB,CT;568,8;569,8;<
2022-02-22;09:33:38;569;;100;-;-;;LB,CT;568,8;569,8;<
2022-02-22;09:33:35;569;;25;-;-;;LB,CT;568,8;569,8;<
2022-02-22;09:33:34;569;;25;-;-;;LB,CT;568,8;569,8;<
2022-02-22;09:33:34;569;;47;-;-;;LB,CT;568,8;569,8;<
2022-02-22;09:33:34;569;;76;-;-;;LB,CT;568,8;569,8;<
2022-02-22;09:33:33;569;;6;-;-;;LB,CT;568,8;569,8;<
2022-02-22;09:33:33;569;;25;-;-;;LB,CT;568,8;569,8;<
2022-02-22;09:33:33;569;;25;-;-;;LB,CT;568,8;569,8;<
2022-02-22;09:33:33;569;;25;-;-;;LB,CT;568,8;569,8;<
2022-02-22;09:33:33;569,2;;41;-;-;;LB,CT;568,8;569,8;>
2022-02-22;09:33:33;569,2;;18;-;-;;LB,CT;568,8;569,8;>
2022-02-22;09:33:25;569;;1;-;-;;LB,CT;568,4;569;>
2022-02-22;09:33:09;568,6;;12;-;-;;LB,CT;568,6;569;<
2022-02-22;09:33:02;568,6;;74;-;-;;LB,CT;568,6;569,4;<
2022-02-22;09:32:54;568,6;;5;-;-;;LB,CT;568,6;569;<
2022-02-22;09:32:44;568,4;;2;-;-;;LB,CT;568,4;569;>
2022-02-22;09:32:44;568,4;;47;-;-;;LB,CT;568,4;569;>
2022-02-22;09:32:44;568,4;;42;-;-;;LB,CT;568,4;569;<
2022-02-22;09:32:42;568,4;;5;-;-;;LB,CT;568,4;569;<
2022-02-22;09:32:38;568,4;;4;-;-;;LB,CT;568,4;569;<
2022-02-22;09:32:37;568,8;;43;-;-;;LB,CT;568,2;568,8;>
2022-02-22;09:32:35;568,4;;40;-;-;;LB,CT;568;568,4;>
2022-02-22;09:32:14;568,2;;63;-;-;;LB,CT;568,2;568,8;<
2022-02-22;09:32:14;568,4;;17;-;-;;LB,CT;568,2;568,8;<
2022-02-22;09:32:14;568,8;;20;-;-;;LB,CT;568,8;569,4;<
2022-02-22;09:32:14;569;;29;-;-;;LB,CT;568,6;569,4;<
2022-02-22;09:32:04;567,8;;40;-;-;;LB,CT;567,8;568,4;>
2022-02-22;09:32:04;567,8;;25;-;-;;LB,CT;567,8;568,4;>
2022-02-22;09:31:58;567,6;;18;-;-;;LB,CT;567,2;567,8;>
2022-02-22;09:31:48;567,2;;12;-;-;;LB,CT;566,8;568;>
2022-02-22;09:31:48;567,2;;8;-;-;;LB,CT;566,8;568;>
2022-02-22;09:31:48;567,2;;20;-;-;;LB,CT;566,8;568;>
2022-02-22;09:31:48;567,2;;39;-;-;;LB,CT;567;568;>
2022-02-22;09:31:48;567,2;;20;-;-;;LB,CT;567;568;>
2022-02-22;09:31:48;567,2;;18;-;-;;LB,CT;567;568;>
2022-02-22;09:31:48;567,2;;158;-;-;;LB,CT;567;568;>
2022-02-22;09:31:25;566,8;;100;-;-;;LB,CT;566,2;567;<
2022-02-22;09:31:24;567;;222;-;-;;LB,CT;566,2;567;<
2022-02-22;09:31:24;567;;633;-;-;;LB,CT;566,2;567;<
2022-02-22;09:31:24;567;;178;-;-;;LB,CT;566,2;567;<
2022-02-22;09:31:24;567;;17;-;-;;LB,CT;566,2;567;>
2022-02-22;09:31:24;567;;21;-;-;;LB,CT;566,2;567;>
2022-02-22;09:31:15;566,6;;100;-;-;;LB,CT;566,2;567,2;<
2022-02-22;09:31:14;567,2;;5;-;-;;LB,CT;566,6;567,6;<
2022-02-22;09:31:14;567,2;;20;-;-;;LB,CT;566,6;567,6;>
2022-02-22;09:31:14;567,2;;33;-;-;;LB,CT;566,6;567,6;>
2022-02-22;09:31:14;567,2;;100;-;-;;LB,CT;566,6;567,6;>
2022-02-22;09:31:13;567,2;;20;-;-;;LB,CT;566,6;567,6;<
2022-02-22;09:31:04;568;;33;-;-;;LB,CT;568;568,6;<
2022-02-22;09:31:03;568,2;;7;-;-;;LB,CT;568,2;568,6;<
2022-02-22;09:31:03;568,2;;1;-;-;;LB,CT;568,2;568,6;<
2022-02-22;09:31:03;568,2;;23;-;-;;LB,CT;568,2;568,6;<
2022-02-22;09:31:03;568,4;;100;-;-;;LB,CT;568,4;569,2;<
2022-02-22;09:31:03;568,4;;20;-;-;;LB,CT;568,4;569,2;<
2022-02-22;09:31:03;568,4;;30;-;-;;LB,CT;568,4;569,2;<
2022-02-22;09:30:42;568,8;;27;-;-;;LB,CT;568,4;569;>
2022-02-22;09:30:32;568,4;;100;-;-;;LB,CT;568,4;569;<
2022-02-22;09:30:27;569;;10;-;-;;LB,CT;568;569;>
2022-02-22;09:30:26;568,2;;85;-;-;;LB,CT;568,2;569;<
2022-02-22;09:30:26;568,2;;23;-;-;;LB,CT;568,2;569;<
2022-02-22;09:30:26;568,2;;3;-;-;;LB,CT;568,2;569;<
2022-02-22;09:30:12;569;;40;-;-;;LB,CT;568,8;569,8;>
2022-02-22;09:30:12;569;;143;-;-;;LB,CT;568,8;569,8;>
2022-02-22;09:29:58;568,4;;33;-;-;;LB,CT;568,6;569,4;<
2022-02-22;09:29:58;568,4;;54;-;-;;LB,CT;568,6;569,4;<
2022-02-22;09:29:58;568,6;;50;-;-;;LB,CT;568,6;569,4;<
2022-02-22;09:29:55;569,4;;33;-;-;STRO;OB,ON,PRIC,ALGO;568,8;569,6;<
2022-02-22;09:29:55;569,4;;31;-;-;STRO;OB,ON,PRIC,ALGO;568,8;569,6;<
2022-02-22;09:29:55;569,2;;75;-;-;STRO;OB,ON,PRIC,ALGO;568,8;569,6;<
2022-02-22;09:29:55;569,4;;113;-;-;;LB,CT;568,4;569,4;<
2022-02-22;09:29:55;569,4;;40;-;-;;LB,CT;568,4;569,4;>
2022-02-22;09:29:55;569,4;;39;-;-;;LB,CT;568,4;569,4;>
2022-02-22;09:29:55;569,4;;19;-;-;;LB,CT;568,4;569,4;>
2022-02-22;09:29:45;569,2;;39;-;-;;LB,CT;568,8;569,4;>
2022-02-22;09:29:45;569,2;;6;-;-;;LB,CT;568,8;569,4;>
2022-02-22;09:29:45;569,2;;19;-;-;;LB,CT;568,8;569,4;>
2022-02-22;09:29:34;568,8;;100;-;-;;LB,CT;568,4;569;<
2022-02-22;09:29:34;569;;18;-;-;;LB,CT;568,4;569;>
2022-02-22;09:29:34;568,8;;32;-;-;;LB,CT;568,4;569;>
2022-02-22;09:29:34;568,8;;19;-;-;;LB,CT;568,4;569;>
2022-02-22;09:29:21;569;;1;-;-;;LB,CT;568;569;>
2022-02-22;09:29:21;568,4;;42;-;-;;LB,CT;568,4;569;<
2022-02-22;09:29:17;569;;20;-;-;;LB,CT;568,6;569,4;<
2022-02-22;09:29:17;569,2;;25;-;-;;LB,CT;568,6;569,4;<
2022-02-22;09:29:17;569,2;;61;-;-;;LB,CT;568,6;569,4;<
2022-02-22;09:29:10;569,4;;72;-;-;;LB,CT;569,4;570;<
2022-02-22;09:29:10;569,4;;17;-;-;;LB,CT;569,4;570;<
2022-02-22;09:28:41;570;;56;-;-;;LB,CT;569,2;570,2;>
2022-02-22;09:28:41;569,6;;12;-;-;;LB,CT;569,2;570,2;>
2022-02-22;09:28:41;569,6;;19;-;-;;LB,CT;569,2;570,2;>
2022-02-22;09:28:20;570;;370;-;-;;LB,CT;569;569,6;<
2022-02-22;09:28:20;570;;18;-;-;;LB,CT;569;569,6;>
2022-02-22;09:28:20;570;;7;-;-;;LB,CT;569;569,6;>
2022-02-22;09:28:20;569,8;;28;-;-;;LB,CT;569;569,6;>
2022-02-22;09:28:20;569,8;;100;-;-;;LB,CT;569;569,6;>
2022-02-22;09:28:20;569,6;;19;-;-;;LB,CT;568,6;569,4;>
2022-02-22;09:28:20;569,4;;39;-;-;;LB,CT;568,6;569,4;>
2022-02-22;09:28:20;569,4;;19;-;-;;LB,CT;568,6;569,4;>
2022-02-22;09:28:20;569,4;;100;-;-;;LB,CT;568,6;569,4;>
2022-02-22;09:28:17;569,4;;28;-;-;;LB,CT;569,4;569,8;<
2022-02-22;09:28:17;569,4;;1;-;-;;LB,CT;569,4;569,8;<
2022-02-22;09:28:14;569,4;;23;-;-;STRO;OB,ON,PRIC,ALGO;568,4;569,2;>
2022-02-22;09:28:14;569,4;;88;-;-;;LB,CT;568,4;569,2;>
2022-02-22;09:28:14;569,4;;19;-;-;;LB,CT;568,4;569,2;>
2022-02-22;09:28:14;569,2;;19;-;-;;LB,CT;568,4;569,2;>
2022-02-22;09:28:14;569,2;;100;-;-;;LB,CT;568,4;569,2;>
2022-02-22;09:28:08;569;;1;-;-;;LB,CT;569;569,4;<
2022-02-22;09:27:52;569,4;;1;-;-;STRO;OB,ON,PRIC,ALGO;568,6;569,6;<
2022-02-22;09:27:51;569,2;;133;-;-;;LB,CT;569,2;570;<
2022-02-22;09:27:39;569,2;;8;-;-;;LB,CT;568,6;569,2;>
2022-02-22;09:27:36;568,8;;3;-;-;;LB,CT;567,8;568,4;>
2022-02-22;09:27:36;568,8;;24;-;-;;LB,CT;567,8;568,4;>
2022-02-22;09:27:36;568,8;;4;-;-;;LB,CT;567,8;568,4;>
2022-02-22;09:27:36;568,4;;21;-;-;;LB,CT;567,8;568,4;>
2022-02-22;09:27:32;567,8;;32;-;-;;LB,CT;567,8;568,8;<
2022-02-22;09:27:24;568,2;;18;-;-;;LB,CT;567,6;568,2;>
2022-02-22;09:27:24;568,2;;10;-;-;;LB,CT;567,6;568,2;>
2022-02-22;09:27:24;568,2;;84;-;-;;LB,CT;567,6;568,2;>
2022-02-22;09:27:24;568,2;;37;-;-;;LB,CT;567,6;568,2;>
2022-02-22;09:27:24;568,2;;185;-;-;;LB,CT;567,6;568,2;>
2022-02-22;09:27:24;568,2;;25;-;-;;LB,CT;567,6;568,2;>
2022-02-22;09:27:24;568,2;;1;-;-;;LB,CT;567,6;568,2;>
2022-02-22;09:27:24;568,2;;4;-;-;;LB,CT;567,6;568,2;>
2022-02-22;09:27:24;568,2;;5;-;-;;LB,CT;567,6;568,2;>
2022-02-22;09:27:24;568,2;;20;-;-;;LB,CT;567,6;568,2;>
2022-02-22;09:27:24;568,2;;17;-;-;;LB,CT;567,6;568,2;>
2022-02-22;09:27:24;568,2;;20;-;-;;LB,CT;567,6;568,2;>
2022-02-22;09:27:24;568,2;;4;-;-;;LB,CT;567,6;568,2;>
2022-02-22;09:27:24;568,2;;50;-;-;;LB,CT;567,6;568,2;>
2022-02-22;09:27:24;568,2;;77;-;-;;LB,CT;567,6;568,2;>
2022-02-22;09:27:24;568,2;;3;-;-;;LB,CT;567,6;568,2;>
2022-02-22;09:27:24;568,2;;3;-;-;;LB,CT;567,6;568,2;>
2022-02-22;09:27:24;568,2;;48;-;-;;LB,CT;567,6;568,2;>
2022-02-22;09:27:24;568,2;;2;-;-;;LB,CT;567,6;568,2;>
2022-02-22;09:27:24;568,2;;9;-;-;;LB,CT;567,6;568,2;>
2022-02-22;09:27:24;568,2;;35;-;-;;LB,CT;567,6;568,2;>
2022-02-22;09:27:24;568,2;;4;-;-;;LB,CT;567,6;568,2;>
2022-02-22;09:27:24;568,2;;7;-;-;;LB,CT;567,6;568,2;>
2022-02-22;09:27:24;568,2;;20;-;-;;LB,CT;567,6;568,2;>
2022-02-22;09:27:24;568,2;;11;-;-;;LB,CT;567,6;568,2;>
2022-02-22;09:27:24;568,2;;10;-;-;;LB,CT;567,6;568,2;>
2022-02-22;09:27:02;567,6;;2;-;-;;LB,CT;567,2;568;<
2022-02-22;09:27:02;567,6;;18;-;-;;LB,CT;567,2;568;<
2022-02-22;09:27:02;567,6;;52;-;-;;LB,CT;567,2;568;<
2022-02-22;09:27:02;567,8;;29;-;-;;LB,CT;567,2;568;<
2022-02-22;09:27:02;567,8;;52;-;-;;LB,CT;567,2;568;<
2022-02-22;09:26:53;567,8;;20;-;-;;LB,CT;567,8;568,2;<
2022-02-22;09:26:53;568;;2;-;-;;LB,CT;567,8;568,2;>
2022-02-22;09:26:53;568;;191;-;-;;LB,CT;567,8;568,2;>
2022-02-22;09:26:53;568;;59;-;-;;LB,CT;567,8;568,2;>
2022-02-22;09:26:53;568;;80;-;-;;LB,CT;567,8;568,2;>
2022-02-22;09:26:53;568;;100;-;-;;LB,CT;567,8;568,2;>
2022-02-22;09:26:53;567,8;;22;-;-;;LB,CT;567,8;568,2;>
2022-02-22;09:26:52;567,6;;95;-;-;;LB,CT;566,8;567,6;>
2022-02-22;09:26:52;567,6;;5;-;-;;LB,CT;566,8;567,6;>
2022-02-22;09:26:26;567,2;;51;-;-;;LB,CT;566,4;567,6;<
2022-02-22;09:26:26;567,2;;40;-;-;;LB,CT;566,4;567,6;<
2022-02-22;09:26:17;567;;1;-;-;;LB,CT;566,4;567;>
2022-02-22;09:26:09;567,2;;1;-;-;;LB,CT;566,4;567,2;>
2022-02-22;09:26:09;566,6;;27;-;-;;LB,CT;566,6;567,2;<
2022-02-22;09:26:03;566,8;;7;-;-;;LB,CT;566,6;567,2;<
2022-02-22;09:26:03;566,8;;131;-;-;;LB,CT;566,6;567,2;<
2022-02-22;09:25:27;567,2;;20;-;-;;LB,CT;566,8;567,4;>
2022-02-22;09:25:27;567,2;;110;-;-;;LB,CT;566,8;567,4;<
2022-02-22;09:25:27;567,2;;35;-;-;;LB,CT;566,4;567,2;>
2022-02-22;09:25:27;567,2;;25;-;-;;LB,CT;566,4;567,2;>
2022-02-22;09:25:27;567,2;;112;-;-;;LB,CT;566,4;567,2;>
2022-02-22;09:25:03;567,2;;11;-;-;;LB,CT;566,4;567,2;>
2022-02-22;09:25:03;566,8;;14;-;-;;LB,CT;566,4;567,2;<
2022-02-22;09:25:03;567;;141;-;-;;LB,CT;567;568;<
2022-02-22;09:25:03;567;;30;-;-;;LB,CT;567;568;<
2022-02-22;09:24:50;566,8;;17;-;-;;LB,CT;567;567,8;>
2022-02-22;09:24:50;566,8;;86;-;-;;LB,CT;567;567,8;>
2022-02-22;09:24:50;567;;3;-;-;;LB,CT;567;567,8;>
2022-02-22;09:24:50;567;;17;-;-;;LB,CT;567;567,8;>
2022-02-22;09:24:50;567;;100;-;-;;LB,CT;567;567,8;>
2022-02-22;09:24:50;565,8;;148;-;-;;LB,CT;567;567,8;<
2022-02-22;09:24:50;565,8;;250;-;-;;LB,CT;567;567,8;<
2022-02-22;09:24:50;565,8;;112;-;-;;LB,CT;567;567,8;<
2022-02-22;09:24:50;565,8;;107;-;-;;LB,CT;567;567,8;<
2022-02-22;09:24:50;565,8;;110;-;-;;LB,CT;567;567,8;<
2022-02-22;09:24:50;566;;180;-;-;;LB,CT;567;567,8;<
2022-02-22;09:24:50;566;;90;-;-;;LB,CT;567;567,8;<
2022-02-22;09:24:50;566;;68;-;-;;LB,CT;567;567,8;<
2022-02-22;09:24:50;566;;100;-;-;;LB,CT;567;567,8;<
2022-02-22;09:24:50;566,4;;79;-;-;;LB,CT;567;567,8;<
2022-02-22;09:24:50;566,4;;90;-;-;;LB,CT;567;567,8;<
2022-02-22;09:24:50;566,4;;200;-;-;;LB,CT;567;567,8;<
2022-02-22;09:24:50;566,6;;19;-;-;;LB,CT;567;567,8;<
2022-02-22;09:24:50;566,6;;100;-;-;;LB,CT;567;567,8;<
2022-02-22;09:24:50;566,8;;90;-;-;;LB,CT;567;567,8;<
2022-02-22;09:24:50;566,8;;170;-;-;;LB,CT;567;567,8;<
2022-02-22;09:24:50;567;;108;-;-;;LB,CT;567;567,8;<
2022-02-22;09:24:50;567;;14;-;-;;LB,CT;567;567,8;<
2022-02-22;09:24:50;567;;85;-;-;;LB,CT;567;567,8;<
2022-02-22;09:24:50;567;;200;-;-;;LB,CT;567;567,8;<
2022-02-22;09:24:50;567,2;;82;-;-;STRO;OB,ON,PRIC,ALGO;567;567,8;<
2022-02-22;09:24:50;567,4;;75;-;-;STRO;OB,ON,PRIC,ALGO;567;567,8;<
2022-02-22;09:24:50;567,2;;23;-;-;;LB,CT;567;567,8;<
2022-02-22;09:24:38;567;;10;-;-;;LB,CT;566,8;567,6;>
2022-02-22;09:24:38;567;;15;-;-;;LB,CT;566,8;567,6;>
2022-02-22;09:24:28;566,8;;27;-;-;;LB,CT;566,4;566,8;>
2022-02-22;09:24:21;566,6;;23;-;-;;LB,CT;566;566,6;>
2022-02-22;09:23:56;566;;25;-;-;;LB,CT;566;566,6;<
2022-02-22;09:23:56;566;;100;-;-;;LB,CT;566;566,6;<
2022-02-22;09:23:52;566,8;;1;-;-;;LB,CT;566;566,8;>
2022-02-22;09:23:40;566;;19;-;-;;LB,CT;565,8;566,4;>
2022-02-22;09:23:40;566;;27;-;-;;LB,CT;565,8;566,4;>
2022-02-22;09:23:26;566;;5;-;-;;LB,CT;566;566,8;<
2022-02-22;09:23:26;566;;33;-;-;;LB,CT;566;566,8;<
2022-02-22;09:23:24;566,8;;1;-;-;;LB,CT;566;566,8;>
2022-02-22;09:23:11;566,4;;23;-;-;;LB,CT;566;566,8;<
2022-02-22;09:23:07;566;;1;-;-;STRO;OB,ON,PRIC,ALGO;566;566,8;>
2022-02-22;09:23:06;565,2;;27;-;-;;LB,CT;564,8;565,2;>
2022-02-22;09:22:57;564,8;;6;-;-;;LB,CT;564;565,2;<
2022-02-22;09:22:57;564,8;;4;-;-;;LB,CT;564;565,2;<
2022-02-22;09:22:45;565,2;;1;-;-;STRO;OB,ON,PRIC,ALGO;564,8;565,6;<
2022-02-22;09:22:36;565,2;;5;-;-;;LB,CT;564,8;565,6;<
2022-02-22;09:22:34;565,4;;6;-;-;;LB,CT;564,8;566;<
2022-02-22;09:22:34;565,4;;61;-;-;;LB,CT;564,8;566;<
2022-02-22;09:22:26;565,6;;8;-;-;;LB,CT;565,4;566,4;<
2022-02-22;09:22:19;566,6;;79;-;-;;LB,CT;566,2;567;>
2022-02-22;09:22:16;566;;35;-;-;;LB,CT;565,8;566,6;>
2022-02-22;09:22:16;566;;253;-;-;;LB,CT;565,8;566,6;>
2022-02-22;09:22:16;566;;197;-;-;;LB,CT;565,8;566,6;>
2022-02-22;09:22:09;565,8;;20;-;-;;LB,CT;565,4;566;>
2022-02-22;09:22:09;565,8;;12;-;-;;LB,CT;565,4;566;>
2022-02-22;09:21:59;565,6;;63;-;-;STRO;OB,ON,PRIC,ALGO;565,2;565,8;>
2022-02-22;09:21:59;565,8;;8;-;-;;LB,CT;565,2;565,8;>
2022-02-22;09:21:58;565,4;;50;-;-;;LB,CT;564,8;565,4;>
2022-02-22;09:21:39;565;;5;-;-;;LB,CT;565;565,8;<
2022-02-22;09:21:24;565,8;;1;-;-;;LB,CT;565,8;566,6;<
2022-02-22;09:21:24;565,8;;7;-;-;;LB,CT;565,8;566,6;<
2022-02-22;09:21:18;566,4;;10;-;-;;LB,CT;565,2;566,4;>
2022-02-22;09:21:11;566;;77;-;-;;LB,CT;566,2;567;<
2022-02-22;09:21:11;566;;10;-;-;;LB,CT;566,2;567;<
2022-02-22;09:21:11;566;;4;-;-;;LB,CT;566,2;567;<
2022-02-22;09:21:11;566,2;;59;-;-;;LB,CT;566,2;567;<
2022-02-22;09:21:11;566,2;;95;-;-;;LB,CT;566,2;567;<
2022-02-22;09:21:11;566,2;;83;-;-;;LB,CT;566,2;567;<
2022-02-22;09:21:07;566,4;;30;-;-;STRO;OB,ON,PRIC,ALGO;566,2;567,2;<
2022-02-22;09:20:47;566,4;;33;-;-;;LB,CT;566,4;567,2;<
2022-02-22;09:20:40;566,4;;3;-;-;;LB,CT;566,4;567,2;<
2022-02-22;09:20:29;567;;76;-;-;;LB,CT;566;567,4;>
2022-02-22;09:20:29;567;;5;-;-;;LB,CT;566;567,4;>
2022-02-22;09:20:23;565,4;;1;-;-;STRO;OB,ON,PRIC,ALGO;565,2;566,4;>
2022-02-22;09:20:16;565,2;;102;-;-;;LB,CT;564,4;565,2;>
2022-02-22;09:20:14;565;;6;-;-;;LB,CT;564,4;565;>
2022-02-22;09:20:12;564,6;;38;-;-;;LB,CT;564;565;<
2022-02-22;09:20:12;564,6;;20;-;-;;LB,CT;564;565;>
2022-02-22;09:20:12;564,6;;100;-;-;;LB,CT;564;565;>
2022-02-22;09:20:11;563,6;;1;-;-;;LB,CT;563,6;564,6;<
2022-02-22;09:19:55;563,8;;100;-;-;;LB,CT;563,2;564,2;>
2022-02-22;09:19:54;563,2;;4;-;-;;LB,CT;562;563,2;>
2022-02-22;09:19:28;562,4;;2;-;-;;LB,CT;561,8;562,4;>
2022-02-22;09:19:18;562,2;;100;-;-;;LB,CT;561,8;562,6;<
2022-02-22;09:19:09;562,6;;32;-;-;;LB,CT;561,6;562,2;>
2022-02-22;09:19:09;562,2;;100;-;-;;LB,CT;561,6;562,2;>
2022-02-22;09:19:06;562;;6;-;-;;LB,CT;561,6;562,2;<
2022-02-22;09:19:06;562,2;;27;-;-;;LB,CT;561,6;562,2;<
2022-02-22;09:18:38;562,4;;4;-;-;;LB,CT;562,4;563,2;<
2022-02-22;09:18:33;562,6;;48;-;-;;LB,CT;562,6;563,2;>
2022-02-22;09:18:27;561,8;;17;-;-;;LB,CT;561,8;562,6;<
2022-02-22;09:18:13;561,8;;1;-;-;;LB,CT;561,4;562,6;>
2022-02-22;09:18:02;561,6;;18;-;-;;LB,CT;561,4;562,6;<
2022-02-22;09:18:02;561,6;;7;-;-;;LB,CT;561,4;562,6;<
2022-02-22;09:17:25;562,2;;25;-;-;;LB,CT;562,2;563,2;<
2022-02-22;09:16:57;561,8;;70;-;-;;LB,CT;561,8;563,2;<
2022-02-22;09:16:57;561,8;;90;-;-;;LB,CT;561,8;563,2;<
2022-02-22;09:16:57;561,8;;100;-;-;;LB,CT;561,8;563,2;<
2022-02-22;09:16:56;562,6;;20;-;-;;LB,CT;561,8;563,2;>
2022-02-22;09:16:56;562,6;;20;-;-;;LB,CT;561,8;563,2;>
2022-02-22;09:16:42;562,6;;1;-;-;;LB,CT;561,8;562,6;>
2022-02-22;09:16:18;561,6;;6;-;-;;LB,CT;561,2;562,2;<
2022-02-22;09:16:12;562,4;;1;-;-;STRO;OB,ON,PRIC,ALGO;561;562,8;<
2022-02-22;09:16:11;561,8;;6;-;-;;LB,CT;561,8;562,6;<
2022-02-22;09:16:10;562;;20;-;-;;LB,CT;562;563,2;<
2022-02-22;09:16:10;562;;18;-;-;;LB,CT;562;563,2;<
2022-02-22;09:16:08;562,2;;70;-;-;;LB,CT;562;563,2;<
2022-02-22;09:16:08;563,2;;123;-;-;;LB,CT;562;563,2;<
2022-02-22;09:16:08;563,2;;44;-;-;;LB,CT;562;563,2;>
2022-02-22;09:16:08;563,2;;17;-;-;;LB,CT;562;563,2;>
2022-02-22;09:16:07;563,2;;3;-;-;;LB,CT;562;563,2;>
2022-02-22;09:16:02;562,6;;100;-;-;;LB,CT;562,2;563,2;<
2022-02-22;09:16:02;562,2;;9;-;-;;LB,CT;562,2;563,2;<
2022-02-22;09:16:02;562,4;;11;-;-;;LB,CT;562,2;563,2;<
2022-02-22;09:16:00;562,8;;11;-;-;CROS;PA,UA;562,4;563,2;
2022-02-22;09:16:00;562,8;;55;-;-;CROS;PA,UA;562,4;563,2;
2022-02-22;09:16:00;562,8;;66;-;-;AOD;PA,UA;562,4;563,2;
2022-02-22;09:16:00;562,6;;6;-;-;;LB,CT;562,6;563,4;<
2022-02-22;09:15:59;563;;6;-;-;;LB,CT;562,6;563,4;<
2022-02-22;09:15:59;563,4;;20;-;-;;LB,CT;562,8;563,8;>
2022-02-22;09:15:59;563,4;;100;-;-;;LB,CT;562,8;563,8;>
2022-02-22;09:15:59;562,8;;2;-;-;;LB,CT;562,8;563,8;<
2022-02-22;09:15:59;562,8;;22;-;-;;LB,CT;562,8;563,8;<
2022-02-22;09:15:59;563,4;;100;-;-;;LB,CT;562,8;563,8;>
2022-02-22;09:15:56;563,4;;100;-;-;;LB,CT;562,8;563,8;>
2022-02-22;09:15:47;562,6;;1;-;-;;LB,CT;562,6;563,8;<
2022-02-22;09:15:13;563;;20;-;-;;LB,CT;562,2;563,8;>
2022-02-22;09:15:08;563;;20;-;-;;LB,CT;561,8;563,4;>
2022-02-22;09:15:02;563,2;;71;-;-;;LB,CT;562;563,6;>
2022-02-22;09:15:02;563,2;;47;-;-;;LB,CT;562;563,6;>
2022-02-22;09:15:02;563,2;;20;-;-;;LB,CT;562;563,6;>
2022-02-22;09:15:02;563;;20;-;-;;LB,CT;561,8;563,2;>
2022-02-22;09:15:00;563;;20;-;-;;LB,CT;562;563,2;>
2022-02-22;09:15:00;563;;2;-;-;;LB,CT;562;563,2;>
2022-02-22;09:15:00;563;;2;-;-;;LB,CT;561,6;563,2;>
2022-02-22;09:14:54;563;;20;-;-;;LB,CT;561,6;563,2;>
2022-02-22;09:14:45;563;;50;-;-;;LB,CT;561,6;563,2;>
2022-02-22;09:14:45;563;;20;-;-;;LB,CT;561,6;563,2;>
2022-02-22;09:14:42;563;;24;-;-;;LB,CT;561,6;563;>
2022-02-22;09:14:42;563;;20;-;-;;LB,CT;561,6;563;>
2022-02-22;09:14:40;561,6;;3;-;-;;LB,CT;561,6;563;<
2022-02-22;09:14:39;562,8;;70;-;-;;LB,CT;561,6;563;>
2022-02-22;09:14:39;562;;50;-;-;;LB,CT;561,6;563;>
2022-02-22;09:14:34;562;;16;-;-;STRO;OB,ON,PRIC,ALGO;562;563;>
2022-02-22;09:14:34;562,6;;100;-;-;;LB,CT;562;563;>
2022-02-22;09:14:34;562;;4;-;-;;LB,CT;562;563;<
2022-02-22;09:14:17;562,2;;18;-;-;;LB,CT;562,2;563;<
2022-02-22;09:14:14;563,4;;1;-;-;;LB,CT;562,2;563,4;>
2022-02-22;09:14:07;562,6;;26;-;-;;LB,CT;562;563,6;>
2022-02-22;09:13:33;560,8;;78;-;-;CROS;PA,UA;560,2;561,4;
2022-02-22;09:13:33;560,8;;78;-;-;AOD;PA,UA;560,2;561,4;
2022-02-22;09:13:30;561,2;;20;-;-;;LB,CT;560,2;561,2;>
2022-02-22;09:13:26;560,6;;11;-;-;;LB,CT;560,2;561,2;<
2022-02-22;09:13:26;560,6;;21;-;-;;LB,CT;560,2;561,2;<
2022-02-22;09:13:26;560,6;;100;-;-;;LB,CT;560,2;561,2;<
2022-02-22;09:13:26;560,6;;178;-;-;;LB,CT;560,6;561,6;<
2022-02-22;09:13:26;561;;100;-;-;;LB,CT;560,6;561,6;<
2022-02-22;09:13:09;561;;152;-;-;STRO;OB,ON,PRIC,ALGO;560,6;561,6;<
2022-02-22;09:13:09;561;;13;-;-;STRO;OB,ON,PRIC,ALGO;560,6;561,6;<
2022-02-22;09:13:09;561;;59;-;-;STRO;OB,ON,PRIC,ALGO;560,6;561,6;<
2022-02-22;09:13:09;560,6;;1;-;-;;LB,CT;560,6;561,6;<
2022-02-22;09:13:09;560,6;;61;-;-;;LB,CT;560,6;561,6;<
2022-02-22;09:13:09;560,8;;23;-;-;;LB,CT;560,6;561,6;>
2022-02-22;09:13:09;560,8;;332;-;-;;LB,CT;560,6;561,6;>
2022-02-22;09:13:09;561;;62;-;-;;LB,CT;560,6;561,6;<
2022-02-22;09:13:09;561;;9;-;-;;LB,CT;560,6;561,6;<
2022-02-22;09:13:09;561,2;;100;-;-;;LB,CT;561;562;<
2022-02-22;09:12:50;560,8;;20;-;-;;LB,CT;560,8;562;<
2022-02-22;09:12:14;558,6;;131;-;-;;LB,CT;557,4;558,6;>
2022-02-22;09:12:02;558;;150;-;-;;LB,CT;557,2;558;>
2022-02-22;09:12:02;558;;20;-;-;;LB,CT;557,2;558;>
2022-02-22;09:12:01;557,8;;80;-;-;;LB,CT;557,2;557,6;>
2022-02-22;09:12:01;557,6;;65;-;-;;LB,CT;557,2;557,6;>
2022-02-22;09:12:01;557,6;;12;-;-;;LB,CT;557,2;557,6;>
2022-02-22;09:12:00;557,4;;20;-;-;;LB,CT;556;557,4;>
2022-02-22;09:12:00;557,2;;12;-;-;;LB,CT;555,8;557,2;>
2022-02-22;09:12:00;557,2;;88;-;-;;LB,CT;555,8;557,2;>
2022-02-22;09:11:16;557;;17;-;-;;LB,CT;556;557;>
2022-02-22;09:11:05;556,4;;1;-;-;CROS;PA,UA;555,8;557;
2022-02-22;09:11:05;556,4;;1;-;-;AOD;PA,UA;555,8;557;
2022-02-22;09:11:03;556,4;;20;-;-;;LB,CT;556,4;557,6;<
2022-02-22;09:11:03;556,4;;9;-;-;;LB,CT;556,4;557,6;<
2022-02-22;09:11:01;557,4;;2;-;-;;LB,CT;557,4;557,6;<
2022-02-22;09:10:50;557;;88;-;-;;LB,CT;557;557,6;>
2022-02-22;09:10:35;556,4;;1;-;-;;LB,CT;556,4;557,8;<
2022-02-22;09:10:18;556,2;;18;-;-;;LB,CT;557;557,8;<
2022-02-22;09:10:18;557;;3;-;-;;LB,CT;557;557,8;<
2022-02-22;09:10:15;557;;25;-;-;;LB,CT;556;557,6;>
2022-02-22;09:10:06;555,6;;25;-;-;;LB,CT;555,6;557;<
2022-02-22;09:10:05;556,8;;57;-;-;;LB,CT;555,6;557;>
2022-02-22;09:10:05;556,6;;29;-;-;;LB,CT;555,6;557;>
2022-02-22;09:09:50;556,2;;28;-;-;;LB,CT;555,2;556,8;>
2022-02-22;09:09:50;556;;3;-;-;;LB,CT;555,2;556,8;>
2022-02-22;09:09:41;554,8;;2;-;-;;LB,CT;554,8;556;<
2022-02-22;09:09:40;556;;1;-;-;;LB,CT;554,8;556;>
2022-02-22;09:09:11;556;;35;-;-;;LB,CT;555;556,2;<
2022-02-22;09:09:11;556;;30;-;-;;LB,CT;555;556,2;<
2022-02-22;09:09:11;556,2;;44;-;-;;LB,CT;555;556,2;<
2022-02-22;09:09:11;556,2;;56;-;-;;LB,CT;555;556,2;<
2022-02-22;09:09:11;556,2;;26;-;-;;LB,CT;555;556,2;<
2022-02-22;09:08:51;556,4;;25;-;-;;LB,CT;556,4;557,6;<
2022-02-22;09:08:49;556,8;;129;-;-;;LB,CT;556,8;557,8;<
2022-02-22;09:08:47;556,8;;5;-;-;;LB,CT;556,8;557,8;<
2022-02-22;09:08:39;557,8;;2;-;-;;LB,CT;556,8;557,8;>
2022-02-22;09:08:37;556,8;;7;-;-;;LB,CT;556,8;557,8;<
2022-02-22;09:08:16;557,6;;100;-;-;;LB,CT;556,4;557,8;>
2022-02-22;09:08:03;557,8;;5;-;-;;LB,CT;556,2;557,8;>
2022-02-22;09:08:00;557,4;;41;-;-;;LB,CT;555,8;557,8;<
2022-02-22;09:08:00;557,4;;1;-;-;;LB,CT;555,8;557,8;<
2022-02-22;09:07:52;558,2;;6;-;-;;LB,CT;557;558,2;>
2022-02-22;09:07:52;557,8;;239;-;-;;LB,CT;557;558,2;<
2022-02-22;09:07:52;557,8;;172;-;-;;LB,CT;557;558,2;<
2022-02-22;09:07:52;557,8;;3;-;-;;LB,CT;557;558,2;<
2022-02-22;09:07:47;559;;34;-;-;;LB,CT;558;559,2;>
2022-02-22;09:07:47;559;;19;-;-;;LB,CT;558;559,2;>
2022-02-22;09:07:47;558,8;;28;-;-;;LB,CT;558;559,2;>
2022-02-22;09:07:47;558,8;;19;-;-;;LB,CT;558;559,2;>
2022-02-22;09:07:47;557,8;;10;-;-;;LB,CT;557,8;559,2;<
2022-02-22;09:07:40;559,4;;135;-;-;;LB,CT;558;559,4;<
2022-02-22;09:07:40;559,4;;291;-;-;;LB,CT;558;559,4;<
2022-02-22;09:07:40;559,4;;49;-;-;;LB,CT;558;559,4;<
2022-02-22;09:07:26;560,4;;34;-;-;;LB,CT;559,4;560,4;>
2022-02-22;09:07:17;560,2;;1;-;-;STRO;OB,ON,PRIC,ALGO;559,2;560,4;<
2022-02-22;09:07:10;559;;6;-;-;;LB,CT;559;560,2;<
2022-02-22;09:07:06;559;;53;-;-;;LB,CT;559;560,4;<
2022-02-22;09:06:55;560,4;;39;-;-;;LB,CT;558,8;560,4;>
2022-02-22;09:06:55;560,4;;17;-;-;;LB,CT;558,8;560,4;>
2022-02-22;09:06:50;559,2;;12;-;-;;LB,CT;559,2;560,2;<
2022-02-22;09:06:48;560,2;;17;-;-;;LB,CT;558,8;560,2;>
2022-02-22;09:06:48;560,2;;188;-;-;;LB,CT;558,8;560,2;>
2022-02-22;09:06:43;560,2;;2;-;-;;LB,CT;558,8;560,2;>
2022-02-22;09:06:37;560,4;;2;-;-;;LB,CT;559,4;561;<
2022-02-22;09:06:35;560;;28;-;-;STRO;OB,ON,PRIC,ALGO;559,4;561;<
2022-02-22;09:06:35;560;;17;-;-;STRO;OB,ON,PRIC,ALGO;559,4;561;<
2022-02-22;09:06:35;560;;1863;-;-;;LB,CT;559,4;561;<
2022-02-22;09:06:35;560;;2958;-;-;;LB,CT;559,4;561;<
2022-02-22;09:06:35;560;;99;-;-;;LB,CT;559,4;561;<
2022-02-22;09:06:35;559,8;;17;-;-;;LB,CT;559,4;561;>
2022-02-22;09:06:35;560;;35;-;-;;LB,CT;559;560,6;>
2022-02-22;09:06:28;559,8;;154;-;-;;LB,CT;558,6;559,8;>
2022-02-22;09:06:23;559,8;;8;-;-;;LB,CT;558,6;559,8;>
2022-02-22;09:06:23;559,8;;17;-;-;;LB,CT;558,6;559,8;>
2022-02-22;09:06:19;560;;14;-;-;;LB,CT;558,2;559,8;>
2022-02-22;09:06:19;560;;81;-;-;;LB,CT;558,2;559,8;>
2022-02-22;09:06:10;559,8;;27;-;-;;LB,CT;558,6;560;>
2022-02-22;09:06:10;559,8;;100;-;-;;LB,CT;558,6;560;>
2022-02-22;09:05:54;558;;10;-;-;;LB,CT;558;559,4;<
2022-02-22;09:05:45;559;;3;-;-;;LB,CT;557,8;559,8;<
2022-02-22;09:05:21;556;;3;-;-;;LB,CT;556;557,8;<
2022-02-22;09:05:21;556,4;;14;-;-;;LB,CT;556;557,8;<
2022-02-22;09:05:21;556,8;;100;-;-;;LB,CT;556,4;558,2;<
2022-02-22;09:05:10;555,8;;2;-;-;;LB,CT;555,2;557,2;>
2022-02-22;09:05:10;555,8;;23;-;-;;LB,CT;555,2;557,2;>
2022-02-22;09:05:02;555;;30;-;-;;LB,CT;553,6;555;>
2022-02-22;09:04:53;554;;3;-;-;;LB,CT;553,4;555;>
2022-02-22;09:04:45;554,1;;49;-;-;CROS;PA,UA;553,2;555;
2022-02-22;09:04:45;554,1;;49;-;-;AOD;PA,UA;553,2;555;
2022-02-22;09:04:36;554,4;;25;-;-;;LB,CT;552,6;554,4;>
2022-02-22;09:04:28;553,6;;12;-;-;;LB,CT;553,2;554,8;>
2022-02-22;09:04:20;554,4;;85;-;-;;LB,CT;553,6;555,6;>
2022-02-22;09:04:20;555;;50;-;-;;LB,CT;553,6;555,6;<
2022-02-22;09:04:13;555,2;;21;-;-;STRO;OB,ON,PRIC,ALGO;555;556,4;<
2022-02-22;09:04:13;555,6;;75;-;-;STRO;OB,ON,PRIC,ALGO;555;556,4;<
2022-02-22;09:04:13;555,2;;128;-;-;;LB,CT;555;556,4;<
2022-02-22;09:04:13;555,2;;5;-;-;;LB,CT;555;556,4;<
2022-02-22;09:04:13;555,2;;90;-;-;;LB,CT;555;556,4;<
2022-02-22;09:04:13;555,6;;100;-;-;;LB,CT;555;556,4;<
2022-02-22;09:04:08;556,4;;5;-;-;;LB,CT;555,4;556,8;<
2022-02-22;09:04:07;556,4;;28;-;-;;LB,CT;555,6;557;>
2022-02-22;09:04:07;556,4;;168;-;-;;LB,CT;555,6;557;>
2022-02-22;09:03:56;555;;9;-;-;;LB,CT;554,6;556,2;>
2022-02-22;09:03:48;554,4;;28;-;-;;LB,CT;553,4;554,4;>
2022-02-22;09:03:46;554,4;;5;-;-;;LB,CT;553,2;554,4;>
2022-02-22;09:03:33;554,4;;97;-;-;;LB,CT;553,2;554,4;>
2022-02-22;09:03:18;554,2;;10;-;-;;LB,CT;553,2;554,8;<
2022-02-22;09:03:07;553,8;;25;-;-;;LB,CT;552,6;554,4;<
2022-02-22;09:03:02;553,6;;7;-;-;;LB,CT;553,6;555,6;<
2022-02-22;09:02:38;552,6;;26;-;-;STRO;OB,ON,PRIC,ALGO;551,6;553,2;<
2022-02-22;09:02:38;553;;36;-;-;;LB,CT;551,6;553,2;<
2022-02-22;09:02:38;552,8;;1;-;-;;LB,CT;551,6;553,2;>
2022-02-22;09:02:38;552,8;;100;-;-;;LB,CT;551,6;553,2;>
2022-02-22;09:02:38;552,8;;9;-;-;;LB,CT;551,6;553,2;>
2022-02-22;09:02:38;552,6;;28;-;-;;LB,CT;551,6;553,2;>
2022-02-22;09:02:37;552;;81;-;-;;LB,CT;551;552,4;<
2022-02-22;09:02:37;552;;7;-;-;;LB,CT;551;552,4;<
2022-02-22;09:02:34;552,8;;138;-;-;;LB,CT;552;553,8;<
2022-02-22;09:02:34;553;;29;-;-;;LB,CT;552;553,8;<
2022-02-22;09:02:34;553;;110;-;-;;LB,CT;552;553,8;<
2022-02-22;09:02:10;553,6;;5;-;-;STRO;OB,ON,PRIC,ALGO;553,2;555,2;<
2022-02-22;09:02:10;554,4;;702;-;-;;LB,CT;552,8;554,4;<
2022-02-22;09:02:10;554,4;;198;-;-;;LB,CT;552,8;554,4;<
2022-02-22;09:02:10;554,4;;100;-;-;;LB,CT;552,8;554,4;>
2022-02-22;09:02:07;553,6;;7;-;-;;LB,CT;552,4;553,6;>
2022-02-22;09:02:06;553,4;;30;-;-;;LB,CT;552,4;553,4;>
2022-02-22;09:01:51;552,4;;59;-;-;;LB,CT;551,8;554,2;<
2022-02-22;09:01:50;552,8;;20;-;-;;LB,CT;551,6;552,8;>
2022-02-22;09:01:36;551,4;;31;-;-;;LB,CT;551,4;553;<
2022-02-22;09:01:32;551,8;;16;-;-;STRO;OB,ON,PRIC,ALGO;551,4;554,2;<
2022-02-22;09:01:14;551,4;;12;-;-;;LB,CT;551,4;553,2;<
2022-02-22;09:01:10;552,4;;278;-;-;;LB,CT;551,4;552,8;>
2022-02-22;09:01:10;552,4;;367;-;-;;LB,CT;551,4;552,8;>
2022-02-22;09:01:09;551,4;;126;-;-;;LB,CT;551,2;552,8;>
2022-02-22;09:01:09;551,4;;101;-;-;;LB,CT;551,2;552,8;<
2022-02-22;09:01:03;552;;2;-;-;;LB,CT;551,2;552,6;<
2022-02-22;09:00:44;552,4;;76;-;-;;LB,CT;551,6;553,4;<
2022-02-22;09:00:32;553;;40;-;-;;LB,CT;553;554,6;<
2022-02-22;09:00:32;553;;25;-;-;;LB,CT;553;554,6;<
2022-02-22;09:00:18;554,4;;70;-;-;;LB,CT;553,2;555,4;>
2022-02-22;09:00:18;555;;90;-;-;;LB,CT;552,8;555;>
2022-02-22;09:00:18;555;;100;-;-;;LB,CT;552,8;555;>
2022-02-22;09:00:16;553,2;;23;-;-;;LB,CT;552;553;>
2022-02-22;09:00:16;553,2;;23;-;-;;LB,CT;552;553;>
2022-02-22;09:00:16;553,2;;26;-;-;;LB,CT;552;553;>
2022-02-22;09:00:16;553,2;;25;-;-;;LB,CT;552;553;>
2022-02-22;09:00:16;553;;10;-;-;;LB,CT;552;553;>
2022-02-22;09:00:15;552,6;;100;-;-;;LB,CT;551,4;553;>
2022-02-22;09:00:15;552,8;;147;-;-;;LB,CT;551,4;553;>
2022-02-22;09:00:13;552;;31;-;-;STRO;OB,ON,PRIC,ALGO;551;553;>
2022-02-22;09:00:13;551,2;;44;-;-;;LB,CT;551;553;>
2022-02-22;09:00:13;551,2;;25;-;-;;LB,CT;551;553;<
2022-02-22;09:00:02;554,7;;149;-;-;CROS;PA,UA;551;555,6;
2022-02-22;09:00:02;554,7;;149;-;-;AOD;PA,UA;551;555,6;
2022-02-22;09:00:02;556,4;;26;-;-;;LB,CT;552,6;556;>
2022-02-22;09:00:02;555,8;;34;-;-;;LB,CT;552,6;556;>
2022-02-22;09:00:02;555,8;;100;-;-;;LB,CT;552,6;556;>
2022-02-22;09:00:02;555;;100;-;-;;LB,CT;552,6;556,2;<
2022-02-22;09:00:02;555;;1;-;-;;LB,CT;552,6;556,2;<
2022-02-22;09:00:02;555,4;;25;-;-;;LB,CT;552,6;556,2;<
2022-02-22;09:00:02;555,4;;23;-;-;;LB,CT;552,6;556,2;<
2022-02-22;09:00:02;555,4;;2;-;-;;LB,CT;552,6;556,2;<
2022-02-22;09:00:01;555,4;;22;-;-;;LB,CT;552,6;556,2;<
2022-02-22;09:00:01;555,6;;160;-;-;;LB,CT;552,6;556,2;<
2022-02-22;09:00:01;555,6;;64;-;-;CROS;LB,OA;552,6;556,2;
2022-02-22;09:00:01;555,6;;43;-;-;CROS;LB,OA;552,6;556,2;
2022-02-22;09:00:01;555,6;;9;-;-;CROS;LB,OA;552,6;556,2;
2022-02-22;09:00:01;555,6;;9;-;-;CROS;LB,OA;552,6;556,2;
2022-02-22;09:00:01;555,6;;35;-;-;CROS;LB,OA;552,6;556,2;
2022-02-22;09:00:01;555,6;;4;-;-;CROS;LB,OA;552,6;556,2;
2022-02-22;09:00:01;555,6;;37;-;-;CROS;LB,OA;552,6;556,2;
2022-02-22;09:00:01;555,6;;16;-;-;CROS;LB,OA;552,6;556,2;
2022-02-22;09:00:01;555,6;;72;-;-;CROS;LB,OA;552,6;556,2;
2022-02-22;09:00:01;555,6;;1;-;-;CROS;LB,OA;552,6;556,2;
2022-02-22;09:00:01;555,6;;2;-;-;CROS;LB,OA;552,6;556,2;
2022-02-22;09:00:01;555,6;;10;-;-;CROS;LB,OA;552,6;556,2;
2022-02-22;09:00:01;555,6;;1;-;-;CROS;LB,OA;552,6;556,2;
2022-02-22;09:00:01;555,6;;4;-;-;CROS;LB,OA;552,6;556,2;
2022-02-22;09:00:01;555,6;;157;-;-;CROS;LB,OA;552,6;556,2;
2022-02-22;09:00:01;555,6;;42;-;-;CROS;LB,OA;552,6;556,2;
2022-02-22;09:00:01;555,6;;8;-;-;CROS;LB,OA;552,6;556,2;
2022-02-22;09:00:01;555,6;;10;-;-;CROS;LB,OA;552,6;556,2;
2022-02-22;09:00:01;555,6;;24;-;-;CROS;LB,OA;552,6;556,2;
2022-02-22;09:00:01;555,6;;1;-;-;CROS;LB,OA;552,6;556,2;
2022-02-22;09:00:01;555,6;;264;-;-;CROS;LB,OA;552,6;556,2;
2022-02-22;09:00:01;555,6;;2;-;-;CROS;LB,OA;552,6;556,2;
2022-02-22;09:00:01;555,6;;157;-;-;CROS;LB,OA;552,6;556,2;
2022-02-22;09:00:01;555,6;;44;-;-;CROS;LB,OA;552,6;556,2;
2022-02-22;09:00:01;555,6;;38;-;-;CROS;LB,OA;552,6;556,2;
2022-02-22;09:00:01;555,6;;9;-;-;CROS;LB,OA;552,6;556,2;
2022-02-22;09:00:01;555,6;;2;-;-;CROS;LB,OA;552,6;556,2;
2022-02-22;09:00:01;555,6;;1;-;-;CROS;LB,OA;552,6;556,2;
2022-02-22;09:00:01;555,6;;1;-;-;CROS;LB,OA;552,6;556,2;
2022-02-22;09:00:01;555,6;;2;-;-;CROS;LB,OA;552,6;556,2;
2022-02-22;09:00:01;555,6;;2;-;-;CROS;LB,OA;552,6;556,2;
2022-02-22;09:00:01;555,6;;10;-;-;CROS;LB,OA;552,6;556,2;
2022-02-22;09:00:01;555,6;;32;-;-;CROS;LB,OA;552,6;556,2;
2022-02-22;09:00:01;555,6;;128;-;-;CROS;LB,OA;552,6;556,2;
2022-02-22;09:00:01;555,6;;2;-;-;CROS;LB,OA;552,6;556,2;
2022-02-22;09:00:01;555,6;;16;-;-;CROS;LB,OA;552,6;556,2;
2022-02-22;09:00:01;555,6;;2;-;-;CROS;LB,OA;552,6;556,2;
2022-02-22;09:00:01;555,6;;1;-;-;CROS;LB,OA;552,6;556,2;
2022-02-22;09:00:01;555,6;;1;-;-;CROS;LB,OA;552,6;556,2;
2022-02-22;09:00:01;555,6;;1;-;-;CROS;LB,OA;552,6;556,2;
2022-02-22;09:00:01;555,6;;1;-;-;CROS;LB,OA;552,6;556,2;
2022-02-22;09:00:01;555,6;;56;-;-;CROS;LB,OA;552,6;556,2;
2022-02-22;09:00:01;555,6;;1;-;-;CROS;LB,OA;552,6;556,2;
2022-02-22;09:00:01;555,6;;49;-;-;CROS;LB,OA;552,6;556,2;
2022-02-22;09:00:01;555,6;;3;-;-;CROS;LB,OA;552,6;556,2;
2022-02-22;09:00:01;555,6;;3;-;-;CROS;LB,OA;552,6;556,2;
2022-02-22;09:00:01;555,6;;7;-;-;CROS;LB,OA;552,6;556,2;
2022-02-22;09:00:01;555,6;;1;-;-;CROS;LB,OA;552,6;556,2;
2022-02-22;09:00:01;555,6;;30;-;-;CROS;LB,OA;552,6;556,2;
2022-02-22;09:00:01;555,6;;25;-;-;CROS;LB,OA;552,6;556,2;
2022-02-22;09:00:01;555,6;;11;-;-;CROS;LB,OA;552,6;556,2;
2022-02-22;09:00:01;555,6;;19;-;-;CROS;LB,OA;552,6;556,2;
2022-02-22;09:00:01;555,6;;8;-;-;CROS;LB,OA;552,6;556,2;
2022-02-22;09:00:01;555,6;;1478;-;-;AUCT;LB,OA;552,6;556,2;
