2022-02-18;09:15:01;1023,6;;60;-;-;;LB,CT;1 023,60;1 024,40;>
2022-02-18;09:15:01;1023,6;;13;-;-;;LB,CT;1 023,60;1 024,40;<
2022-02-18;09:15:01;1023,6;;33;-;-;;LB,CT;1 023,60;1 024,40;<
2022-02-18;09:15:01;1023,6;;17;-;-;;LB,CT;1 023,60;1 024,40;<
2022-02-18;09:14:58;1024,4;;26;-;-;;LB,CT;1 023,80;1 024,80;<
2022-02-18;09:14:58;1024,8;;42;-;-;;LB,CT;1 023,80;1 024,80;>
2022-02-18;09:14:58;1024,6;;18;-;-;;LB,CT;1 023,80;1 024,80;>
2022-02-18;09:14:58;1024,4;;65;-;-;;LB,CT;1 023,80;1 024,80;<
2022-02-18;09:14:58;1024,4;;52;-;-;;LB,CT;1 023,80;1 024,80;<
2022-02-18;09:14:56;1025;;4;-;-;;LB,CT;1 024,40;1 025,80;<
2022-02-18;09:14:56;1025,8;;5;-;-;;LB,CT;1 024,40;1 025,80;>
2022-02-18;09:14:53;1026;;40;-;-;;LB,CT;1 024,40;1 025,80;>
2022-02-18;09:14:53;1025,6;;60;-;-;;LB,CT;1 024,40;1 025,80;>
2022-02-18;09:14:47;1025,2;;10;-;-;;LB,CT;1 025,20;1 026,00;<
2022-02-18;09:14:47;1025,6;;15;-;-;;LB,CT;1 025,60;1 026,80;<
2022-02-18;09:14:46;1026,4;;20;-;-;;LB,CT;1 025,60;1 026,80;<
2022-02-18;09:14:46;1026,4;;40;-;-;;LB,CT;1 025,60;1 026,80;<
2022-02-18;09:14:45;1026,6;;5;-;-;STRO;OB,ON,PRIC,ALGO;1 026,40;1 027,00;<
2022-02-18;09:14:42;1026;;52;-;-;;LB,CT;1 025,20;1 026,40;<
2022-02-18;09:14:40;1026,6;;19;-;-;STRO;OB,ON,PRIC,ALGO;1 026,00;1 027,00;>
2022-02-18;09:14:40;1026,6;;1;-;-;STRO;OB,ON,PRIC,ALGO;1 026,00;1 027,00;>
2022-02-18;09:14:40;1026,6;;60;-;-;;LB,CT;1 026,00;1 027,00;>
2022-02-18;09:14:34;1025,8;;40;-;-;;LB,CT;1 025,40;1 026,20;<
2022-02-18;09:14:29;1025,8;;10;-;-;;LB,CT;1 025,80;1 026,60;<
2022-02-18;09:14:28;1025,8;;40;-;-;;LB,CT;1 025,80;1 026,60;<
2022-02-18;09:14:24;1025,6;;60;-;-;;LB,CT;1 025,20;1 026,00;<
2022-02-18;09:14:24;1026;;2;-;-;;LB,CT;1 025,20;1 026,00;>
2022-02-18;09:14:24;1026;;100;-;-;;LB,CT;1 025,20;1 026,00;>
2022-02-18;09:14:24;1026;;40;-;-;;LB,CT;1 025,20;1 026,00;>
2022-02-18;09:14:14;1024,4;;8;-;-;;LB,CT;1 024,20;1 025,60;>
2022-02-18;09:14:13;1025,6;;16;-;-;;LB,CT;1 024,20;1 025,60;>
2022-02-18;09:14:07;1024,4;;4;-;-;STRO;OB,ON,PRIC,ALGO;1 024,20;1 025,20;>
2022-02-18;09:14:06;1024,8;;5;-;-;STRO;OB,ON,PRIC,ALGO;1 024,20;1 025,20;>
2022-02-18;09:14:06;1024,8;;20;-;-;;LB,CT;1 024,20;1 025,20;>
2022-02-18;09:14:05;1024,8;;2;-;-;;LB,CT;1 023,80;1 024,80;>
2022-02-18;09:14:00;1024,4;;111;-;-;;LB,CT;1 024,40;1 025,20;<
2022-02-18;09:14:00;1024,6;;27;-;-;;LB,CT;1 024,60;1 025,60;<
2022-02-18;09:14:00;1024,6;;31;-;-;;LB,CT;1 024,60;1 025,60;<
2022-02-18;09:13:59;1025;;27;-;-;;LB,CT;1 024,40;1 025,00;>
2022-02-18;09:13:59;1024,2;;54;-;-;STRO;OB,ON,PRIC,ALGO;1 023,40;1 024,40;<
2022-02-18;09:13:59;1024,4;;25;-;-;;LB,CT;1 023,40;1 024,40;<
2022-02-18;09:13:59;1024,4;;60;-;-;;LB,CT;1 023,40;1 024,40;>
2022-02-18;09:13:58;1023,6;;60;-;-;;LB,CT;1 023,00;1 024,00;>
2022-02-18;09:13:58;1023,2;;60;-;-;;LB,CT;1 023,00;1 024,00;<
2022-02-18;09:13:58;1023,4;;3;-;-;;LB,CT;1 023,00;1 024,00;>
2022-02-18;09:13:58;1024,4;;24;-;-;;LB,CT;1 022,80;1 023,80;<
2022-02-18;09:13:58;1024,4;;36;-;-;;LB,CT;1 022,80;1 023,80;>
2022-02-18;09:13:58;1024,4;;36;-;-;;LB,CT;1 022,80;1 023,80;<
2022-02-18;09:13:58;1024,4;;40;-;-;;LB,CT;1 022,80;1 023,80;>
2022-02-18;09:13:58;1024,4;;1;-;-;;LB,CT;1 022,80;1 023,80;>
2022-02-18;09:13:58;1024,2;;93;-;-;;LB,CT;1 022,80;1 023,80;<
2022-02-18;09:13:58;1023,8;;53;-;-;;LB,CT;1 022,80;1 023,80;>
2022-02-18;09:13:57;1023,8;;7;-;-;;LB,CT;1 022,80;1 023,80;>
2022-02-18;09:13:55;1022,8;;24;-;-;;LB,CT;1 023,20;1 023,80;<
2022-02-18;09:13:55;1023,2;;1;-;-;;LB,CT;1 023,20;1 023,80;<
2022-02-18;09:13:54;1023,4;;40;-;-;;LB,CT;1 023,20;1 024,00;<
2022-02-18;09:13:50;1024,2;;19;-;-;;LB,CT;1 023,40;1 024,20;<
2022-02-18;09:13:50;1024,2;;22;-;-;;LB,CT;1 023,40;1 024,20;>
2022-02-18;09:13:50;1024,2;;3;-;-;;LB,CT;1 023,40;1 024,20;>
2022-02-18;09:13:47;1023,8;;65;-;-;;LB,CT;1 023,40;1 024,20;>
2022-02-18;09:13:38;1024;;2;-;-;;LB,CT;1 022,80;1 024,00;>
2022-02-18;09:13:32;1023,6;;31;-;-;;LB,CT;1 023,60;1 024,20;<
2022-02-18;09:13:28;1024;;60;-;-;;LB,CT;1 023,80;1 024,20;>
2022-02-18;09:13:28;1023,6;;3;-;-;;LB,CT;1 023,60;1 024,00;<
2022-02-18;09:13:25;1024;;60;-;-;;LB,CT;1 022,80;1 023,60;>
2022-02-18;09:13:25;1023,6;;48;-;-;;LB,CT;1 022,80;1 023,60;>
2022-02-18;09:13:23;1024;;81;-;-;;LB,CT;1 023,20;1 024,00;<
2022-02-18;09:13:20;1023,8;;3;-;-;STRO;OB,ON,PRIC,ALGO;1 023,60;1 024,60;>
2022-02-18;09:13:20;1023,8;;3;-;-;;LB,CT;1 023,20;1 024,20;>
2022-02-18;09:13:19;1023;;52;-;-;;LB,CT;1 022,40;1 023,00;>
2022-02-18;09:13:19;1023;;34;-;-;;LB,CT;1 022,40;1 023,00;>
2022-02-18;09:13:19;1023;;137;-;-;;LB,CT;1 022,40;1 023,00;>
2022-02-18;09:13:19;1023;;40;-;-;;LB,CT;1 022,40;1 023,00;>
2022-02-18;09:13:19;1023;;50;-;-;;LB,CT;1 022,40;1 023,00;>
2022-02-18;09:13:18;1023,2;;10;-;-;STRO;OB,ON,PRIC,ALGO;1 022,40;1 023,00;<
2022-02-18;09:13:18;1023,2;;17;-;-;;LB,CT;1 022,40;1 023,00;<
2022-02-18;09:13:18;1023,2;;100;-;-;;LB,CT;1 022,40;1 023,00;<
2022-02-18;09:13:18;1023,4;;60;-;-;;LB,CT;1 022,40;1 023,00;<
2022-02-18;09:13:14;1024,2;;11;-;-;;LB,CT;1 023,80;1 024,60;<
2022-02-18;09:13:13;1024,2;;13;-;-;;LB,CT;1 024,20;1 025,00;<
2022-02-18;09:13:07;1023,8;;24;-;-;;LB,CT;1 023,20;1 023,80;>
2022-02-18;09:13:07;1023,2;;4;-;-;STRO;OB,ON,PRIC,ALGO;1 022,40;1 023,60;>
2022-02-18;09:13:07;1022,6;;30;-;-;STRO;OB,ON,PRIC,ALGO;1 022,40;1 023,60;>
2022-02-18;09:13:07;1022,6;;3;-;-;STRO;OB,ON,PRIC,ALGO;1 022,40;1 023,60;>
2022-02-18;09:13:07;1022,4;;60;-;-;;LB,CT;1 021,80;1 022,40;>
2022-02-18;09:13:06;1022,6;;49;-;-;;LB,CT;1 021,80;1 022,80;<
2022-02-18;09:13:06;1022,6;;52;-;-;;LB,CT;1 021,80;1 022,80;<
2022-02-18;09:13:06;1022,8;;91;-;-;;LB,CT;1 021,80;1 022,80;<
2022-02-18;09:13:06;1024;;4;-;-;;LB,CT;1 022,80;1 024,20;>
2022-02-18;09:13:06;1024;;36;-;-;;LB,CT;1 022,80;1 024,20;>
2022-02-18;09:13:06;1023,8;;60;-;-;;LB,CT;1 022,80;1 024,20;>
2022-02-18;09:13:02;1023;;9;-;-;;LB,CT;1 022,60;1 023,80;<
2022-02-18;09:12:52;1023,6;;58;-;-;;LB,CT;1 023,60;1 024,60;<
2022-02-18;09:12:52;1024;;1;-;-;;LB,CT;1 024,20;1 025,00;<
2022-02-18;09:12:52;1024,2;;22;-;-;;LB,CT;1 024,20;1 025,00;<
2022-02-18;09:12:52;1024,2;;53;-;-;;LB,CT;1 024,20;1 025,00;<
2022-02-18;09:12:44;1025;;1;-;-;;LB,CT;1 025,00;1 025,40;<
2022-02-18;09:12:44;1025,8;;105;-;-;;LB,CT;1 025,00;1 025,40;<
2022-02-18;09:12:44;1025,8;;334;-;-;;LB,CT;1 025,00;1 025,40;>
2022-02-18;09:12:44;1025,8;;60;-;-;;LB,CT;1 025,00;1 025,40;>
2022-02-18;09:12:44;1025,4;;60;-;-;;LB,CT;1 025,00;1 025,40;>
2022-02-18;09:12:41;1025;;24;-;-;;LB,CT;1 024,20;1 025,40;>
2022-02-18;09:12:41;1025;;154;-;-;;LB,CT;1 024,20;1 025,40;>
2022-02-18;09:12:41;1025;;68;-;-;;LB,CT;1 024,20;1 025,40;>
2022-02-18;09:12:41;1025;;126;-;-;;LB,CT;1 024,20;1 025,40;>
2022-02-18;09:12:38;1024,2;;9;-;-;;LB,CT;1 024,20;1 025,00;<
2022-02-18;09:12:32;1025;;16;-;-;;LB,CT;1 024,20;1 025,00;>
2022-02-18;09:12:31;1024,2;;25;-;-;;LB,CT;1 024,20;1 024,80;<
2022-02-18;09:12:31;1024,8;;50;-;-;;LB,CT;1 024,20;1 024,80;<
2022-02-18;09:12:27;1025;;140;-;-;;LB,CT;1 023,80;1 025,00;>
2022-02-18;09:12:27;1025;;74;-;-;;LB,CT;1 023,80;1 025,00;<
2022-02-18;09:12:27;1025;;27;-;-;;LB,CT;1 023,80;1 025,00;<
2022-02-18;09:12:24;1025;;1;-;-;;LB,CT;1 025,00;1 025,80;<
2022-02-18;09:12:23;1025,6;;60;-;-;;LB,CT;1 025,20;1 026,20;<
2022-02-18;09:12:22;1026,2;;122;-;-;;LB,CT;1 025,60;1 026,60;>
2022-02-18;09:12:22;1026,2;;212;-;-;;LB,CT;1 025,60;1 026,60;>
2022-02-18;09:12:22;1024,4;;40;-;-;;LB,CT;1 025,80;1 026,60;<
2022-02-18;09:12:22;1024,4;;100;-;-;;LB,CT;1 025,80;1 026,60;<
2022-02-18;09:12:22;1024,6;;30;-;-;;LB,CT;1 025,80;1 026,60;<
2022-02-18;09:12:22;1024,6;;60;-;-;;LB,CT;1 025,80;1 026,60;<
2022-02-18;09:12:22;1025;;60;-;-;;LB,CT;1 025,80;1 026,60;<
2022-02-18;09:12:22;1025,8;;60;-;-;;LB,CT;1 025,80;1 026,60;<
2022-02-18;09:12:22;1024,6;;60;-;-;;LB,CT;1 025,80;1 026,60;<
2022-02-18;09:12:22;1025,2;;99;-;-;;LB,CT;1 023,60;1 024,80;>
2022-02-18;09:12:22;1025,2;;8;-;-;;LB,CT;1 023,60;1 024,80;>
2022-02-18;09:12:22;1025;;10;-;-;;LB,CT;1 023,60;1 024,80;>
2022-02-18;09:12:16;1024,2;;45;-;-;;LB,CT;1 024,60;1 025,00;<
2022-02-18;09:12:16;1024,4;;9;-;-;;LB,CT;1 024,60;1 025,00;<
2022-02-18;09:12:16;1024,6;;63;-;-;;LB,CT;1 024,60;1 025,00;<
2022-02-18;09:12:16;1024,8;;67;-;-;;LB,CT;1 024,60;1 025,00;<
2022-02-18;09:12:14;1024,8;;1;-;-;;LB,CT;1 025,00;1 025,80;<
2022-02-18;09:12:14;1025;;143;-;-;;LB,CT;1 025,00;1 025,80;<
2022-02-18;09:12:14;1025,6;;42;-;-;;LB,CT;1 025,20;1 026,00;>
2022-02-18;09:12:14;1025,4;;18;-;-;;LB,CT;1 025,20;1 026,00;>
2022-02-18;09:12:14;1025,2;;90;-;-;;LB,CT;1 025,20;1 026,00;<
2022-02-18;09:12:14;1025,2;;100;-;-;;LB,CT;1 025,20;1 026,00;<
2022-02-18;09:12:10;1025,8;;25;-;-;;LB,CT;1 025,20;1 026,00;<
2022-02-18;09:12:10;1025,8;;63;-;-;;LB,CT;1 026,00;1 026,80;<
2022-02-18;09:12:08;1026,8;;5;-;-;;LB,CT;1 025,80;1 026,80;>
2022-02-18;09:12:07;1027;;4;-;-;;LB,CT;1 025,20;1 026,80;>
2022-02-18;09:12:07;1027;;21;-;-;;LB,CT;1 025,20;1 026,80;>
2022-02-18;09:12:07;1026,8;;36;-;-;;LB,CT;1 025,20;1 026,80;>
2022-02-18;09:12:07;1026,8;;334;-;-;;LB,CT;1 025,20;1 026,80;>
2022-02-18;09:11:59;1026,4;;18;-;-;;LB,CT;1 025,20;1 026,80;>
2022-02-18;09:11:52;1025,4;;22;-;-;;LB,CT;1 025,20;1 026,40;>
2022-02-18;09:11:52;1025,6;;28;-;-;;LB,CT;1 025,20;1 026,40;>
2022-02-18;09:11:50;1025,6;;1;-;-;;LB,CT;1 025,00;1 025,60;>
2022-02-18;09:11:49;1025,6;;6;-;-;;LB,CT;1 025,00;1 025,60;>
2022-02-18;09:11:49;1025,2;;10;-;-;;LB,CT;1 025,00;1 025,60;<
2022-02-18;09:11:49;1025,4;;90;-;-;;LB,CT;1 025,00;1 025,60;<
2022-02-18;09:11:49;1025,4;;48;-;-;;LB,CT;1 025,00;1 025,60;<
2022-02-18;09:11:49;1025,6;;92;-;-;;LB,CT;1 025,60;1 026,40;<
2022-02-18;09:11:49;1026;;50;-;-;;LB,CT;1 025,60;1 026,40;>
2022-02-18;09:11:49;1025,6;;5;-;-;;LB,CT;1 025,60;1 026,40;<
2022-02-18;09:11:48;1026;;10;-;-;;LB,CT;1 025,60;1 026,40;<
2022-02-18;09:11:46;1025,6;;24;-;-;;LB,CT;1 025,40;1 026,40;>
2022-02-18;09:11:45;1025,6;;5;-;-;;LB,CT;1 025,60;1 026,40;<
2022-02-18;09:11:45;1025,6;;9;-;-;;LB,CT;1 025,60;1 026,40;<
2022-02-18;09:11:35;1026;;304;-;-;;LB,CT;1 025,00;1 025,80;>
2022-02-18;09:11:33;1025,2;;30;-;-;;LB,CT;1 025,00;1 025,80;>
2022-02-18;09:11:33;1025,2;;26;-;-;;LB,CT;1 024,60;1 025,20;>
2022-02-18;09:11:31;1025,2;;12;-;-;;LB,CT;1 023,80;1 025,20;>
2022-02-18;09:11:30;1024,6;;50;-;-;STRO;OB,ON,PRIC,ALGO;1 023,80;1 025,20;>
2022-02-18;09:11:29;1024,4;;35;-;-;;LB,CT;1 023,40;1 024,40;>
2022-02-18;09:11:28;1023,6;;234;-;-;;LB,CT;1 023,60;1 024,80;>
2022-02-18;09:11:28;1023,6;;56;-;-;;LB,CT;1 023,60;1 024,80;<
2022-02-18;09:11:28;1024,8;;30;-;-;;LB,CT;1 024,00;1 024,80;>
2022-02-18;09:11:28;1024,8;;60;-;-;;LB,CT;1 024,00;1 024,80;>
2022-02-18;09:11:28;1024,4;;60;-;-;;LB,CT;1 024,00;1 024,80;>
2022-02-18;09:11:27;1024;;70;-;-;STRO;OB,ON,PRIC,ALGO;1 023,60;1 024,40;>
2022-02-18;09:11:27;1024;;12;-;-;;LB,CT;1 023,60;1 024,40;>
2022-02-18;09:11:27;1024;;58;-;-;;LB,CT;1 023,60;1 024,40;<
2022-02-18;09:11:27;1024;;2;-;-;;LB,CT;1 024,00;1 025,20;<
2022-02-18;09:11:27;1024,2;;4;-;-;;LB,CT;1 023,60;1 024,20;>
2022-02-18;09:11:26;1023,8;;50;-;-;;LB,CT;1 023,00;1 024,00;>
2022-02-18;09:11:26;1023,6;;60;-;-;;LB,CT;1 023,00;1 024,00;>
2022-02-18;09:11:26;1024;;40;-;-;;LB,CT;1 024,00;1 024,80;<
2022-02-18;09:11:23;1024,4;;5;-;-;;LB,CT;1 023,60;1 024,60;<
2022-02-18;09:11:21;1024,2;;5;-;-;;LB,CT;1 023,60;1 024,20;>
2022-02-18;09:11:20;1023,8;;25;-;-;;LB,CT;1 023,20;1 024,20;>
2022-02-18;09:11:15;1022,4;;7;-;-;;LB,CT;1 022,40;1 023,00;<
2022-02-18;09:11:14;1022,6;;5;-;-;;LB,CT;1 022,60;1 023,40;<
2022-02-18;09:11:07;1021,2;;15;-;-;;LB,CT;1 021,20;1 022,20;<
2022-02-18;09:11:05;1022;;5;-;-;;LB,CT;1 021,20;1 022,80;>
2022-02-18;09:11:05;1021,2;;10;-;-;;LB,CT;1 021,20;1 022,00;<
2022-02-18;09:11:04;1021;;20;-;-;;LB,CT;1 020,80;1 021,80;>
2022-02-18;09:11:04;1021;;182;-;-;;LB,CT;1 020,80;1 021,80;>
2022-02-18;09:11:04;1021;;68;-;-;;LB,CT;1 020,80;1 021,80;>
2022-02-18;09:11:04;1020,8;;6;-;-;;LB,CT;1 020,80;1 021,80;>
2022-02-18;09:11:04;1020,8;;40;-;-;;LB,CT;1 020,80;1 021,80;>
2022-02-18;09:11:04;1020,8;;60;-;-;;LB,CT;1 020,80;1 021,80;>
2022-02-18;09:11:01;1020;;371;-;-;;LB,CT;1 019,80;1 020,80;>
2022-02-18;09:11:01;1020;;127;-;-;;LB,CT;1 019,80;1 020,80;>
2022-02-18;09:11:01;1020;;2;-;-;;LB,CT;1 019,80;1 020,80;<
2022-02-18;09:10:55;1019,8;;2;-;-;;LB,CT;1 019,80;1 020,40;<
2022-02-18;09:10:55;1019,8;;1;-;-;;LB,CT;1 019,80;1 020,40;<
2022-02-18;09:10:49;1020;;123;-;-;;LB,CT;1 018,40;1 019,60;>
2022-02-18;09:10:46;1019;;77;-;-;HID;DB,CT;1 019,00;1 019,60;>
2022-02-18;09:10:46;1019;;106;-;-;;LB,CT;1 019,00;1 019,60;>
2022-02-18;09:10:46;1020;;252;-;-;;LB,CT;1 018,40;1 019,20;<
2022-02-18;09:10:46;1020;;83;-;-;;LB,CT;1 018,40;1 019,20;>
2022-02-18;09:10:46;1020;;60;-;-;;LB,CT;1 018,40;1 019,20;>
2022-02-18;09:10:46;1019,8;;81;-;-;;LB,CT;1 018,40;1 019,20;>
2022-02-18;09:10:46;1019,8;;50;-;-;;LB,CT;1 018,40;1 019,20;>
2022-02-18;09:10:46;1019,6;;91;-;-;;LB,CT;1 018,40;1 019,20;>
2022-02-18;09:10:46;1019,6;;60;-;-;;LB,CT;1 018,40;1 019,20;>
2022-02-18;09:10:46;1019,2;;273;-;-;;LB,CT;1 018,40;1 019,20;>
2022-02-18;09:10:46;1019,2;;50;-;-;;LB,CT;1 018,40;1 019,20;>
2022-02-18;09:10:45;1018,8;;714;-;-;;LB,CT;1 019,00;1 019,60;<
2022-02-18;09:10:45;1018,8;;286;-;-;;LB,CT;1 019,00;1 019,60;<
2022-02-18;09:10:45;1019;;90;-;-;;LB,CT;1 019,00;1 019,60;<
2022-02-18;09:10:45;1019;;1;-;-;;LB,CT;1 019,00;1 019,60;<
2022-02-18;09:10:45;1019;;1;-;-;;LB,CT;1 019,00;1 019,60;<
2022-02-18;09:10:43;1019,8;;2;-;-;;LB,CT;1 019,20;1 020,40;<
2022-02-18;09:10:43;1020;;22;-;-;;LB,CT;1 020,00;1 021,20;<
2022-02-18;09:10:43;1020;;43;-;-;;LB,CT;1 020,00;1 021,20;<
2022-02-18;09:10:43;1020;;15;-;-;;LB,CT;1 020,00;1 021,20;<
2022-02-18;09:10:43;1020;;60;-;-;;LB,CT;1 020,00;1 021,20;<
2022-02-18;09:10:42;1021;;2;-;-;STRO;OB,ON,PRIC,ALGO;1 020,00;1 021,20;>
2022-02-18;09:10:40;1021,4;;60;-;-;;LB,CT;1 020,00;1 021,20;>
2022-02-18;09:10:40;1021,2;;50;-;-;;LB,CT;1 020,00;1 021,20;>
2022-02-18;09:10:40;1020,8;;50;-;-;;LB,CT;1 020,00;1 021,20;>
2022-02-18;09:10:40;1020,8;;45;-;-;;LB,CT;1 020,00;1 021,20;>
2022-02-18;09:10:40;1020,8;;97;-;-;;LB,CT;1 020,00;1 021,20;>
2022-02-18;09:10:40;1020,6;;60;-;-;;LB,CT;1 020,00;1 021,20;>
2022-02-18;09:10:40;1020,2;;60;-;-;;LB,CT;1 020,00;1 021,20;>
2022-02-18;09:10:40;1020;;1;-;-;;LB,CT;1 020,00;1 020,60;<
2022-02-18;09:10:40;1020;;2;-;-;;LB,CT;1 020,00;1 020,60;<
2022-02-18;09:10:40;1020;;10;-;-;;LB,CT;1 020,00;1 020,60;<
2022-02-18;09:10:40;1020;;1;-;-;;LB,CT;1 020,00;1 020,60;<
2022-02-18;09:10:40;1020;;100;-;-;;LB,CT;1 020,00;1 020,60;<
2022-02-18;09:10:38;1020,8;;20;-;-;;LB,CT;1 020,20;1 021,00;<
2022-02-18;09:10:38;1021;;53;-;-;;LB,CT;1 020,20;1 021,00;<
2022-02-18;09:10:36;1021;;1;-;-;;LB,CT;1 021,20;1 021,80;<
2022-02-18;09:10:36;1021,2;;68;-;-;;LB,CT;1 021,20;1 021,80;<
2022-02-18;09:10:36;1021,4;;60;-;-;;LB,CT;1 021,20;1 021,80;>
2022-02-18;09:10:36;1021,2;;22;-;-;;LB,CT;1 021,20;1 021,80;<
2022-02-18;09:10:34;1021,8;;29;-;-;;LB,CT;1 021,40;1 022,20;>
2022-02-18;09:10:34;1021,8;;57;-;-;;LB,CT;1 021,40;1 022,20;>
2022-02-18;09:10:34;1021,8;;3;-;-;;LB,CT;1 021,40;1 022,20;>
2022-02-18;09:10:32;1023;;14;-;-;;LB,CT;1 021,80;1 022,60;<
2022-02-18;09:10:32;1023,2;;606;-;-;;LB,CT;1 023,00;1 024,00;<
2022-02-18;09:10:32;1023,2;;286;-;-;;LB,CT;1 023,00;1 024,00;<
2022-02-18;09:10:32;1023,2;;48;-;-;;LB,CT;1 023,00;1 024,00;>
2022-02-18;09:10:32;1023;;60;-;-;;LB,CT;1 023,00;1 024,00;>
2022-02-18;09:10:31;1023;;130;-;-;;LB,CT;1 022,40;1 023,00;<
2022-02-18;09:10:31;1023,2;;60;-;-;;LB,CT;1 022,80;1 023,60;>
2022-02-18;09:10:31;1022,2;;50;-;-;;LB,CT;1 022,40;1 023,20;>
2022-02-18;09:10:31;1022;;55;-;-;;LB,CT;1 022,40;1 023,20;>
2022-02-18;09:10:31;1022;;5;-;-;;LB,CT;1 022,40;1 023,20;>
2022-02-18;09:10:28;1022,8;;5;-;-;;LB,CT;1 022,00;1 022,80;>
2022-02-18;09:10:28;1022,8;;19;-;-;;LB,CT;1 022,20;1 022,80;<
2022-02-18;09:10:28;1023,2;;3;-;-;;LB,CT;1 022,20;1 022,80;<
2022-02-18;09:10:27;1023,2;;60;-;-;;LB,CT;1 023,20;1 023,60;>
2022-02-18;09:10:26;1023,4;;72;-;-;;LB,CT;1 023,40;1 024,00;<
2022-02-18;09:10:26;1024;;13;-;-;;LB,CT;1 023,40;1 024,20;>
2022-02-18;09:10:25;1023,6;;92;-;-;;LB,CT;1 024,00;1 024,80;<
2022-02-18;09:10:25;1023,6;;286;-;-;;LB,CT;1 024,00;1 024,80;<
2022-02-18;09:10:25;1024;;1;-;-;;LB,CT;1 024,00;1 024,80;<
2022-02-18;09:10:25;1024,2;;15;-;-;;LB,CT;1 024,00;1 024,80;>
2022-02-18;09:10:25;1024,2;;35;-;-;;LB,CT;1 024,00;1 024,80;<
2022-02-18;09:10:24;1024,8;;47;-;-;;LB,CT;1 024,20;1 024,80;<
2022-02-18;09:10:23;1025;;91;-;-;;LB,CT;1 024,80;1 025,20;<
2022-02-18;09:10:23;1025,2;;59;-;-;;LB,CT;1 025,00;1 025,60;<
2022-02-18;09:10:22;1025,2;;1;-;-;;LB,CT;1 025,20;1 026,00;<
2022-02-18;09:10:21;1025,6;;60;-;-;;LB,CT;1 025,60;1 026,80;<
2022-02-18;09:10:20;1026,4;;51;-;-;CROS;PA,UA;1 026,00;1 026,80;
2022-02-18;09:10:20;1026,4;;51;-;-;AOD;PA,UA;1 026,00;1 026,80;
2022-02-18;09:10:20;1026,4;;60;-;-;;LB,CT;1 026,00;1 026,80;>
2022-02-18;09:10:20;1026;;50;-;-;;LB,CT;1 025,60;1 026,60;<
2022-02-18;09:10:20;1026;;50;-;-;;LB,CT;1 025,60;1 026,60;<
2022-02-18;09:10:20;1026;;60;-;-;;LB,CT;1 025,60;1 026,60;<
2022-02-18;09:10:20;1025,4;;28;-;-;;LB,CT;1 024,80;1 025,40;>
2022-02-18;09:10:19;1025;;180;-;-;;LB,CT;1 024,40;1 025,40;>
2022-02-18;09:10:19;1025;;413;-;-;;LB,CT;1 024,40;1 025,40;>
2022-02-18;09:10:19;1025;;87;-;-;;LB,CT;1 024,40;1 025,40;>
2022-02-18;09:10:19;1025;;30;-;-;;LB,CT;1 024,40;1 025,40;>
2022-02-18;09:10:12;1024;;12;-;-;;LB,CT;1 024,00;1 024,60;<
2022-02-18;09:10:12;1024;;141;-;-;;LB,CT;1 024,00;1 024,60;>
2022-02-18;09:10:11;1024,6;;13;-;-;;LB,CT;1 024,00;1 025,00;>
2022-02-18;09:10:11;1024;;59;-;-;;LB,CT;1 024,00;1 025,00;<
2022-02-18;09:10:07;1024,4;;66;-;-;;LB,CT;1 024,40;1 025,40;<
2022-02-18;09:10:06;1025,2;;45;-;-;;LB,CT;1 024,60;1 025,40;<
2022-02-18;09:10:06;1025,2;;3;-;-;;LB,CT;1 024,40;1 025,20;>
2022-02-18;09:10:06;1025;;60;-;-;;LB,CT;1 024,40;1 025,20;>
2022-02-18;09:10:06;1024,4;;1;-;-;;LB,CT;1 024,40;1 025,20;<
2022-02-18;09:10:06;1024,4;;2;-;-;;LB,CT;1 024,40;1 025,20;<
2022-02-18;09:10:04;1024,8;;4;-;-;;LB,CT;1 024,60;1 025,20;>
2022-02-18;09:10:04;1024,6;;5;-;-;STRO;OB,ON,PRIC,ALGO;1 024,00;1 024,80;>
2022-02-18;09:09:59;1024;;60;-;-;;LB,CT;1 023,80;1 024,40;>
2022-02-18;09:09:59;1023,6;;60;-;-;;LB,CT;1 023,20;1 023,60;>
2022-02-18;09:09:58;1023,6;;91;-;-;;LB,CT;1 023,20;1 023,60;<
2022-02-18;09:09:58;1023,8;;22;-;-;;LB,CT;1 023,20;1 023,60;<
2022-02-18;09:09:58;1023,8;;83;-;-;;LB,CT;1 023,20;1 023,60;<
2022-02-18;09:09:57;1024,6;;9;-;-;;LB,CT;1 023,80;1 024,40;>
2022-02-18;09:09:57;1024,6;;7;-;-;;LB,CT;1 023,80;1 024,40;>
2022-02-18;09:09:57;1024,6;;20;-;-;;LB,CT;1 023,80;1 024,40;>
2022-02-18;09:09:57;1024,4;;40;-;-;;LB,CT;1 023,80;1 024,40;<
2022-02-18;09:09:54;1024,6;;2;-;-;;LB,CT;1 023,80;1 024,60;>
2022-02-18;09:09:54;1024,6;;40;-;-;;LB,CT;1 023,80;1 024,60;>
2022-02-18;09:09:53;1024,8;;21;-;-;STRO;OB,ON,PRIC,ALGO;1 023,80;1 024,60;>
2022-02-18;09:09:53;1025,2;;70;-;-;STRO;OB,ON,PRIC,ALGO;1 023,80;1 024,60;>
2022-02-18;09:09:53;1024;;316;-;-;;LB,CT;1 023,00;1 025,00;>
2022-02-18;09:09:53;1024;;218;-;-;;LB,CT;1 023,00;1 025,00;<
2022-02-18;09:09:53;1024;;45;-;-;;LB,CT;1 023,00;1 025,00;<
2022-02-18;09:09:53;1024;;49;-;-;;LB,CT;1 023,00;1 025,00;<
2022-02-18;09:09:53;1024,2;;74;-;-;;LB,CT;1 023,00;1 025,00;<
2022-02-18;09:09:53;1024,2;;3;-;-;;LB,CT;1 023,00;1 025,00;<
2022-02-18;09:09:53;1024,4;;45;-;-;;LB,CT;1 023,00;1 025,00;<
2022-02-18;09:09:53;1024,4;;78;-;-;;LB,CT;1 023,00;1 025,00;<
2022-02-18;09:09:53;1024,4;;60;-;-;;LB,CT;1 023,00;1 025,00;<
2022-02-18;09:09:53;1024,6;;48;-;-;;LB,CT;1 023,00;1 025,00;<
2022-02-18;09:09:53;1024,8;;43;-;-;;LB,CT;1 023,00;1 025,00;<
2022-02-18;09:09:53;1024,8;;49;-;-;;LB,CT;1 023,00;1 025,00;<
2022-02-18;09:09:53;1024,8;;60;-;-;;LB,CT;1 023,00;1 025,00;<
2022-02-18;09:09:53;1025;;61;-;-;;LB,CT;1 023,00;1 025,00;<
2022-02-18;09:09:53;1025,2;;60;-;-;;LB,CT;1 023,00;1 025,00;<
2022-02-18;09:09:51;1025,4;;29;-;-;;LB,CT;1 024,80;1 026,20;>
2022-02-18;09:09:51;1025,2;;60;-;-;;LB,CT;1 024,80;1 026,20;>
2022-02-18;09:09:50;1024,6;;2;-;-;;LB,CT;1 024,60;1 025,20;<
2022-02-18;09:09:48;1025;;48;-;-;;LB,CT;1 024,60;1 025,20;<
2022-02-18;09:09:43;1025,2;;25;-;-;;LB,CT;1 024,60;1 025,60;>
2022-02-18;09:09:36;1024,4;;30;-;-;STRO;OB,ON,PRIC,ALGO;1 024,00;1 024,80;>
2022-02-18;09:09:31;1024;;1;-;-;;LB,CT;1 023,00;1 024,20;>
2022-02-18;09:09:30;1023,6;;60;-;-;;LB,CT;1 023,20;1 024,00;>
2022-02-18;09:09:29;1023,2;;14;-;-;;LB,CT;1 023,20;1 024,00;<
2022-02-18;09:09:29;1023,2;;29;-;-;;LB,CT;1 024,80;1 025,60;<
2022-02-18;09:09:29;1023,2;;31;-;-;;LB,CT;1 024,80;1 025,60;<
2022-02-18;09:09:29;1023,4;;17;-;-;;LB,CT;1 024,80;1 025,60;<
2022-02-18;09:09:29;1023,4;;26;-;-;;LB,CT;1 024,80;1 025,60;<
2022-02-18;09:09:29;1023,4;;60;-;-;;LB,CT;1 024,80;1 025,60;<
2022-02-18;09:09:29;1023,8;;93;-;-;;LB,CT;1 024,80;1 025,60;<
2022-02-18;09:09:29;1023,8;;60;-;-;;LB,CT;1 024,80;1 025,60;<
2022-02-18;09:09:29;1023,8;;60;-;-;;LB,CT;1 024,80;1 025,60;<
2022-02-18;09:09:29;1023,6;;60;-;-;;LB,CT;1 024,80;1 025,60;<
2022-02-18;09:09:29;1023,8;;36;-;-;;LB,CT;1 024,80;1 025,60;<
2022-02-18;09:09:29;1024;;66;-;-;;LB,CT;1 024,80;1 025,60;<
2022-02-18;09:09:29;1024;;43;-;-;;LB,CT;1 024,80;1 025,60;<
2022-02-18;09:09:29;1024;;60;-;-;;LB,CT;1 024,80;1 025,60;<
2022-02-18;09:09:29;1024,2;;91;-;-;;LB,CT;1 024,80;1 025,60;<
2022-02-18;09:09:29;1024,8;;43;-;-;;LB,CT;1 024,80;1 025,60;<
2022-02-18;09:09:29;1024,8;;60;-;-;;LB,CT;1 024,80;1 025,60;<
2022-02-18;09:09:28;1025,2;;43;-;-;;LB,CT;1 025,60;1 026,40;<
2022-02-18;09:09:28;1025,2;;60;-;-;;LB,CT;1 025,60;1 026,40;<
2022-02-18;09:09:28;1025,6;;60;-;-;;LB,CT;1 025,60;1 026,40;<
2022-02-18;09:09:28;1026;;123;-;-;CROS;PA,UA,ALGO;1 025,60;1 026,40;>
2022-02-18;09:09:27;1025,4;;20;-;-;;LB,CT;1 024,80;1 025,40;>
2022-02-18;09:09:27;1025,4;;20;-;-;;LB,CT;1 024,80;1 025,40;>
2022-02-18;09:09:27;1025,4;;20;-;-;;LB,CT;1 024,80;1 025,40;>
2022-02-18;09:09:27;1025,4;;20;-;-;;LB,CT;1 024,80;1 025,40;>
2022-02-18;09:09:27;1025,4;;20;-;-;;LB,CT;1 024,80;1 025,40;>
2022-02-18;09:09:27;1025,4;;20;-;-;;LB,CT;1 024,80;1 025,40;>
2022-02-18;09:09:27;1025,4;;20;-;-;;LB,CT;1 024,80;1 025,40;>
2022-02-18;09:09:27;1025,4;;20;-;-;;LB,CT;1 024,80;1 025,40;>
2022-02-18;09:09:27;1025,4;;20;-;-;;LB,CT;1 024,80;1 025,40;>
2022-02-18;09:09:27;1025,4;;20;-;-;;LB,CT;1 024,80;1 025,40;>
2022-02-18;09:09:27;1025,4;;20;-;-;;LB,CT;1 024,80;1 025,40;>
2022-02-18;09:09:27;1025,4;;20;-;-;;LB,CT;1 024,80;1 025,40;>
2022-02-18;09:09:27;1025,4;;20;-;-;;LB,CT;1 024,80;1 025,40;>
2022-02-18;09:09:27;1025,4;;20;-;-;;LB,CT;1 024,80;1 025,40;>
2022-02-18;09:09:27;1025,4;;20;-;-;;LB,CT;1 024,80;1 025,40;>
2022-02-18;09:09:27;1025,4;;20;-;-;;LB,CT;1 024,80;1 025,40;>
2022-02-18;09:09:27;1025,4;;20;-;-;;LB,CT;1 024,80;1 025,40;>
2022-02-18;09:09:27;1025,4;;20;-;-;;LB,CT;1 024,80;1 025,40;>
2022-02-18;09:09:27;1025,4;;30;-;-;HID;DB,CT;1 024,80;1 025,40;>
2022-02-18;09:09:27;1025,4;;20;-;-;;LB,CT;1 024,80;1 025,40;>
2022-02-18;09:09:27;1025,4;;20;-;-;;LB,CT;1 024,80;1 025,40;>
2022-02-18;09:09:27;1025,4;;50;-;-;HID;DB,CT;1 024,80;1 025,40;>
2022-02-18;09:09:27;1025,4;;30;-;-;HID;DB,CT;1 024,80;1 025,40;>
2022-02-18;09:09:27;1025,4;;20;-;-;;LB,CT;1 024,80;1 025,40;>
2022-02-18;09:09:27;1025,4;;20;-;-;;LB,CT;1 024,80;1 025,40;>
2022-02-18;09:09:27;1025;;4;-;-;;LB,CT;1 024,40;1 025,00;>
2022-02-18;09:09:23;1024,6;;30;-;-;;LB,CT;1 024,00;1 025,00;>
2022-02-18;09:09:19;1024,6;;1;-;-;;LB,CT;1 024,00;1 024,60;>
2022-02-18;09:09:17;1024,4;;18;-;-;;LB,CT;1 024,00;1 024,60;>
2022-02-18;09:09:17;1024,4;;10;-;-;;LB,CT;1 024,00;1 024,60;>
2022-02-18;09:09:17;1024,2;;50;-;-;;LB,CT;1 024,00;1 024,60;>
2022-02-18;09:09:17;1023;;43;-;-;;LB,CT;1 024,20;1 024,80;<
2022-02-18;09:09:17;1023,4;;20;-;-;;LB,CT;1 024,20;1 024,80;<
2022-02-18;09:09:17;1023,4;;60;-;-;;LB,CT;1 024,20;1 024,80;<
2022-02-18;09:09:17;1023,6;;79;-;-;;LB,CT;1 024,20;1 024,80;<
2022-02-18;09:09:17;1023,8;;60;-;-;;LB,CT;1 024,20;1 024,80;<
2022-02-18;09:09:17;1024,2;;11;-;-;;LB,CT;1 024,20;1 024,80;<
2022-02-18;09:09:16;1024,2;;439;-;-;;LB,CT;1 023,60;1 024,20;<
2022-02-18;09:09:16;1024,2;;50;-;-;;LB,CT;1 023,60;1 024,20;>
2022-02-18;09:09:15;1024,2;;2;-;-;;LB,CT;1 024,20;1 024,80;<
2022-02-18;09:09:15;1024,4;;60;-;-;;LB,CT;1 024,20;1 024,80;>
2022-02-18;09:09:15;1024,2;;50;-;-;;LB,CT;1 024,20;1 024,80;<
2022-02-18;09:09:14;1024,2;;60;-;-;;LB,CT;1 024,60;1 025,00;<
2022-02-18;09:09:14;1024,4;;27;-;-;;LB,CT;1 024,60;1 025,00;<
2022-02-18;09:09:14;1024,6;;37;-;-;;LB,CT;1 024,60;1 025,00;<
2022-02-18;09:09:14;1024,6;;21;-;-;STRO;OB,ON,PRIC,ALGO;1 024,60;1 025,00;>
2022-02-18;09:09:14;1024,4;;951;-;-;;LB,CT;1 024,60;1 025,00;>
2022-02-18;09:09:14;1024,4;;714;-;-;;LB,CT;1 024,60;1 025,00;>
2022-02-18;09:09:14;1024,2;;64;-;-;;LB,CT;1 024,60;1 025,00;<
2022-02-18;09:09:14;1024,4;;60;-;-;;LB,CT;1 024,60;1 025,00;<
2022-02-18;09:09:14;1024,6;;34;-;-;;LB,CT;1 024,60;1 025,00;<
2022-02-18;09:09:14;1024,6;;20;-;-;;LB,CT;1 024,60;1 025,00;<
2022-02-18;09:09:13;1024,6;;40;-;-;;LB,CT;1 024,60;1 025,00;<
2022-02-18;09:09:13;1024,6;;60;-;-;;LB,CT;1 024,60;1 025,00;>
2022-02-18;09:09:12;1024,6;;60;-;-;;LB,CT;1 024,20;1 025,00;>
2022-02-18;09:09:11;1024,6;;60;-;-;;LB,CT;1 024,60;1 025,20;<
2022-02-18;09:09:11;1025;;60;-;-;;LB,CT;1 024,60;1 025,20;>
2022-02-18;09:09:11;1025;;93;-;-;;LB,CT;1 025,00;1 025,20;<
2022-02-18;09:09:11;1025;;84;-;-;;LB,CT;1 025,00;1 025,20;<
2022-02-18;09:09:11;1025;;213;-;-;;LB,CT;1 025,00;1 025,20;<
2022-02-18;09:09:11;1025,2;;20;-;-;;LB,CT;1 025,00;1 025,20;>
2022-02-18;09:09:11;1025,2;;20;-;-;;LB,CT;1 025,00;1 025,20;>
2022-02-18;09:09:11;1025;;3;-;-;;LB,CT;1 025,00;1 025,20;>
2022-02-18;09:09:07;1023,8;;1;-;-;;LB,CT;1 023,80;1 024,60;<
2022-02-18;09:09:04;1024,6;;21;-;-;;LB,CT;1 023,80;1 024,20;>
2022-02-18;09:09:04;1024,2;;1;-;-;;LB,CT;1 023,80;1 024,20;>
2022-02-18;09:09:04;1024,2;;8;-;-;;LB,CT;1 023,80;1 024,20;>
2022-02-18;09:09:03;1024,2;;9;-;-;;LB,CT;1 023,60;1 024,20;>
2022-02-18;09:09:03;1024,2;;1;-;-;;LB,CT;1 023,60;1 024,20;>
2022-02-18;09:08:59;1024;;60;-;-;;LB,CT;1 023,60;1 024,40;>
2022-02-18;09:08:57;1024,6;;20;-;-;;LB,CT;1 024,20;1 024,60;>
2022-02-18;09:08:57;1024,6;;20;-;-;;LB,CT;1 024,20;1 024,60;>
2022-02-18;09:08:56;1024,6;;20;-;-;;LB,CT;1 024,20;1 024,60;>
2022-02-18;09:08:56;1024,6;;20;-;-;;LB,CT;1 024,20;1 024,60;>
2022-02-18;09:08:56;1024,6;;20;-;-;;LB,CT;1 024,20;1 024,60;>
2022-02-18;09:08:56;1024,6;;20;-;-;;LB,CT;1 024,20;1 024,60;>
2022-02-18;09:08:56;1024,6;;20;-;-;;LB,CT;1 024,20;1 024,60;>
2022-02-18;09:08:56;1024,6;;20;-;-;;LB,CT;1 024,20;1 024,60;>
2022-02-18;09:08:56;1024,6;;20;-;-;;LB,CT;1 024,20;1 024,60;>
2022-02-18;09:08:56;1024,6;;20;-;-;;LB,CT;1 024,20;1 024,60;>
2022-02-18;09:08:56;1024,6;;20;-;-;;LB,CT;1 024,20;1 024,60;>
2022-02-18;09:08:55;1024,6;;20;-;-;;LB,CT;1 023,80;1 024,60;>
2022-02-18;09:08:55;1024,6;;20;-;-;;LB,CT;1 023,80;1 024,60;>
2022-02-18;09:08:47;1024,4;;3;-;-;STRO;OB,ON,PRIC,ALGO;1 024,20;1 025,20;>
2022-02-18;09:08:47;1025,4;;13;-;-;;LB,CT;1 024,60;1 025,40;>
2022-02-18;09:08:46;1025,4;;60;-;-;;LB,CT;1 024,20;1 025,00;>
2022-02-18;09:08:46;1025;;29;-;-;;LB,CT;1 024,20;1 025,00;<
2022-02-18;09:08:46;1025;;1;-;-;;LB,CT;1 024,20;1 025,00;>
2022-02-18;09:08:46;1025;;20;-;-;;LB,CT;1 024,20;1 025,00;>
2022-02-18;09:08:45;1024;;276;-;-;;LB,CT;1 023,80;1 024,60;>
2022-02-18;09:08:45;1024;;68;-;-;;LB,CT;1 023,80;1 024,60;>
2022-02-18;09:08:45;1024;;56;-;-;;LB,CT;1 023,80;1 024,60;>
2022-02-18;09:08:45;1023,8;;27;-;-;;LB,CT;1 023,00;1 024,00;>
2022-02-18;09:08:45;1023,8;;22;-;-;;LB,CT;1 023,00;1 024,00;>
2022-02-18;09:08:45;1023,4;;24;-;-;;LB,CT;1 023,00;1 024,00;<
2022-02-18;09:08:44;1023,4;;5;-;-;;LB,CT;1 022,40;1 023,00;>
2022-02-18;09:08:44;1023,4;;10;-;-;;LB,CT;1 022,40;1 023,00;>
2022-02-18;09:08:44;1023;;32;-;-;;LB,CT;1 022,40;1 023,00;>
2022-02-18;09:08:41;1022,4;;4;-;-;;LB,CT;1 022,40;1 023,20;<
2022-02-18;09:08:38;1022,8;;20;-;-;;LB,CT;1 021,80;1 022,40;>
2022-02-18;09:08:38;1022,4;;60;-;-;;LB,CT;1 021,80;1 022,40;>
2022-02-18;09:08:34;1021,8;;6;-;-;;LB,CT;1 021,20;1 022,00;>
2022-02-18;09:08:34;1021,8;;54;-;-;;LB,CT;1 021,20;1 022,00;>
2022-02-18;09:08:34;1022,4;;15;-;-;;LB,CT;1 021,20;1 022,00;>
2022-02-18;09:08:34;1022;;60;-;-;;LB,CT;1 021,20;1 022,00;>
2022-02-18;09:08:33;1021,4;;69;-;-;;LB,CT;1 021,40;1 022,20;<
2022-02-18;09:08:33;1021,4;;21;-;-;;LB,CT;1 021,40;1 022,20;<
2022-02-18;09:08:33;1021,6;;60;-;-;;LB,CT;1 021,40;1 022,20;<
2022-02-18;09:08:33;1022;;50;-;-;;LB,CT;1 021,40;1 022,20;<
2022-02-18;09:08:33;1021,8;;47;-;-;;LB,CT;1 021,60;1 022,60;>
2022-02-18;09:08:33;1021,6;;60;-;-;;LB,CT;1 021,60;1 022,60;>
2022-02-18;09:08:33;1020;;113;-;-;;LB,CT;1 022,00;1 022,80;<
2022-02-18;09:08:33;1020;;30;-;-;;LB,CT;1 022,00;1 022,80;<
2022-02-18;09:08:33;1020;;300;-;-;;LB,CT;1 022,00;1 022,80;<
2022-02-18;09:08:33;1020;;5;-;-;;LB,CT;1 022,00;1 022,80;<
2022-02-18;09:08:33;1020;;1;-;-;;LB,CT;1 022,00;1 022,80;<
2022-02-18;09:08:33;1020;;3;-;-;;LB,CT;1 022,00;1 022,80;<
2022-02-18;09:08:33;1020;;1;-;-;;LB,CT;1 022,00;1 022,80;<
2022-02-18;09:08:33;1020;;10;-;-;;LB,CT;1 022,00;1 022,80;<
2022-02-18;09:08:33;1020;;3;-;-;;LB,CT;1 022,00;1 022,80;<
2022-02-18;09:08:33;1020;;50;-;-;;LB,CT;1 022,00;1 022,80;<
2022-02-18;09:08:33;1020;;25;-;-;;LB,CT;1 022,00;1 022,80;<
2022-02-18;09:08:33;1020,2;;193;-;-;;LB,CT;1 022,00;1 022,80;<
2022-02-18;09:08:33;1020,4;;44;-;-;;LB,CT;1 022,00;1 022,80;<
2022-02-18;09:08:33;1020,6;;2;-;-;;LB,CT;1 022,00;1 022,80;<
2022-02-18;09:08:33;1021;;190;-;-;;LB,CT;1 022,00;1 022,80;<
2022-02-18;09:08:33;1021;;50;-;-;;LB,CT;1 022,00;1 022,80;<
2022-02-18;09:08:33;1021;;35;-;-;;LB,CT;1 022,00;1 022,80;<
2022-02-18;09:08:33;1021,4;;41;-;-;;LB,CT;1 022,00;1 022,80;<
2022-02-18;09:08:33;1021,4;;30;-;-;;LB,CT;1 022,00;1 022,80;<
2022-02-18;09:08:33;1021,4;;50;-;-;;LB,CT;1 022,00;1 022,80;<
2022-02-18;09:08:33;1021,6;;22;-;-;;LB,CT;1 022,00;1 022,80;<
2022-02-18;09:08:33;1021,6;;60;-;-;;LB,CT;1 022,00;1 022,80;<
2022-02-18;09:08:33;1022;;97;-;-;;LB,CT;1 022,00;1 022,80;<
2022-02-18;09:08:32;1022,4;;5;-;-;;LB,CT;1 022,20;1 022,80;>
2022-02-18;09:08:32;1022,2;;86;-;-;;LB,CT;1 021,60;1 022,00;>
2022-02-18;09:08:32;1022;;3;-;-;;LB,CT;1 021,60;1 022,00;>
2022-02-18;09:08:31;1022,4;;23;-;-;;LB,CT;1 021,60;1 022,40;>
2022-02-18;09:08:31;1022;;1;-;-;;LB,CT;1 021,60;1 022,40;>
2022-02-18;09:08:29;1021,6;;5;-;-;;LB,CT;1 021,60;1 022,40;<
2022-02-18;09:08:29;1021,4;;37;-;-;;LB,CT;1 021,60;1 022,40;<
2022-02-18;09:08:29;1021,6;;50;-;-;;LB,CT;1 021,60;1 022,40;<
2022-02-18;09:08:28;1021,6;;5;-;-;;LB,CT;1 021,60;1 022,40;<
2022-02-18;09:08:28;1021,6;;5;-;-;;LB,CT;1 021,60;1 022,40;<
2022-02-18;09:08:27;1021,8;;2;-;-;;LB,CT;1 021,40;1 022,20;<
2022-02-18;09:08:27;1022;;76;-;-;;LB,CT;1 022,00;1 022,80;<
2022-02-18;09:08:27;1022;;15;-;-;;LB,CT;1 022,00;1 022,80;<
2022-02-18;09:08:27;1022;;75;-;-;;LB,CT;1 022,00;1 022,80;<
2022-02-18;09:08:27;1022;;5;-;-;;LB,CT;1 022,00;1 022,80;<
2022-02-18;09:08:26;1022,2;;5;-;-;;LB,CT;1 022,00;1 022,80;<
2022-02-18;09:08:26;1022,6;;20;-;-;;LB,CT;1 022,20;1 022,80;>
2022-02-18;09:08:26;1022,6;;58;-;-;;LB,CT;1 022,20;1 022,80;>
2022-02-18;09:08:26;1022,6;;2;-;-;;LB,CT;1 022,20;1 022,80;>
2022-02-18;09:08:24;1022,2;;40;-;-;;LB,CT;1 022,00;1 022,60;<
2022-02-18;09:08:24;1022,2;;60;-;-;;LB,CT;1 022,00;1 022,60;<
2022-02-18;09:08:24;1022,2;;5;-;-;;LB,CT;1 022,20;1 022,80;>
2022-02-18;09:08:24;1022,4;;18;-;-;;LB,CT;1 022,00;1 022,80;<
2022-02-18;09:08:24;1022,4;;5;-;-;;LB,CT;1 022,00;1 022,80;<
2022-02-18;09:08:23;1023;;60;-;-;;LB,CT;1 022,40;1 023,40;>
2022-02-18;09:08:23;1023,2;;5;-;-;;LB,CT;1 022,80;1 023,60;>
2022-02-18;09:08:22;1022,2;;3;-;-;;LB,CT;1 022,60;1 023,20;<
2022-02-18;09:08:22;1022,2;;60;-;-;;LB,CT;1 022,60;1 023,20;<
2022-02-18;09:08:22;1022,6;;60;-;-;;LB,CT;1 022,60;1 023,20;<
2022-02-18;09:08:22;1023,2;;60;-;-;;LB,CT;1 022,20;1 023,20;>
2022-02-18;09:08:22;1023;;35;-;-;STRO;OB,ON,PRIC,ALGO;1 022,60;1 023,20;>
2022-02-18;09:08:22;1022,8;;60;-;-;;LB,CT;1 022,60;1 023,20;>
2022-02-18;09:08:22;1022,8;;5;-;-;;LB,CT;1 022,60;1 023,20;>
2022-02-18;09:08:20;1022,2;;149;-;-;;LB,CT;1 022,00;1 022,80;>
2022-02-18;09:08:20;1022,2;;1;-;-;;LB,CT;1 022,00;1 022,80;>
2022-02-18;09:08:18;1022,8;;70;-;-;STRO;OB,ON,PRIC,ALGO;1 022,60;1 023,60;>
2022-02-18;09:08:18;1022,8;;70;-;-;STRO;OB,ON,PRIC,ALGO;1 022,60;1 023,60;>
2022-02-18;09:08:18;1023;;5;-;-;;LB,CT;1 022,00;1 022,80;>
2022-02-18;09:08:18;1023;;27;-;-;;LB,CT;1 022,00;1 022,80;>
2022-02-18;09:08:18;1022,8;;18;-;-;;LB,CT;1 022,00;1 022,80;>
2022-02-18;09:08:18;1022,8;;60;-;-;;LB,CT;1 022,00;1 022,80;>
2022-02-18;09:08:18;1022,2;;47;-;-;;LB,CT;1 022,20;1 023,00;<
2022-02-18;09:08:18;1022,2;;50;-;-;;LB,CT;1 022,20;1 023,00;<
2022-02-18;09:08:18;1022,2;;5;-;-;;LB,CT;1 022,20;1 023,00;<
2022-02-18;09:08:16;1022,8;;30;-;-;;LB,CT;1 022,20;1 023,00;>
2022-02-18;09:08:15;1022,2;;5;-;-;;LB,CT;1 022,20;1 022,80;<
2022-02-18;09:08:15;1022,8;;50;-;-;;LB,CT;1 022,00;1 022,80;>
2022-02-18;09:08:12;1022,2;;70;-;-;STRO;OB,ON,PRIC,ALGO;1 022,20;1 022,80;>
2022-02-18;09:08:12;1022,8;;60;-;-;;LB,CT;1 021,80;1 023,20;>
2022-02-18;09:08:12;1022;;211;-;-;;LB,CT;1 021,80;1 023,20;>
2022-02-18;09:08:12;1022,2;;47;-;-;;LB,CT;1 021,80;1 023,20;<
2022-02-18;09:08:12;1022,2;;60;-;-;;LB,CT;1 021,80;1 023,20;<
2022-02-18;09:08:12;1023;;10;-;-;;LB,CT;1 023,00;1 023,60;<
2022-02-18;09:08:12;1023;;2;-;-;;LB,CT;1 023,00;1 023,60;<
2022-02-18;09:08:12;1023;;77;-;-;;LB,CT;1 023,00;1 023,60;<
2022-02-18;09:08:11;1023,4;;5;-;-;;LB,CT;1 023,40;1 024,00;<
2022-02-18;09:08:10;1023,4;;5;-;-;;LB,CT;1 023,40;1 024,00;<
2022-02-18;09:08:10;1023,4;;1;-;-;;LB,CT;1 023,40;1 024,00;<
2022-02-18;09:08:10;1023,4;;63;-;-;;LB,CT;1 023,40;1 024,00;>
2022-02-18;09:08:10;1023,4;;1;-;-;;LB,CT;1 023,40;1 024,00;<
2022-02-18;09:08:09;1023,8;;19;-;-;;LB,CT;1 023,40;1 024,00;>
2022-02-18;09:08:09;1023,8;;41;-;-;;LB,CT;1 023,40;1 024,00;>
2022-02-18;09:08:07;1024,2;;22;-;-;;LB,CT;1 023,80;1 024,80;<
2022-02-18;09:08:06;1024,2;;19;-;-;;LB,CT;1 024,20;1 024,80;>
2022-02-18;09:08:06;1024,2;;81;-;-;;LB,CT;1 024,20;1 024,80;>
2022-02-18;09:08:05;1024;;8;-;-;;LB,CT;1 023,80;1 024,20;>
2022-02-18;09:08:05;1024;;50;-;-;;LB,CT;1 023,80;1 024,20;>
2022-02-18;09:08:04;1023,4;;9;-;-;;LB,CT;1 023,40;1 024,00;<
2022-02-18;09:08:04;1023,6;;32;-;-;;LB,CT;1 023,00;1 023,60;>
2022-02-18;09:08:03;1022,6;;30;-;-;;LB,CT;1 021,80;1 022,60;>
2022-02-18;09:08:03;1022,6;;30;-;-;;LB,CT;1 021,80;1 022,60;>
2022-02-18;09:08:02;1021,6;;23;-;-;STRO;OB,ON,PRIC,ALGO;1 021,80;1 022,60;<
2022-02-18;09:08:02;1021,4;;16;-;-;;LB,CT;1 021,20;1 023,00;<
2022-02-18;09:08:02;1021,4;;2;-;-;;LB,CT;1 021,20;1 023,00;<
2022-02-18;09:08:02;1022;;1;-;-;;LB,CT;1 021,20;1 023,00;<
2022-02-18;09:08:02;1022,2;;60;-;-;;LB,CT;1 021,20;1 023,00;<
2022-02-18;09:08:02;1022,4;;87;-;-;;LB,CT;1 021,20;1 023,00;<
2022-02-18;09:08:02;1022,6;;34;-;-;;LB,CT;1 021,20;1 023,00;<
2022-02-18;09:08:02;1022,6;;71;-;-;;LB,CT;1 021,20;1 023,00;<
2022-02-18;09:08:02;1022,6;;60;-;-;;LB,CT;1 021,20;1 023,00;<
2022-02-18;09:08:02;1022,8;;46;-;-;;LB,CT;1 021,20;1 023,00;<
2022-02-18;09:08:02;1022,8;;1;-;-;;LB,CT;1 021,20;1 023,00;<
2022-02-18;09:08:01;1023;;42;-;-;;LB,CT;1 022,60;1 024,00;<
2022-02-18;09:08:00;1023,6;;5;-;-;;LB,CT;1 023,00;1 023,60;>
2022-02-18;09:08:00;1023,6;;75;-;-;;LB,CT;1 023,00;1 023,60;>
2022-02-18;09:07:57;1023;;15;-;-;;LB,CT;1 022,40;1 023,00;>
2022-02-18;09:07:56;1022,4;;4;-;-;;LB,CT;1 022,40;1 023,00;<
2022-02-18;09:07:56;1022,4;;1;-;-;;LB,CT;1 022,40;1 023,00;<
2022-02-18;09:07:55;1022,6;;2;-;-;;LB,CT;1 022,60;1 023,40;<
2022-02-18;09:07:55;1022,6;;77;-;-;;LB,CT;1 022,60;1 023,40;<
2022-02-18;09:07:54;1022,6;;60;-;-;;LB,CT;1 022,60;1 023,40;<
2022-02-18;09:07:53;1023,4;;1;-;-;;LB,CT;1 022,80;1 023,40;>
2022-02-18;09:07:53;1022,8;;30;-;-;;LB,CT;1 022,80;1 023,40;<
2022-02-18;09:07:52;1023,4;;60;-;-;;LB,CT;1 023,60;1 024,00;>
2022-02-18;09:07:52;1023,4;;49;-;-;;LB,CT;1 023,60;1 024,00;<
2022-02-18;09:07:52;1023,6;;64;-;-;;LB,CT;1 023,60;1 024,00;<
2022-02-18;09:07:50;1023,8;;5;-;-;;LB,CT;1 023,80;1 024,00;<
2022-02-18;09:07:50;1023,8;;22;-;-;;LB,CT;1 023,80;1 024,00;<
2022-02-18;09:07:49;1024;;18;-;-;;LB,CT;1 023,80;1 024,60;>
2022-02-18;09:07:49;1024,2;;72;-;-;;LB,CT;1 023,80;1 024,60;<
2022-02-18;09:07:49;1024,2;;60;-;-;;LB,CT;1 023,80;1 024,60;<
2022-02-18;09:07:47;1024;;141;-;-;;LB,CT;1 023,60;1 024,00;>
2022-02-18;09:07:47;1024;;25;-;-;;LB,CT;1 023,60;1 024,00;>
2022-02-18;09:07:46;1024;;62;-;-;;LB,CT;1 024,00;1 024,60;<
2022-02-18;09:07:45;1024,4;;7;-;-;;LB,CT;1 024,00;1 024,40;>
2022-02-18;09:07:45;1024,4;;50;-;-;;LB,CT;1 024,00;1 024,40;>
2022-02-18;09:07:42;1024;;5;-;-;;LB,CT;1 024,00;1 024,60;<
2022-02-18;09:07:40;1024,2;;53;-;-;;LB,CT;1 024,20;1 024,60;<
2022-02-18;09:07:40;1024,4;;7;-;-;;LB,CT;1 024,20;1 024,60;<
2022-02-18;09:07:40;1024,6;;5;-;-;;LB,CT;1 024,20;1 024,60;>
2022-02-18;09:07:40;1024,6;;90;-;-;;LB,CT;1 024,20;1 024,60;>
2022-02-18;09:07:40;1024,4;;60;-;-;;LB,CT;1 024,00;1 024,80;>
2022-02-18;09:07:38;1024;;40;-;-;;LB,CT;1 024,00;1 024,80;<
2022-02-18;09:07:35;1024,4;;60;-;-;;LB,CT;1 024,00;1 024,80;>
2022-02-18;09:07:35;1023,8;;5;-;-;;LB,CT;1 023,60;1 024,40;>
2022-02-18;09:07:33;1024,2;;65;-;-;;LB,CT;1 023,60;1 024,40;<
2022-02-18;09:07:33;1024,4;;22;-;-;;LB,CT;1 023,60;1 024,40;<
2022-02-18;09:07:33;1024,4;;64;-;-;;LB,CT;1 023,60;1 024,40;<
2022-02-18;09:07:33;1024,4;;91;-;-;;LB,CT;1 023,60;1 024,40;<
2022-02-18;09:07:32;1024,8;;60;-;-;;LB,CT;1 024,80;1 025,60;<
2022-02-18;09:07:30;1025;;10;-;-;;LB,CT;1 024,40;1 025,60;>
2022-02-18;09:07:30;1025;;530;-;-;;LB,CT;1 024,40;1 025,60;>
2022-02-18;09:07:30;1025;;88;-;-;;LB,CT;1 024,40;1 025,60;>
2022-02-18;09:07:30;1025;;13;-;-;;LB,CT;1 024,40;1 025,60;>
2022-02-18;09:07:30;1024,8;;59;-;-;;LB,CT;1 024,40;1 025,60;>
2022-02-18;09:07:30;1024,8;;1;-;-;;LB,CT;1 024,40;1 025,60;>
2022-02-18;09:07:29;1024,6;;81;-;-;;LB,CT;1 024,20;1 024,80;<
2022-02-18;09:07:24;1025;;60;-;-;;LB,CT;1 024,60;1 025,40;<
2022-02-18;09:07:24;1025,4;;227;-;-;CROS;PA,UA;1 025,00;1 025,80;
2022-02-18;09:07:24;1025,4;;227;-;-;AOD;PA,UA;1 025,00;1 025,80;
2022-02-18;09:07:24;1025,4;;9;-;-;;LB,CT;1 025,00;1 025,80;>
2022-02-18;09:07:24;1025,2;;59;-;-;;LB,CT;1 025,00;1 025,80;>
2022-02-18;09:07:24;1025;;7;-;-;;LB,CT;1 025,00;1 025,80;>
2022-02-18;09:07:23;1024,8;;14;-;-;;LB,CT;1 024,60;1 025,00;>
2022-02-18;09:07:23;1023,4;;4;-;-;;LB,CT;1 023,00;1 024,40;<
2022-02-18;09:07:23;1023,4;;60;-;-;;LB,CT;1 023,00;1 024,40;<
2022-02-18;09:07:23;1024;;5;-;-;;LB,CT;1 023,00;1 024,40;<
2022-02-18;09:07:23;1024;;388;-;-;;LB,CT;1 023,00;1 024,40;<
2022-02-18;09:07:23;1024;;112;-;-;;LB,CT;1 023,00;1 024,40;<
2022-02-18;09:07:23;1024;;1;-;-;;LB,CT;1 023,00;1 024,40;<
2022-02-18;09:07:22;1024,8;;1;-;-;;LB,CT;1 024,00;1 024,80;>
2022-02-18;09:07:22;1024,6;;79;-;-;;LB,CT;1 024,60;1 025,40;<
2022-02-18;09:07:21;1024,6;;50;-;-;;LB,CT;1 024,60;1 025,40;<
2022-02-18;09:07:20;1024,8;;79;-;-;;LB,CT;1 024,60;1 025,00;<
2022-02-18;09:07:20;1024,8;;86;-;-;;LB,CT;1 024,60;1 025,00;<
2022-02-18;09:07:20;1024,8;;5;-;-;;LB,CT;1 024,60;1 025,00;<
2022-02-18;09:07:19;1025;;5;-;-;;LB,CT;1 025,00;1 026,00;<
2022-02-18;09:07:17;1025;;20;-;-;;LB,CT;1 025,20;1 026,00;<
2022-02-18;09:07:17;1025;;50;-;-;;LB,CT;1 025,20;1 026,00;<
2022-02-18;09:07:17;1025;;6;-;-;;LB,CT;1 025,20;1 026,00;<
2022-02-18;09:07:17;1025,6;;71;-;-;;LB,CT;1 025,20;1 026,00;<
2022-02-18;09:07:17;1025,8;;53;-;-;;LB,CT;1 025,20;1 026,00;<
2022-02-18;09:07:13;1025,8;;46;-;-;;LB,CT;1 025,60;1 026,20;<
2022-02-18;09:07:13;1026;;14;-;-;;LB,CT;1 025,60;1 026,20;>
2022-02-18;09:07:13;1025,6;;60;-;-;;LB,CT;1 025,60;1 026,40;<
2022-02-18;09:07:12;1025,8;;21;-;-;;LB,CT;1 025,80;1 027,00;<
2022-02-18;09:07:12;1026,4;;10;-;-;;LB,CT;1 025,80;1 027,00;>
2022-02-18;09:07:12;1025,8;;20;-;-;;LB,CT;1 025,60;1 026,20;>
2022-02-18;09:07:11;1025;;10;-;-;;LB,CT;1 024,80;1 026,00;<
2022-02-18;09:07:11;1025,4;;37;-;-;;LB,CT;1 024,80;1 026,00;<
2022-02-18;09:07:09;1025,4;;35;-;-;;LB,CT;1 025,40;1 026,40;<
2022-02-18;09:07:08;1025,6;;56;-;-;;LB,CT;1 025,80;1 026,80;<
2022-02-18;09:07:08;1025,8;;14;-;-;;LB,CT;1 025,80;1 026,80;<
2022-02-18;09:07:06;1027;;13;-;-;;LB,CT;1 026,60;1 027,80;>
2022-02-18;09:07:06;1027;;12;-;-;;LB,CT;1 026,60;1 027,80;>
2022-02-18;09:07:06;1027;;25;-;-;;LB,CT;1 026,60;1 027,80;>
2022-02-18;09:07:03;1026,6;;4;-;-;;LB,CT;1 026,60;1 027,80;<
2022-02-18;09:07:01;1025,8;;25;-;-;;LB,CT;1 025,80;1 026,80;<
2022-02-18;09:07:01;1025,8;;35;-;-;;LB,CT;1 025,80;1 026,80;<
2022-02-18;09:06:58;1025,8;;60;-;-;;LB,CT;1 025,80;1 026,60;<
2022-02-18;09:06:57;1026;;10;-;-;;LB,CT;1 025,80;1 026,60;>
2022-02-18;09:06:57;1026,2;;30;-;-;;LB,CT;1 025,80;1 027,20;>
2022-02-18;09:06:57;1026,2;;44;-;-;;LB,CT;1 025,80;1 027,20;>
2022-02-18;09:06:57;1026;;22;-;-;;LB,CT;1 025,80;1 027,20;>
2022-02-18;09:06:57;1026;;6;-;-;;LB,CT;1 025,80;1 027,20;>
2022-02-18;09:06:57;1025,6;;1;-;-;;LB,CT;1 025,80;1 027,20;>
2022-02-18;09:06:55;1024,8;;50;-;-;;LB,CT;1 024,20;1 025,40;>
2022-02-18;09:06:55;1024,8;;56;-;-;HID;DB,CT;1 024,20;1 025,40;>
2022-02-18;09:06:55;1024,8;;56;-;-;;LB,CT;1 024,20;1 025,40;>
2022-02-18;09:06:55;1025,4;;14;-;-;;LB,CT;1 024,20;1 025,40;>
2022-02-18;09:06:55;1025,4;;60;-;-;;LB,CT;1 024,20;1 025,40;>
2022-02-18;09:06:55;1024,6;;15;-;-;;LB,CT;1 024,00;1 024,60;>
2022-02-18;09:06:55;1024,6;;60;-;-;;LB,CT;1 024,00;1 024,60;>
2022-02-18;09:06:54;1025;;447;-;-;;LB,CT;1 024,80;1 025,40;>
2022-02-18;09:06:54;1025;;41;-;-;;LB,CT;1 024,80;1 025,40;<
2022-02-18;09:06:54;1025;;114;-;-;;LB,CT;1 024,80;1 025,40;<
2022-02-18;09:06:54;1025,2;;60;-;-;;LB,CT;1 024,80;1 025,40;<
2022-02-18;09:06:54;1025,2;;60;-;-;;LB,CT;1 024,80;1 025,40;<
2022-02-18;09:06:54;1025;;2;-;-;;LB,CT;1 025,00;1 025,80;<
2022-02-18;09:06:54;1025,2;;30;-;-;;LB,CT;1 025,00;1 025,80;<
2022-02-18;09:06:54;1025,2;;60;-;-;;LB,CT;1 025,00;1 025,80;<
2022-02-18;09:06:54;1025,8;;17;-;-;;LB,CT;1 025,00;1 025,80;>
2022-02-18;09:06:54;1025;;16;-;-;STRO;OB,ON,PRIC,ALGO;1 025,00;1 025,80;<
2022-02-18;09:06:54;1026,2;;70;-;-;STRO;OB,ON,PRIC,ALGO;1 025,00;1 025,80;<
2022-02-18;09:06:54;1025,4;;60;-;-;;LB,CT;1 025,00;1 025,80;<
2022-02-18;09:06:54;1026;;24;-;-;;LB,CT;1 025,00;1 025,80;>
2022-02-18;09:06:54;1025;;1;-;-;;LB,CT;1 025,00;1 025,80;<
2022-02-18;09:06:54;1025;;5;-;-;;LB,CT;1 025,00;1 025,80;<
2022-02-18;09:06:54;1025;;100;-;-;;LB,CT;1 025,00;1 025,80;<
2022-02-18;09:06:54;1025;;343;-;-;;LB,CT;1 025,00;1 025,80;<
2022-02-18;09:06:54;1025;;1;-;-;;LB,CT;1 025,00;1 025,80;<
2022-02-18;09:06:54;1025;;3;-;-;;LB,CT;1 025,00;1 025,80;<
2022-02-18;09:06:54;1025;;1;-;-;;LB,CT;1 025,00;1 025,80;<
2022-02-18;09:06:54;1025;;25;-;-;;LB,CT;1 025,00;1 025,80;<
2022-02-18;09:06:54;1025;;10;-;-;;LB,CT;1 025,00;1 025,80;<
2022-02-18;09:06:54;1025;;10;-;-;;LB,CT;1 025,00;1 025,80;<
2022-02-18;09:06:54;1025,2;;43;-;-;;LB,CT;1 025,00;1 025,80;<
2022-02-18;09:06:54;1025,2;;100;-;-;;LB,CT;1 025,00;1 025,80;<
2022-02-18;09:06:54;1025,4;;94;-;-;;LB,CT;1 025,00;1 025,80;<
2022-02-18;09:06:54;1025,8;;125;-;-;;LB,CT;1 025,00;1 025,80;<
2022-02-18;09:06:54;1025,8;;2;-;-;;LB,CT;1 025,00;1 025,80;<
2022-02-18;09:06:54;1026;;77;-;-;;LB,CT;1 025,00;1 025,80;<
2022-02-18;09:06:54;1026;;30;-;-;;LB,CT;1 025,00;1 025,80;<
2022-02-18;09:06:54;1026,2;;60;-;-;;LB,CT;1 025,00;1 025,80;<
2022-02-18;09:06:54;1026,2;;77;-;-;;LB,CT;1 027,20;1 027,80;<
2022-02-18;09:06:54;1026,2;;60;-;-;;LB,CT;1 027,20;1 027,80;<
2022-02-18;09:06:54;1026,4;;104;-;-;;LB,CT;1 027,20;1 027,80;<
2022-02-18;09:06:54;1026,6;;30;-;-;;LB,CT;1 027,20;1 027,80;<
2022-02-18;09:06:54;1026,6;;63;-;-;;LB,CT;1 027,20;1 027,80;<
2022-02-18;09:06:54;1026,8;;30;-;-;;LB,CT;1 027,20;1 027,80;<
2022-02-18;09:06:54;1026,8;;60;-;-;;LB,CT;1 027,20;1 027,80;<
2022-02-18;09:06:54;1027,2;;88;-;-;;LB,CT;1 027,20;1 027,80;<
2022-02-18;09:06:52;1027,8;;3;-;-;;LB,CT;1 027,20;1 027,80;>
2022-02-18;09:06:52;1027,8;;77;-;-;;LB,CT;1 027,20;1 027,80;<
2022-02-18;09:06:49;1027,2;;31;-;-;;LB,CT;1 026,80;1 027,80;<
2022-02-18;09:06:49;1027,2;;2;-;-;STRO;OB,ON,PRIC,ALGO;1 026,80;1 027,80;<
2022-02-18;09:06:49;1027;;30;-;-;;LB,CT;1 026,80;1 027,80;<
2022-02-18;09:06:49;1027;;6;-;-;;LB,CT;1 026,80;1 027,80;<
2022-02-18;09:06:49;1027,2;;59;-;-;;LB,CT;1 026,80;1 027,80;<
2022-02-18;09:06:49;1027,2;;13;-;-;;LB,CT;1 026,80;1 027,80;<
2022-02-18;09:06:49;1027,2;;30;-;-;;LB,CT;1 026,80;1 027,80;<
2022-02-18;09:06:49;1027,2;;60;-;-;;LB,CT;1 026,80;1 027,80;<
2022-02-18;09:06:48;1028,2;;13;-;-;;LB,CT;1 027,20;1 028,80;>
2022-02-18;09:06:48;1027,2;;55;-;-;;LB,CT;1 027,80;1 028,60;>
2022-02-18;09:06:48;1027,2;;25;-;-;;LB,CT;1 027,80;1 028,60;<
2022-02-18;09:06:48;1027,2;;75;-;-;;LB,CT;1 027,80;1 028,60;<
2022-02-18;09:06:48;1027,2;;5;-;-;;LB,CT;1 027,80;1 028,60;<
2022-02-18;09:06:48;1027,4;;30;-;-;;LB,CT;1 027,80;1 028,60;<
2022-02-18;09:06:48;1027,4;;60;-;-;;LB,CT;1 027,80;1 028,60;<
2022-02-18;09:06:48;1027,6;;90;-;-;;LB,CT;1 027,80;1 028,60;<
2022-02-18;09:06:48;1027,8;;60;-;-;;LB,CT;1 027,80;1 028,60;<
2022-02-18;09:06:45;1028,2;;1;-;-;;LB,CT;1 028,00;1 028,20;>
2022-02-18;09:06:45;1028,2;;49;-;-;;LB,CT;1 028,00;1 028,20;>
2022-02-18;09:06:43;1027,2;;2;-;-;;LB,CT;1 027,20;1 028,00;<
2022-02-18;09:06:39;1028;;5;-;-;;LB,CT;1 027,20;1 028,00;>
2022-02-18;09:06:38;1027,4;;21;-;-;;LB,CT;1 027,40;1 028,00;<
2022-02-18;09:06:38;1027,4;;50;-;-;;LB,CT;1 027,40;1 028,00;<
2022-02-18;09:06:36;1027,8;;36;-;-;;LB,CT;1 027,40;1 028,00;<
2022-02-18;09:06:36;1027,8;;98;-;-;;LB,CT;1 027,40;1 028,00;<
2022-02-18;09:06:35;1027,8;;15;-;-;;LB,CT;1 027,80;1 028,80;<
2022-02-18;09:06:32;1027,6;;61;-;-;;LB,CT;1 027,80;1 028,60;<
2022-02-18;09:06:31;1027,8;;1;-;-;;LB,CT;1 027,60;1 027,80;>
2022-02-18;09:06:29;1027,6;;24;-;-;;LB,CT;1 027,60;1 027,80;<
2022-02-18;09:06:25;1027,6;;1;-;-;;LB,CT;1 027,60;1 028,60;<
2022-02-18;09:06:25;1027,8;;1;-;-;;LB,CT;1 027,60;1 028,60;<
2022-02-18;09:06:22;1028,6;;20;-;-;;LB,CT;1 028,00;1 028,80;>
2022-02-18;09:06:21;1028;;2;-;-;;LB,CT;1 027,60;1 028,40;>
2022-02-18;09:06:20;1027,6;;15;-;-;;LB,CT;1 026,60;1 027,60;>
2022-02-18;09:06:20;1026,6;;19;-;-;;LB,CT;1 026,60;1 027,60;<
2022-02-18;09:06:20;1026,6;;29;-;-;;LB,CT;1 026,60;1 027,60;<
2022-02-18;09:06:20;1026,6;;30;-;-;;LB,CT;1 026,60;1 027,60;<
2022-02-18;09:06:20;1027;;100;-;-;;LB,CT;1 026,60;1 027,60;>
2022-02-18;09:06:17;1026,6;;30;-;-;;LB,CT;1 026,60;1 027,80;<
2022-02-18;09:06:16;1026,8;;20;-;-;;LB,CT;1 026,60;1 027,80;>
2022-02-18;09:06:15;1027,4;;20;-;-;;LB,CT;1 026,40;1 026,80;>
2022-02-18;09:06:15;1027,2;;35;-;-;;LB,CT;1 026,40;1 026,80;>
2022-02-18;09:06:15;1026,8;;136;-;-;;LB,CT;1 026,40;1 026,80;>
2022-02-18;09:06:13;1026,8;;90;-;-;;LB,CT;1 026,80;1 027,20;<
2022-02-18;09:06:13;1026,8;;1;-;-;;LB,CT;1 026,80;1 027,20;<
2022-02-18;09:06:11;1027;;60;-;-;;LB,CT;1 026,80;1 027,60;>
2022-02-18;09:06:11;1027,2;;28;-;-;;LB,CT;1 026,80;1 027,60;>
2022-02-18;09:06:11;1027,2;;32;-;-;;LB,CT;1 026,80;1 027,60;>
2022-02-18;09:06:11;1027;;50;-;-;;LB,CT;1 027,40;1 027,60;<
2022-02-18;09:06:11;1027,4;;1;-;-;;LB,CT;1 027,40;1 027,60;<
2022-02-18;09:06:11;1027,6;;60;-;-;;LB,CT;1 027,40;1 027,60;<
2022-02-18;09:06:09;1027,6;;16;-;-;;LB,CT;1 027,60;1 028,00;<
2022-02-18;09:06:07;1028,6;;60;-;-;;LB,CT;1 028,20;1 029,00;>
2022-02-18;09:06:07;1027,8;;37;-;-;;LB,CT;1 028,40;1 029,00;<
2022-02-18;09:06:07;1027,8;;341;-;-;;LB,CT;1 028,40;1 029,00;<
2022-02-18;09:06:07;1027,8;;122;-;-;;LB,CT;1 028,40;1 029,00;<
2022-02-18;09:06:07;1028;;18;-;-;;LB,CT;1 028,40;1 029,00;<
2022-02-18;09:06:07;1028,4;;60;-;-;;LB,CT;1 028,40;1 029,00;<
2022-02-18;09:06:07;1028,6;;24;-;-;;LB,CT;1 028,40;1 029,00;>
2022-02-18;09:06:07;1028,4;;24;-;-;;LB,CT;1 028,40;1 029,00;>
2022-02-18;09:06:07;1028,4;;126;-;-;;LB,CT;1 028,40;1 029,00;>
2022-02-18;09:06:07;1028;;54;-;-;;LB,CT;1 028,00;1 028,20;<
2022-02-18;09:06:07;1028;;5;-;-;;LB,CT;1 028,00;1 028,20;<
2022-02-18;09:06:07;1028,2;;18;-;-;;LB,CT;1 028,00;1 028,20;<
2022-02-18;09:06:07;1028,8;;10;-;-;;LB,CT;1 028,00;1 028,20;>
2022-02-18;09:06:07;1028,6;;14;-;-;;LB,CT;1 028,00;1 028,20;>
2022-02-18;09:06:07;1028,4;;60;-;-;;LB,CT;1 028,00;1 028,20;>
2022-02-18;09:06:07;1028,2;;20;-;-;;LB,CT;1 028,00;1 028,20;>
2022-02-18;09:06:05;1028,4;;75;-;-;;LB,CT;1 028,00;1 028,60;<
2022-02-18;09:06:03;1028,8;;65;-;-;;LB,CT;1 028,80;1 029,40;<
2022-02-18;09:06:03;1028,8;;82;-;-;;LB,CT;1 028,80;1 029,40;<
2022-02-18;09:06:01;1029,2;;65;-;-;;LB,CT;1 028,80;1 029,40;<
2022-02-18;09:06:00;1029,4;;1;-;-;;LB,CT;1 028,80;1 029,40;>
2022-02-18;09:05:59;1029,2;;1;-;-;;LB,CT;1 029,20;1 029,80;<
2022-02-18;09:05:57;1029,8;;57;-;-;;LB,CT;1 029,40;1 030,20;>
2022-02-18;09:05:57;1029,6;;18;-;-;;LB,CT;1 029,40;1 030,20;>
2022-02-18;09:05:56;1029,4;;77;-;-;;LB,CT;1 029,20;1 029,60;<
2022-02-18;09:05:56;1029,4;;17;-;-;;LB,CT;1 029,20;1 029,60;<
2022-02-18;09:05:56;1029,6;;25;-;-;;LB,CT;1 029,20;1 029,60;<
2022-02-18;09:05:55;1030,2;;60;-;-;;LB,CT;1 029,80;1 031,00;<
2022-02-18;09:05:55;1029,8;;35;-;-;;LB,CT;1 029,80;1 031,00;<
2022-02-18;09:05:55;1029,8;;45;-;-;;LB,CT;1 029,80;1 031,00;<
2022-02-18;09:05:55;1029,8;;60;-;-;;LB,CT;1 029,80;1 031,00;<
2022-02-18;09:05:55;1030,2;;60;-;-;;LB,CT;1 029,80;1 031,00;<
2022-02-18;09:05:54;1030,4;;1;-;-;;LB,CT;1 029,80;1 031,00;>
2022-02-18;09:05:54;1030,4;;14;-;-;;LB,CT;1 029,80;1 031,00;>
2022-02-18;09:05:54;1030,2;;1;-;-;STRO;OB,ON,PRIC,ALGO;1 029,60;1 030,40;>
2022-02-18;09:05:54;1030,2;;4;-;-;STRO;OB,ON,PRIC,ALGO;1 029,60;1 030,40;>
2022-02-18;09:05:51;1030;;14;-;-;;LB,CT;1 029,40;1 030,00;>
2022-02-18;09:05:51;1029,8;;14;-;-;;LB,CT;1 029,40;1 030,00;>
2022-02-18;09:05:51;1030;;302;-;-;;LB,CT;1 030,00;1 031,00;<
2022-02-18;09:05:51;1030;;41;-;-;;LB,CT;1 030,00;1 031,00;<
2022-02-18;09:05:50;1030,4;;45;-;-;;LB,CT;1 030,00;1 030,80;<
2022-02-18;09:05:48;1031,2;;63;-;-;;LB,CT;1 031,20;1 031,60;<
2022-02-18;09:05:48;1031,2;;33;-;-;;LB,CT;1 031,20;1 031,60;<
2022-02-18;09:05:46;1030,8;;16;-;-;;LB,CT;1 030,00;1 030,80;>
2022-02-18;09:05:45;1029,4;;60;-;-;;LB,CT;1 029,80;1 030,60;<
2022-02-18;09:05:45;1029,6;;32;-;-;;LB,CT;1 029,60;1 030,60;<
2022-02-18;09:05:45;1029,8;;32;-;-;;LB,CT;1 029,60;1 030,60;>
2022-02-18;09:05:45;1029,8;;72;-;-;;LB,CT;1 029,60;1 030,60;>
2022-02-18;09:05:45;1029,8;;293;-;-;;LB,CT;1 029,60;1 030,60;>
2022-02-18;09:05:45;1029,8;;74;-;-;;LB,CT;1 029,60;1 030,60;>
2022-02-18;09:05:45;1029,8;;33;-;-;;LB,CT;1 029,60;1 030,60;>
2022-02-18;09:05:45;1029,6;;60;-;-;;LB,CT;1 029,60;1 030,60;<
2022-02-18;09:05:45;1029,6;;120;-;-;;LB,CT;1 029,60;1 030,60;<
2022-02-18;09:05:45;1029,6;;70;-;-;STRO;OB,ON,PRIC,ALGO;1 029,60;1 030,60;<
2022-02-18;09:05:41;1028,8;;41;-;-;;LB,CT;1 028,80;1 029,20;<
2022-02-18;09:05:41;1029,6;;15;-;-;;LB,CT;1 028,80;1 029,60;>
2022-02-18;09:05:40;1029;;86;-;-;;LB,CT;1 028,80;1 029,40;<
2022-02-18;09:05:40;1029;;62;-;-;;LB,CT;1 028,80;1 029,40;<
2022-02-18;09:05:40;1029;;60;-;-;;LB,CT;1 028,80;1 029,60;<
2022-02-18;09:05:40;1029;;60;-;-;;LB,CT;1 028,60;1 029,60;<
2022-02-18;09:05:39;1029;;60;-;-;;LB,CT;1 029,00;1 029,80;<
2022-02-18;09:05:39;1029;;60;-;-;;LB,CT;1 029,00;1 029,80;<
2022-02-18;09:05:39;1028,2;;20;-;-;;LB,CT;1 028,60;1 029,60;<
2022-02-18;09:05:39;1028,4;;45;-;-;;LB,CT;1 028,60;1 029,60;<
2022-02-18;09:05:39;1028,6;;60;-;-;;LB,CT;1 028,60;1 029,60;<
2022-02-18;09:05:36;1028,8;;25;-;-;;LB,CT;1 028,80;1 029,20;<
2022-02-18;09:05:35;1029;;80;-;-;;LB,CT;1 029,20;1 029,80;<
2022-02-18;09:05:35;1029,2;;65;-;-;;LB,CT;1 029,20;1 029,80;<
2022-02-18;09:05:34;1029,8;;2;-;-;;LB,CT;1 029,20;1 029,80;>
2022-02-18;09:05:34;1029,6;;1;-;-;STRO;OB,ON,PRIC,ALGO;1 029,20;1 029,80;<
2022-02-18;09:05:33;1029,4;;19;-;-;STRO;OB,ON,PRIC,ALGO;1 029,20;1 029,80;<
2022-02-18;09:05:32;1029,4;;68;-;-;;LB,CT;1 029,20;1 029,60;<
2022-02-18;09:05:32;1029,4;;16;-;-;;LB,CT;1 029,40;1 030,00;<
2022-02-18;09:05:31;1029,8;;60;-;-;;LB,CT;1 029,60;1 030,60;>
2022-02-18;09:05:30;1029,6;;60;-;-;;LB,CT;1 029,20;1 029,80;<
2022-02-18;09:05:29;1029,8;;81;-;-;;LB,CT;1 029,20;1 030,00;<
2022-02-18;09:05:29;1030;;300;-;-;;LB,CT;1 029,20;1 030,00;<
2022-02-18;09:05:29;1030;;100;-;-;;LB,CT;1 029,20;1 030,00;<
2022-02-18;09:05:29;1030,2;;71;-;-;;LB,CT;1 030,00;1 030,60;>
2022-02-18;09:05:29;1030,2;;65;-;-;;LB,CT;1 030,00;1 030,60;<
2022-02-18;09:05:29;1030,2;;84;-;-;;LB,CT;1 030,00;1 030,60;<
2022-02-18;09:05:25;1030,6;;60;-;-;;LB,CT;1 030,20;1 030,80;<
2022-02-18;09:05:25;1030,2;;1;-;-;;LB,CT;1 030,20;1 031,20;<
2022-02-18;09:05:24;1030,6;;71;-;-;;LB,CT;1 030,20;1 031,00;<
2022-02-18;09:05:20;1031;;20;-;-;;LB,CT;1 030,60;1 031,60;<
2022-02-18;09:05:20;1031;;51;-;-;;LB,CT;1 030,60;1 031,60;<
2022-02-18;09:05:19;1031;;9;-;-;;LB,CT;1 031,00;1 032,00;<
2022-02-18;09:05:18;1031,6;;53;-;-;;LB,CT;1 030,60;1 031,60;>
2022-02-18;09:05:18;1031,8;;60;-;-;;LB,CT;1 031,40;1 032,00;<
2022-02-18;09:05:18;1031,8;;15;-;-;;LB,CT;1 031,40;1 032,00;<
2022-02-18;09:05:18;1031,8;;45;-;-;;LB,CT;1 031,40;1 032,00;<
2022-02-18;09:05:18;1032,2;;24;-;-;;LB,CT;1 031,40;1 032,00;<
2022-02-18;09:05:18;1032,6;;50;-;-;;LB,CT;1 031,40;1 032,00;>
2022-02-18;09:05:18;1032,6;;55;-;-;;LB,CT;1 031,40;1 032,00;<
2022-02-18;09:05:18;1032,6;;5;-;-;;LB,CT;1 031,40;1 032,00;<
2022-02-18;09:05:18;1032,6;;45;-;-;;LB,CT;1 031,40;1 032,00;>
2022-02-18;09:05:18;1032,6;;10;-;-;;LB,CT;1 031,40;1 032,00;>
2022-02-18;09:05:18;1032,6;;50;-;-;;LB,CT;1 031,40;1 032,00;>
2022-02-18;09:05:18;1032;;5;-;-;;LB,CT;1 031,40;1 032,00;>
2022-02-18;09:05:18;1032;;3;-;-;;LB,CT;1 031,40;1 032,00;>
2022-02-18;09:05:18;1031,6;;51;-;-;;LB,CT;1 031,40;1 032,00;>
2022-02-18;09:05:18;1031;;16;-;-;;LB,CT;1 031,00;1 031,60;>
2022-02-18;09:05:17;1029,8;;10;-;-;;LB,CT;1 029,80;1 030,80;<
2022-02-18;09:05:17;1030,2;;60;-;-;;LB,CT;1 029,80;1 030,80;<
2022-02-18;09:05:17;1029,8;;20;-;-;;LB,CT;1 029,80;1 030,80;<
2022-02-18;09:05:17;1029,8;;65;-;-;;LB,CT;1 029,80;1 030,80;<
2022-02-18;09:05:17;1030,2;;60;-;-;;LB,CT;1 029,80;1 030,80;<
2022-02-18;09:05:14;1029,6;;60;-;-;;LB,CT;1 029,20;1 030,20;<
2022-02-18;09:05:13;1030;;60;-;-;;LB,CT;1 030,00;1 030,80;<
2022-02-18;09:05:10;1029,4;;33;-;-;;LB,CT;1 029,60;1 030,60;>
2022-02-18;09:05:10;1029,4;;15;-;-;;LB,CT;1 029,60;1 030,60;>
2022-02-18;09:05:10;1029,4;;60;-;-;;LB,CT;1 029,60;1 030,60;>
2022-02-18;09:05:09;1029;;60;-;-;;LB,CT;1 028,20;1 028,80;>
2022-02-18;09:05:09;1028,8;;1;-;-;;LB,CT;1 028,20;1 028,80;>
2022-02-18;09:05:09;1028,8;;10;-;-;;LB,CT;1 028,20;1 028,80;>
2022-02-18;09:05:08;1029;;330;-;-;;LB,CT;1 029,20;1 029,40;<
2022-02-18;09:05:08;1029;;170;-;-;;LB,CT;1 029,20;1 029,40;<
2022-02-18;09:05:08;1029,2;;68;-;-;;LB,CT;1 029,20;1 029,40;<
2022-02-18;09:05:08;1029,2;;2;-;-;;LB,CT;1 029,20;1 029,40;<
2022-02-18;09:05:07;1029,8;;41;-;-;;LB,CT;1 029,20;1 030,00;<
2022-02-18;09:05:07;1029,8;;59;-;-;;LB,CT;1 029,20;1 030,00;<
2022-02-18;09:05:07;1029,6;;56;-;-;;LB,CT;1 029,20;1 030,00;>
2022-02-18;09:05:07;1029,4;;90;-;-;;LB,CT;1 029,20;1 030,00;<
2022-02-18;09:05:07;1029,6;;82;-;-;;LB,CT;1 029,20;1 030,00;<
2022-02-18;09:05:06;1030,2;;71;-;-;;LB,CT;1 029,20;1 030,20;>
2022-02-18;09:05:06;1030,2;;60;-;-;;LB,CT;1 029,20;1 030,20;>
2022-02-18;09:05:06;1029,8;;90;-;-;;LB,CT;1 029,20;1 029,80;<
2022-02-18;09:05:06;1030;;500;-;-;;LB,CT;1 029,20;1 029,80;<
2022-02-18;09:05:06;1030;;2;-;-;;LB,CT;1 029,20;1 029,80;<
2022-02-18;09:05:06;1030;;1;-;-;;LB,CT;1 029,20;1 029,80;<
2022-02-18;09:05:06;1030;;238;-;-;;LB,CT;1 029,20;1 029,80;<
2022-02-18;09:05:06;1030;;12;-;-;;LB,CT;1 029,20;1 029,80;<
2022-02-18;09:05:06;1030,6;;3;-;-;;LB,CT;1 029,20;1 029,80;<
2022-02-18;09:05:06;1030,8;;5;-;-;;LB,CT;1 031,00;1 031,60;<
2022-02-18;09:05:06;1030,8;;60;-;-;;LB,CT;1 031,00;1 031,60;>
2022-02-18;09:05:06;1030,8;;29;-;-;;LB,CT;1 031,00;1 031,60;<
2022-02-18;09:05:06;1030,8;;100;-;-;;LB,CT;1 031,00;1 031,60;<
2022-02-18;09:05:03;1031,2;;60;-;-;;LB,CT;1 031,20;1 032,00;<
2022-02-18;09:04:55;1031,6;;7;-;-;;LB,CT;1 031,60;1 032,00;<
2022-02-18;09:04:54;1031,6;;10;-;-;;LB,CT;1 031,60;1 032,00;<
2022-02-18;09:04:54;1031,4;;27;-;-;;LB,CT;1 030,60;1 031,40;<
2022-02-18;09:04:54;1031,4;;60;-;-;;LB,CT;1 030,60;1 031,40;>
2022-02-18;09:04:53;1031;;200;-;-;;LB,CT;1 030,80;1 032,00;<
2022-02-18;09:04:53;1031;;200;-;-;;LB,CT;1 030,80;1 032,00;>
2022-02-18;09:04:52;1031,6;;10;-;-;;LB,CT;1 030,80;1 032,20;>
2022-02-18;09:04:52;1031,4;;46;-;-;;LB,CT;1 030,80;1 031,80;>
2022-02-18;09:04:51;1030,4;;40;-;-;;LB,CT;1 030,40;1 031,40;<
2022-02-18;09:04:51;1031;;60;-;-;;LB,CT;1 030,40;1 031,40;<
2022-02-18;09:04:51;1031;;20;-;-;;LB,CT;1 030,40;1 031,80;>
2022-02-18;09:04:51;1031;;3;-;-;;LB,CT;1 030,40;1 031,60;<
2022-02-18;09:04:48;1031,4;;60;-;-;;LB,CT;1 031,00;1 031,60;>
2022-02-18;09:04:47;1031,4;;4;-;-;;LB,CT;1 030,80;1 031,80;>
2022-02-18;09:04:47;1031;;60;-;-;;LB,CT;1 030,20;1 031,40;>
2022-02-18;09:04:42;1030;;4;-;-;;LB,CT;1 030,00;1 031,00;<
2022-02-18;09:04:42;1030,4;;1;-;-;;LB,CT;1 030,00;1 030,40;>
2022-02-18;09:04:35;1030,4;;23;-;-;;LB,CT;1 030,00;1 031,00;<
2022-02-18;09:04:32;1029,6;;60;-;-;;LB,CT;1 030,40;1 031,60;>
2022-02-18;09:04:32;1030,8;;60;-;-;;LB,CT;1 030,40;1 031,60;>
2022-02-18;09:04:32;1029,8;;8;-;-;;LB,CT;1 030,40;1 031,60;>
2022-02-18;09:04:32;1030,2;;100;-;-;;LB,CT;1 030,40;1 031,60;<
2022-02-18;09:04:32;1030,4;;60;-;-;;LB,CT;1 030,40;1 031,60;<
2022-02-18;09:04:31;1031,2;;60;-;-;;LB,CT;1 030,20;1 031,20;>
2022-02-18;09:04:31;1030,8;;60;-;-;;LB,CT;1 030,20;1 031,20;>
2022-02-18;09:04:31;1030,4;;60;-;-;;LB,CT;1 030,40;1 031,40;<
2022-02-18;09:04:31;1031;;30;-;-;;LB,CT;1 030,40;1 031,60;>
2022-02-18;09:04:30;1030,2;;60;-;-;;LB,CT;1 029,60;1 031,20;<
2022-02-18;09:04:30;1030,6;;30;-;-;;LB,CT;1 030,20;1 031,60;<
2022-02-18;09:04:30;1031;;60;-;-;;LB,CT;1 030,20;1 031,60;<
2022-02-18;09:04:30;1031,2;;42;-;-;;LB,CT;1 030,20;1 031,60;<
2022-02-18;09:04:30;1031;;18;-;-;;LB,CT;1 030,20;1 031,40;>
2022-02-18;09:04:30;1029,8;;2;-;-;;LB,CT;1 030,20;1 031,40;<
2022-02-18;09:04:30;1030,2;;13;-;-;;LB,CT;1 030,20;1 031,40;<
2022-02-18;09:04:30;1030,4;;60;-;-;;LB,CT;1 030,20;1 031,40;<
2022-02-18;09:04:30;1030,2;;75;-;-;;LB,CT;1 030,20;1 031,40;<
2022-02-18;09:04:30;1030,2;;2;-;-;;LB,CT;1 030,20;1 031,40;<
2022-02-18;09:04:30;1030,4;;60;-;-;;LB,CT;1 030,20;1 031,40;<
2022-02-18;09:04:30;1030,6;;40;-;-;;LB,CT;1 030,20;1 031,40;>
2022-02-18;09:04:30;1030,6;;60;-;-;;LB,CT;1 030,20;1 031,40;>
2022-02-18;09:04:30;1030,6;;60;-;-;;LB,CT;1 030,20;1 031,40;>
2022-02-18;09:04:30;1030;;300;-;-;;LB,CT;1 030,20;1 031,40;<
2022-02-18;09:04:30;1030;;31;-;-;;LB,CT;1 030,20;1 031,40;<
2022-02-18;09:04:30;1030;;583;-;-;;LB,CT;1 030,20;1 031,40;<
2022-02-18;09:04:30;1030;;917;-;-;;LB,CT;1 030,20;1 031,40;<
2022-02-18;09:04:30;1030;;37;-;-;;LB,CT;1 030,20;1 031,40;<
2022-02-18;09:04:30;1030;;100;-;-;;LB,CT;1 030,20;1 031,40;<
2022-02-18;09:04:30;1030,2;;220;-;-;;LB,CT;1 030,20;1 031,40;<
2022-02-18;09:04:30;1030,4;;50;-;-;;LB,CT;1 030,20;1 031,40;<
2022-02-18;09:04:30;1030,4;;60;-;-;;LB,CT;1 030,20;1 031,40;<
2022-02-18;09:04:30;1030,6;;300;-;-;;LB,CT;1 030,20;1 031,40;<
2022-02-18;09:04:30;1030,6;;400;-;-;;LB,CT;1 030,20;1 031,40;<
2022-02-18;09:04:30;1030,8;;60;-;-;;LB,CT;1 030,20;1 031,40;<
2022-02-18;09:04:30;1031;;500;-;-;;LB,CT;1 030,20;1 031,40;<
2022-02-18;09:04:30;1031,2;;60;-;-;;LB,CT;1 030,20;1 031,40;<
2022-02-18;09:04:30;1031,4;;45;-;-;;LB,CT;1 030,20;1 031,40;<
2022-02-18;09:04:30;1031,4;;60;-;-;;LB,CT;1 030,20;1 031,40;<
2022-02-18;09:04:30;1031,4;;9;-;-;;LB,CT;1 032,20;1 033,40;<
2022-02-18;09:04:30;1031,4;;2;-;-;;LB,CT;1 032,20;1 033,40;<
2022-02-18;09:04:30;1031,6;;60;-;-;;LB,CT;1 032,20;1 033,40;<
2022-02-18;09:04:30;1032;;500;-;-;;LB,CT;1 032,20;1 033,40;<
2022-02-18;09:04:30;1032,2;;60;-;-;;LB,CT;1 032,20;1 033,40;<
2022-02-18;09:04:30;1032,2;;60;-;-;;LB,CT;1 032,20;1 033,40;<
2022-02-18;09:04:29;1033,6;;107;-;-;;LB,CT;1 032,80;1 033,60;>
2022-02-18;09:04:29;1033,6;;25;-;-;;LB,CT;1 032,60;1 033,40;>
2022-02-18;09:04:29;1033,4;;25;-;-;;LB,CT;1 032,60;1 033,40;>
2022-02-18;09:04:29;1033;;100;-;-;;LB,CT;1 032,60;1 033,40;>
2022-02-18;09:04:29;1032,8;;23;-;-;;LB,CT;1 032,20;1 033,00;>
2022-02-18;09:04:29;1032,8;;60;-;-;;LB,CT;1 032,20;1 033,00;>
2022-02-18;09:04:29;1032,4;;55;-;-;;LB,CT;1 032,00;1 032,80;<
2022-02-18;09:04:29;1032,4;;35;-;-;;LB,CT;1 032,00;1 032,80;<
2022-02-18;09:04:29;1032,2;;15;-;-;;LB,CT;1 032,80;1 033,60;<
2022-02-18;09:04:29;1032,2;;2;-;-;;LB,CT;1 032,80;1 033,60;<
2022-02-18;09:04:29;1032,8;;80;-;-;;LB,CT;1 032,80;1 033,60;<
2022-02-18;09:04:24;1033,6;;5;-;-;;LB,CT;1 032,80;1 033,60;>
2022-02-18;09:04:24;1033,6;;2;-;-;;LB,CT;1 032,80;1 033,60;>
2022-02-18;09:04:24;1032,6;;93;-;-;;LB,CT;1 032,20;1 033,00;<
2022-02-18;09:04:22;1033,2;;40;-;-;;LB,CT;1 032,20;1 033,20;>
2022-02-18;09:04:22;1033,2;;60;-;-;;LB,CT;1 032,20;1 033,20;>
2022-02-18;09:04:22;1032,8;;60;-;-;;LB,CT;1 033,40;1 034,20;<
2022-02-18;09:04:22;1032,8;;172;-;-;;LB,CT;1 033,40;1 034,20;<
2022-02-18;09:04:22;1032,8;;5;-;-;;LB,CT;1 033,40;1 034,20;<
2022-02-18;09:04:22;1033;;60;-;-;;LB,CT;1 033,40;1 034,20;<
2022-02-18;09:04:22;1033,4;;60;-;-;;LB,CT;1 033,40;1 034,20;<
2022-02-18;09:04:21;1033,8;;28;-;-;;LB,CT;1 033,00;1 034,20;<
2022-02-18;09:04:21;1033,8;;6;-;-;;LB,CT;1 033,00;1 034,20;<
2022-02-18;09:04:20;1033,8;;37;-;-;;LB,CT;1 033,60;1 034,80;<
2022-02-18;09:04:19;1034,2;;24;-;-;;LB,CT;1 033,00;1 034,60;>
2022-02-18;09:04:19;1033,6;;1;-;-;;LB,CT;1 032,80;1 033,60;>
2022-02-18;09:04:19;1033,6;;3;-;-;;LB,CT;1 032,80;1 033,60;>
2022-02-18;09:04:14;1033,6;;14;-;-;;LB,CT;1 033,60;1 034,20;<
2022-02-18;09:04:12;1034,2;;60;-;-;;LB,CT;1 033,80;1 034,80;>
2022-02-18;09:04:12;1033,8;;60;-;-;;LB,CT;1 033,60;1 034,60;<
2022-02-18;09:04:12;1033,8;;2;-;-;;LB,CT;1 033,60;1 034,60;<
2022-02-18;09:04:06;1033,8;;50;-;-;;LB,CT;1 032,20;1 033,00;>
2022-02-18;09:04:06;1033,4;;60;-;-;;LB,CT;1 032,20;1 033,00;>
2022-02-18;09:04:06;1033,2;;1;-;-;;LB,CT;1 032,20;1 033,00;>
2022-02-18;09:04:06;1033,2;;14;-;-;;LB,CT;1 032,20;1 033,00;>
2022-02-18;09:04:06;1033;;1;-;-;;LB,CT;1 032,20;1 033,00;>
2022-02-18;09:04:02;1033,2;;46;-;-;;LB,CT;1 032,20;1 033,20;>
2022-02-18;09:04:01;1032,2;;14;-;-;STRO;OB,ON,PRIC,ALGO;1 032,20;1 033,20;<
2022-02-18;09:04:01;1032,4;;26;-;-;;LB,CT;1 032,20;1 033,20;<
2022-02-18;09:04:01;1032,4;;34;-;-;;LB,CT;1 032,20;1 033,20;<
2022-02-18;09:04:01;1032,4;;1;-;-;;LB,CT;1 032,20;1 033,20;<
2022-02-18;09:04:01;1033;;1;-;-;;LB,CT;1 032,20;1 033,20;<
2022-02-18;09:04:01;1033,6;;50;-;-;;LB,CT;1 033,60;1 035,00;>
2022-02-18;09:03:57;1033,6;;1;-;-;;LB,CT;1 033,00;1 033,80;<
2022-02-18;09:03:57;1033,6;;60;-;-;;LB,CT;1 033,00;1 033,80;<
2022-02-18;09:03:55;1033,8;;36;-;-;;LB,CT;1 033,80;1 035,00;<
2022-02-18;09:03:53;1034,2;;130;-;-;;LB,CT;1 034,00;1 035,00;>
2022-02-18;09:03:52;1035;;30;-;-;;LB,CT;1 033,80;1 035,20;<
2022-02-18;09:03:52;1034,6;;41;-;-;;LB,CT;1 033,00;1 034,60;>
2022-02-18;09:03:51;1033,6;;59;-;-;;LB,CT;1 032,40;1 033,40;>
2022-02-18;09:03:51;1033,4;;25;-;-;;LB,CT;1 032,40;1 033,40;>
2022-02-18;09:03:50;1033;;12;-;-;;LB,CT;1 033,00;1 033,60;<
2022-02-18;09:03:48;1033,6;;1;-;-;;LB,CT;1 033,00;1 033,60;>
2022-02-18;09:03:46;1033,6;;100;-;-;;LB,CT;1 033,60;1 034,40;<
2022-02-18;09:03:45;1034,2;;56;-;-;;LB,CT;1 033,60;1 034,40;<
2022-02-18;09:03:45;1034,2;;200;-;-;;LB,CT;1 033,60;1 034,40;<
2022-02-18;09:03:37;1035;;201;-;-;;LB,CT;1 035,00;1 036,00;<
2022-02-18;09:03:37;1035;;99;-;-;;LB,CT;1 035,00;1 036,00;<
2022-02-18;09:03:37;1035,4;;60;-;-;;LB,CT;1 034,20;1 036,00;<
2022-02-18;09:03:35;1036,6;;1;-;-;;LB,CT;1 035,40;1 036,80;<
2022-02-18;09:03:34;1036,4;;12;-;-;;LB,CT;1 035,80;1 036,80;<
2022-02-18;09:03:34;1036,4;;78;-;-;;LB,CT;1 035,80;1 036,80;<
2022-02-18;09:03:34;1036;;50;-;-;;LB,CT;1 036,40;1 038,00;<
2022-02-18;09:03:34;1036;;100;-;-;;LB,CT;1 036,40;1 038,00;<
2022-02-18;09:03:34;1036,2;;93;-;-;;LB,CT;1 036,40;1 038,00;<
2022-02-18;09:03:34;1036,4;;34;-;-;;LB,CT;1 036,40;1 038,00;<
2022-02-18;09:03:34;1036,4;;50;-;-;;LB,CT;1 036,40;1 038,00;<
2022-02-18;09:03:34;1036,4;;100;-;-;;LB,CT;1 036,40;1 038,00;<
2022-02-18;09:03:34;1036,4;;31;-;-;;LB,CT;1 036,40;1 038,00;<
2022-02-18;09:03:34;1036,4;;78;-;-;;LB,CT;1 036,40;1 038,00;<
2022-02-18;09:03:34;1036,4;;51;-;-;;LB,CT;1 036,40;1 038,00;<
2022-02-18;09:03:34;1036,4;;59;-;-;;LB,CT;1 036,40;1 038,00;<
2022-02-18;09:03:17;1036,4;;1;-;-;;LB,CT;1 036,40;1 037,80;<
2022-02-18;09:03:13;1035,2;;56;-;-;;LB,CT;1 035,20;1 036,00;<
2022-02-18;09:03:13;1035,2;;46;-;-;;LB,CT;1 035,20;1 036,00;>
2022-02-18;09:03:13;1035,2;;28;-;-;;LB,CT;1 035,20;1 036,00;>
2022-02-18;09:03:13;1035,2;;39;-;-;;LB,CT;1 035,20;1 036,00;>
2022-02-18;09:03:13;1034,6;;3;-;-;;LB,CT;1 035,20;1 036,00;>
2022-02-18;09:03:10;1034,4;;45;-;-;;LB,CT;1 034,00;1 034,60;>
2022-02-18;09:03:10;1033,8;;18;-;-;;LB,CT;1 032,80;1 034,40;<
2022-02-18;09:03:10;1033,8;;1;-;-;;LB,CT;1 032,80;1 034,40;<
2022-02-18;09:03:10;1034;;50;-;-;;LB,CT;1 032,80;1 034,40;>
2022-02-18;09:03:06;1034;;21;-;-;;LB,CT;1 033,60;1 034,60;>
2022-02-18;09:03:06;1034;;17;-;-;STRO;OB,ON,PRIC,ALGO;1 033,60;1 034,60;>
2022-02-18;09:03:04;1032,8;;50;-;-;;LB,CT;1 032,00;1 032,80;>
2022-02-18;09:03:04;1032,8;;46;-;-;;LB,CT;1 032,00;1 032,80;>
2022-02-18;09:03:04;1033;;1;-;-;;LB,CT;1 033,40;1 034,00;<
2022-02-18;09:03:04;1033;;1;-;-;;LB,CT;1 033,40;1 034,00;<
2022-02-18;09:03:04;1033;;134;-;-;;LB,CT;1 033,40;1 034,00;<
2022-02-18;09:03:04;1033;;366;-;-;;LB,CT;1 033,40;1 034,00;<
2022-02-18;09:03:04;1033;;10;-;-;;LB,CT;1 033,40;1 034,00;<
2022-02-18;09:03:04;1033;;1;-;-;;LB,CT;1 033,40;1 034,00;<
2022-02-18;09:03:04;1033,4;;15;-;-;;LB,CT;1 033,40;1 034,00;<
2022-02-18;09:03:04;1033,4;;75;-;-;;LB,CT;1 033,40;1 034,00;<
2022-02-18;09:03:01;1035;;12;-;-;;LB,CT;1 033,80;1 035,00;>
2022-02-18;09:02:58;1034,2;;5;-;-;;LB,CT;1 034,20;1 035,60;<
2022-02-18;09:02:58;1035;;24;-;-;;LB,CT;1 034,20;1 035,60;>
2022-02-18;09:02:58;1035,4;;20;-;-;;LB,CT;1 034,20;1 035,60;>
2022-02-18;09:02:58;1035,4;;1;-;-;;LB,CT;1 034,20;1 035,60;>
2022-02-18;09:02:58;1035,2;;50;-;-;;LB,CT;1 034,20;1 035,60;>
2022-02-18;09:02:58;1035;;18;-;-;;LB,CT;1 034,20;1 035,60;>
2022-02-18;09:02:58;1034,2;;43;-;-;;LB,CT;1 034,20;1 035,60;<
2022-02-18;09:02:58;1035,2;;21;-;-;;LB,CT;1 034,20;1 035,60;>
2022-02-18;09:02:58;1035;;330;-;-;;LB,CT;1 034,20;1 035,60;<
2022-02-18;09:02:58;1035;;18;-;-;;LB,CT;1 034,20;1 035,60;>
2022-02-18;09:02:57;1034,4;;57;-;-;;LB,CT;1 034,20;1 035,00;<
2022-02-18;09:02:56;1034,4;;4;-;-;;LB,CT;1 034,40;1 035,40;<
2022-02-18;09:02:52;1034;;90;-;-;;LB,CT;1 034,20;1 035,60;<
2022-02-18;09:02:52;1034,8;;50;-;-;;LB,CT;1 034,20;1 035,60;<
2022-02-18;09:02:52;1035,2;;60;-;-;;LB,CT;1 034,20;1 035,60;<
2022-02-18;09:02:51;1034,8;;100;-;-;STRO;OB,ON,PRIC,ALGO;1 033,60;1 035,40;<
2022-02-18;09:02:49;1033,8;;60;-;-;;LB,CT;1 033,40;1 034,60;<
2022-02-18;09:02:49;1034,6;;17;-;-;;LB,CT;1 033,40;1 034,60;>
2022-02-18;09:02:48;1033,6;;90;-;-;;LB,CT;1 034,60;1 036,00;<
2022-02-18;09:02:48;1033,8;;95;-;-;;LB,CT;1 034,60;1 036,00;<
2022-02-18;09:02:48;1034,2;;50;-;-;;LB,CT;1 034,60;1 036,00;<
2022-02-18;09:02:48;1034,2;;115;-;-;;LB,CT;1 034,60;1 036,00;<
2022-02-18;09:02:48;1034,4;;45;-;-;;LB,CT;1 034,60;1 036,00;<
2022-02-18;09:02:48;1034,6;;60;-;-;;LB,CT;1 034,60;1 036,00;<
2022-02-18;09:02:47;1035,3;;100;-;-;MID;DB,CT;1 034,60;1 036,00;<
2022-02-18;09:02:46;1034,6;;2;-;-;;LB,CT;1 034,60;1 035,80;<
2022-02-18;09:02:44;1035,6;;53;-;-;;LB,CT;1 035,20;1 036,40;<
2022-02-18;09:02:44;1035,4;;60;-;-;;LB,CT;1 035,20;1 036,40;<
2022-02-18;09:02:44;1033,8;;52;-;-;STRO;OB,ON,PRIC,ALGO;1 034,40;1 035,60;<
2022-02-18;09:02:44;1033,8;;83;-;-;STRO;OB,ON,PRIC,ALGO;1 034,40;1 035,60;<
2022-02-18;09:02:41;1032,8;;147;-;-;;LB,CT;1 032,80;1 034,60;<
2022-02-18;09:02:40;1034,2;;28;-;-;;LB,CT;1 032,40;1 033,20;>
2022-02-18;09:02:40;1033,8;;50;-;-;;LB,CT;1 032,40;1 033,20;>
2022-02-18;09:02:40;1033,8;;21;-;-;;LB,CT;1 032,40;1 033,20;>
2022-02-18;09:02:40;1033,2;;1;-;-;;LB,CT;1 032,40;1 033,20;>
2022-02-18;09:02:39;1033,4;;24;-;-;;LB,CT;1 032,60;1 033,80;>
2022-02-18;09:02:39;1033;;60;-;-;;LB,CT;1 032,60;1 033,80;>
2022-02-18;09:02:39;1033,2;;11;-;-;;LB,CT;1 032,00;1 033,20;<
2022-02-18;09:02:39;1033,2;;60;-;-;;LB,CT;1 032,00;1 033,20;>
2022-02-18;09:02:39;1033,2;;60;-;-;;LB,CT;1 032,00;1 033,20;>
2022-02-18;09:02:38;1033;;86;-;-;STRO;OB,ON,PRIC,ALGO;1 032,00;1 033,20;>
2022-02-18;09:02:38;1034,2;;3;-;-;;LB,CT;1 031,80;1 033,00;>
2022-02-18;09:02:38;1034,2;;151;-;-;;LB,CT;1 031,80;1 033,00;>
2022-02-18;09:02:38;1034,2;;50;-;-;;LB,CT;1 031,80;1 033,00;>
2022-02-18;09:02:38;1033,4;;50;-;-;;LB,CT;1 031,80;1 033,00;>
2022-02-18;09:02:38;1033;;60;-;-;;LB,CT;1 031,80;1 033,00;>
2022-02-18;09:02:38;1033;;100;-;-;;LB,CT;1 032,20;1 033,40;<
2022-02-18;09:02:38;1033,6;;274;-;-;;LB,CT;1 032,20;1 033,40;<
2022-02-18;09:02:38;1033,6;;226;-;-;;LB,CT;1 032,20;1 033,40;<
2022-02-18;09:02:38;1034,2;;29;-;-;;LB,CT;1 033,80;1 035,40;>
2022-02-18;09:02:37;1034;;56;-;-;;LB,CT;1 034,00;1 034,20;<
2022-02-18;09:02:37;1034;;44;-;-;;LB,CT;1 034,00;1 034,20;<
2022-02-18;09:02:34;1034;;5;-;-;;LB,CT;1 033,60;1 034,20;<
2022-02-18;09:02:32;1034,2;;1;-;-;;LB,CT;1 034,00;1 034,20;>
2022-02-18;09:02:31;1034,4;;38;-;-;;LB,CT;1 034,40;1 035,60;<
2022-02-18;09:02:31;1034,4;;22;-;-;;LB,CT;1 034,40;1 035,60;<
2022-02-18;09:02:30;1035,2;;35;-;-;;LB,CT;1 034,20;1 034,80;>
2022-02-18;09:02:30;1034,8;;23;-;-;;LB,CT;1 034,20;1 034,80;>
2022-02-18;09:02:30;1034,8;;7;-;-;;LB,CT;1 034,20;1 034,80;>
2022-02-18;09:02:25;1034,4;;28;-;-;;LB,CT;1 033,60;1 034,80;>
2022-02-18;09:02:22;1033,8;;19;-;-;;LB,CT;1 033,60;1 034,40;<
2022-02-18;09:02:22;1034,2;;60;-;-;;LB,CT;1 033,80;1 034,80;<
2022-02-18;09:02:22;1034,2;;25;-;-;;LB,CT;1 033,80;1 034,80;>
2022-02-18;09:02:22;1033,8;;60;-;-;;LB,CT;1 033,60;1 034,20;<
2022-02-18;09:02:20;1033,6;;60;-;-;;LB,CT;1 032,20;1 033,60;>
2022-02-18;09:02:19;1033,6;;50;-;-;;LB,CT;1 033,20;1 034,40;>
2022-02-18;09:02:18;1033;;60;-;-;;LB,CT;1 031,80;1 033,40;>
2022-02-18;09:02:18;1033;;1140;-;-;;LB,CT;1 031,80;1 033,40;>
2022-02-18;09:02:18;1032,8;;60;-;-;;LB,CT;1 031,80;1 033,40;>
2022-02-18;09:02:16;1034,4;;60;-;-;;LB,CT;1 033,20;1 034,60;>
2022-02-18;09:02:16;1034,2;;58;-;-;;LB,CT;1 033,20;1 034,60;<
2022-02-18;09:02:16;1034,2;;52;-;-;;LB,CT;1 033,20;1 034,60;<
2022-02-18;09:02:16;1034,2;;43;-;-;;LB,CT;1 033,20;1 034,60;<
2022-02-18;09:02:16;1034,2;;5;-;-;;LB,CT;1 033,20;1 034,60;>
2022-02-18;09:02:13;1034,2;;54;-;-;;LB,CT;1 033,20;1 034,60;<
2022-02-18;09:02:12;1033,6;;100;-;-;;LB,CT;1 032,80;1 034,00;<
2022-02-18;09:02:12;1034,6;;23;-;-;;LB,CT;1 033,80;1 036,00;>
2022-02-18;09:02:12;1034,4;;60;-;-;;LB,CT;1 033,80;1 036,00;>
2022-02-18;09:02:11;1033,4;;50;-;-;;LB,CT;1 033,60;1 035,20;<
2022-02-18;09:02:11;1033,6;;50;-;-;;LB,CT;1 033,60;1 035,20;<
2022-02-18;09:02:11;1033,6;;60;-;-;;LB,CT;1 033,60;1 035,20;<
2022-02-18;09:02:11;1033,6;;52;-;-;STRO;OB,ON,PRIC,ALGO;1 033,60;1 035,20;<
2022-02-18;09:02:11;1035,2;;3;-;-;;LB,CT;1 033,40;1 035,40;<
2022-02-18;09:02:11;1035,4;;130;-;-;;LB,CT;1 033,40;1 035,40;>
2022-02-18;09:02:11;1035,4;;130;-;-;;LB,CT;1 033,40;1 035,40;<
2022-02-18;09:02:11;1035,4;;48;-;-;;LB,CT;1 033,40;1 035,40;>
2022-02-18;09:02:11;1035,4;;182;-;-;;LB,CT;1 033,40;1 035,40;>
2022-02-18;09:02:11;1035,4;;60;-;-;;LB,CT;1 033,40;1 035,40;>
2022-02-18;09:02:11;1034,8;;120;-;-;;LB,CT;1 034,00;1 035,40;>
2022-02-18;09:02:11;1034,8;;17;-;-;;LB,CT;1 034,00;1 035,40;>
2022-02-18;09:02:11;1034,8;;50;-;-;;LB,CT;1 034,00;1 035,40;>
2022-02-18;09:02:10;1032,8;;6;-;-;;LB,CT;1 032,60;1 034,20;>
2022-02-18;09:02:08;1032;;60;-;-;;LB,CT;1 031,80;1 033,20;<
2022-02-18;09:02:08;1033,2;;25;-;-;;LB,CT;1 031,60;1 033,60;<
2022-02-18;09:02:08;1033,2;;75;-;-;;LB,CT;1 031,60;1 033,60;<
2022-02-18;09:02:07;1034;;50;-;-;;LB,CT;1 033,20;1 034,60;<
2022-02-18;09:02:07;1034,2;;100;-;-;;LB,CT;1 034,20;1 035,20;<
2022-02-18;09:02:05;1034;;45;-;-;;LB,CT;1 034,00;1 035,40;<
2022-02-18;09:02:04;1034,8;;2;-;-;;LB,CT;1 034,40;1 035,80;<
2022-02-18;09:02:04;1035;;55;-;-;;LB,CT;1 035,60;1 036,40;<
2022-02-18;09:02:04;1035;;100;-;-;;LB,CT;1 035,60;1 036,40;<
2022-02-18;09:02:04;1035;;500;-;-;;LB,CT;1 035,60;1 036,40;<
2022-02-18;09:02:04;1035;;121;-;-;;LB,CT;1 035,60;1 036,40;<
2022-02-18;09:02:04;1035;;379;-;-;;LB,CT;1 035,60;1 036,40;<
2022-02-18;09:02:04;1035,6;;40;-;-;;LB,CT;1 035,60;1 036,40;<
2022-02-18;09:02:00;1036,4;;60;-;-;;LB,CT;1 036,20;1 037,20;>
2022-02-18;09:02:00;1037;;30;-;-;;LB,CT;1 035,80;1 037,20;>
2022-02-18;09:01:56;1036;;20;-;-;;LB,CT;1 036,00;1 037,20;<
2022-02-18;09:01:53;1036,6;;24;-;-;;LB,CT;1 034,80;1 036,20;>
2022-02-18;09:01:53;1036,6;;4;-;-;;LB,CT;1 034,80;1 036,20;>
2022-02-18;09:01:53;1036,4;;21;-;-;;LB,CT;1 034,80;1 036,20;>
2022-02-18;09:01:53;1036,4;;55;-;-;;LB,CT;1 034,80;1 036,20;>
2022-02-18;09:01:53;1036,2;;4;-;-;;LB,CT;1 034,80;1 036,20;>
2022-02-18;09:01:53;1036,2;;17;-;-;;LB,CT;1 034,80;1 036,20;>
2022-02-18;09:01:53;1036,2;;28;-;-;;LB,CT;1 034,80;1 036,20;>
2022-02-18;09:01:53;1036,2;;26;-;-;;LB,CT;1 034,80;1 036,20;>
2022-02-18;09:01:53;1035,2;;60;-;-;;LB,CT;1 034,80;1 036,20;<
2022-02-18;09:01:48;1035,6;;3;-;-;;LB,CT;1 034,80;1 036,20;>
2022-02-18;09:01:47;1035,2;;48;-;-;STRO;OB,ON,PRIC,ALGO;1 034,40;1 035,60;>
2022-02-18;09:01:47;1034,8;;52;-;-;;LB,CT;1 034,00;1 035,20;>
2022-02-18;09:01:46;1035,2;;56;-;-;;LB,CT;1 034,00;1 035,20;<
2022-02-18;09:01:46;1035;;1;-;-;;LB,CT;1 034,00;1 035,20;<
2022-02-18;09:01:46;1035;;150;-;-;;LB,CT;1 034,00;1 035,20;<
2022-02-18;09:01:46;1035,2;;56;-;-;;LB,CT;1 034,00;1 035,20;<
2022-02-18;09:01:46;1035,2;;32;-;-;;LB,CT;1 034,00;1 035,20;<
2022-02-18;09:01:46;1035,2;;58;-;-;;LB,CT;1 034,00;1 035,20;<
2022-02-18;09:01:46;1035,4;;50;-;-;;LB,CT;1 034,00;1 035,20;<
2022-02-18;09:01:46;1035,6;;20;-;-;;LB,CT;1 034,00;1 035,20;<
2022-02-18;09:01:46;1035,8;;60;-;-;;LB,CT;1 034,00;1 035,20;<
2022-02-18;09:01:45;1035,6;;3;-;-;;LB,CT;1 035,60;1 037,20;<
2022-02-18;09:01:40;1036,2;;46;-;-;;LB,CT;1 035,60;1 036,20;>
2022-02-18;09:01:40;1036,2;;1;-;-;;LB,CT;1 035,60;1 036,20;>
2022-02-18;09:01:40;1036;;42;-;-;;LB,CT;1 035,60;1 036,20;>
2022-02-18;09:01:40;1035,6;;60;-;-;;LB,CT;1 035,00;1 036,20;<
2022-02-18;09:01:40;1036;;65;-;-;;LB,CT;1 035,00;1 036,20;>
2022-02-18;09:01:40;1036;;31;-;-;;LB,CT;1 035,20;1 036,20;>
2022-02-18;09:01:35;1036;;5;-;-;STRO;OB,ON,PRIC,ALGO;1 035,20;1 037,00;>
2022-02-18;09:01:35;1036,6;;15;-;-;;LB,CT;1 035,00;1 036,60;>
2022-02-18;09:01:34;1035,6;;32;-;-;;LB,CT;1 035,80;1 037,40;<
2022-02-18;09:01:34;1035,6;;4;-;-;;LB,CT;1 035,80;1 037,40;<
2022-02-18;09:01:34;1035,8;;60;-;-;;LB,CT;1 035,80;1 037,40;<
2022-02-18;09:01:32;1037,8;;7;-;-;;LB,CT;1 036,60;1 037,80;>
2022-02-18;09:01:32;1036,2;;5;-;-;;LB,CT;1 036,20;1 037,80;<
2022-02-18;09:01:27;1037,8;;3;-;-;;LB,CT;1 036,20;1 037,80;>
2022-02-18;09:01:26;1038;;10;-;-;;LB,CT;1 036,60;1 038,00;>
2022-02-18;09:01:26;1038;;48;-;-;;LB,CT;1 036,60;1 038,00;>
2022-02-18;09:01:26;1038;;19;-;-;;LB,CT;1 038,40;1 039,00;<
2022-02-18;09:01:26;1038,4;;58;-;-;;LB,CT;1 038,40;1 039,00;<
2022-02-18;09:01:23;1039;;113;-;-;;LB,CT;1 038,20;1 040,20;>
2022-02-18;09:01:23;1039;;2;-;-;;LB,CT;1 038,00;1 039,00;>
2022-02-18;09:01:18;1038;;81;-;-;;LB,CT;1 038,00;1 039,00;<
2022-02-18;09:01:15;1037,8;;9;-;-;;LB,CT;1 037,40;1 038,80;<
2022-02-18;09:01:15;1038;;66;-;-;;LB,CT;1 037,40;1 038,80;<
2022-02-18;09:01:14;1039;;28;-;-;;LB,CT;1 038,00;1 039,00;>
2022-02-18;09:01:14;1039;;50;-;-;;LB,CT;1 038,00;1 039,00;>
2022-02-18;09:01:14;1038,8;;4;-;-;;LB,CT;1 038,00;1 039,00;>
2022-02-18;09:01:14;1039;;34;-;-;;LB,CT;1 038,00;1 039,00;<
2022-02-18;09:01:14;1039;;44;-;-;;LB,CT;1 038,00;1 039,00;<
2022-02-18;09:01:14;1039;;17;-;-;;LB,CT;1 039,00;1 040,40;<
2022-02-18;09:01:14;1039;;67;-;-;;LB,CT;1 039,00;1 040,40;<
2022-02-18;09:01:13;1039,2;;60;-;-;;LB,CT;1 038,40;1 040,60;<
2022-02-18;09:01:13;1040;;1051;-;-;;LB,CT;1 039,00;1 040,00;<
2022-02-18;09:01:13;1040;;288;-;-;;LB,CT;1 039,00;1 040,00;<
2022-02-18;09:01:13;1040;;16;-;-;;LB,CT;1 039,00;1 040,00;>
2022-02-18;09:01:11;1037,8;;49;-;-;;LB,CT;1 037,80;1 039,60;<
2022-02-18;09:01:11;1036,4;;4;-;-;;LB,CT;1 036,40;1 038,80;<
2022-02-18;09:01:08;1036;;20;-;-;;LB,CT;1 036,00;1 038,40;<
2022-02-18;09:01:05;1036,2;;3;-;-;STRO;OB,ON,PRIC,ALGO;1 035,60;1 037,60;<
2022-02-18;09:01:05;1035;;5;-;-;;LB,CT;1 035,00;1 037,00;<
2022-02-18;09:01:00;1034;;5;-;-;;LB,CT;1 034,40;1 036,80;<
2022-02-18;09:01:00;1034,4;;60;-;-;;LB,CT;1 034,40;1 036,80;<
2022-02-18;09:00:57;1034,2;;20;-;-;;LB,CT;1 035,00;1 036,60;<
2022-02-18;09:00:57;1035;;60;-;-;;LB,CT;1 035,00;1 036,60;<
2022-02-18;09:00:57;1035,4;;25;-;-;;LB,CT;1 034,20;1 035,40;>
2022-02-18;09:00:56;1034,8;;50;-;-;;LB,CT;1 035,00;1 037,00;<
2022-02-18;09:00:56;1036;;21;-;-;;LB,CT;1 035,00;1 037,00;>
2022-02-18;09:00:56;1035,2;;24;-;-;;LB,CT;1 035,00;1 037,00;>
2022-02-18;09:00:56;1035,2;;63;-;-;;LB,CT;1 035,00;1 037,00;>
2022-02-18;09:00:56;1035;;60;-;-;;LB,CT;1 035,00;1 037,00;>
2022-02-18;09:00:53;1034,6;;64;-;-;;LB,CT;1 031,80;1 033,80;>
2022-02-18;09:00:53;1034,6;;165;-;-;;LB,CT;1 031,80;1 033,80;>
2022-02-18;09:00:53;1034,6;;50;-;-;;LB,CT;1 031,80;1 033,80;>
2022-02-18;09:00:53;1034,4;;60;-;-;;LB,CT;1 031,80;1 033,80;>
2022-02-18;09:00:51;1030;;33;-;-;;LB,CT;1 028,60;1 030,00;>
2022-02-18;09:00:51;1029;;20;-;-;STRO;OB,ON,PRIC,ALGO;1 028,60;1 030,00;>
2022-02-18;09:00:51;1029,6;;78;-;-;;LB,CT;1 028,60;1 030,00;>
2022-02-18;09:00:51;1029,2;;46;-;-;;LB,CT;1 028,60;1 030,00;>
2022-02-18;09:00:51;1029;;23;-;-;;LB,CT;1 028,20;1 029,20;>
2022-02-18;09:00:51;1028,8;;1;-;-;;LB,CT;1 028,20;1 029,20;>
2022-02-18;09:00:50;1028,2;;29;-;-;;LB,CT;1 027,00;1 027,80;>
2022-02-18;09:00:50;1028,2;;12;-;-;;LB,CT;1 027,00;1 027,80;>
2022-02-18;09:00:50;1027,8;;5;-;-;;LB,CT;1 027,00;1 027,80;>
2022-02-18;09:00:48;1027,4;;5;-;-;STRO;OB,ON,PRIC,ALGO;1 027,00;1 028,60;<
2022-02-18;09:00:48;1027,6;;3;-;-;;LB,CT;1 027,00;1 028,60;<
2022-02-18;09:00:48;1027,8;;60;-;-;;LB,CT;1 027,00;1 028,60;<
2022-02-18;09:00:43;1028,4;;1;-;-;;LB,CT;1 027,00;1 029,00;>
2022-02-18;09:00:41;1029;;2;-;-;STRO;OB,ON,PRIC,ALGO;1 027,00;1 029,20;<
2022-02-18;09:00:40;1028,8;;50;-;-;;LB,CT;1 026,80;1 028,60;<
2022-02-18;09:00:40;1028,8;;1;-;-;;LB,CT;1 026,80;1 028,60;<
2022-02-18;09:00:40;1028,8;;75;-;-;;LB,CT;1 026,80;1 028,60;<
2022-02-18;09:00:39;1029;;17;-;-;;LB,CT;1 029,00;1 030,80;<
2022-02-18;09:00:39;1030,2;;60;-;-;;LB,CT;1 029,00;1 030,80;>
2022-02-18;09:00:38;1030,4;;60;-;-;;LB,CT;1 029,00;1 030,80;>
2022-02-18;09:00:38;1028,6;;39;-;-;;LB,CT;1 029,20;1 031,40;>
2022-02-18;09:00:38;1028,6;;135;-;-;;LB,CT;1 029,20;1 031,40;<
2022-02-18;09:00:38;1029,2;;65;-;-;;LB,CT;1 029,20;1 031,40;<
2022-02-18;09:00:38;1029,2;;100;-;-;;LB,CT;1 029,20;1 031,40;<
2022-02-18;09:00:38;1029,2;;121;-;-;;LB,CT;1 029,20;1 031,40;<
2022-02-18;09:00:37;1029,6;;3;-;-;;LB,CT;1 029,60;1 031,40;<
2022-02-18;09:00:37;1030,6;;100;-;-;;LB,CT;1 029,20;1 031,40;<
2022-02-18;09:00:36;1030,6;;60;-;-;;LB,CT;1 029,80;1 031,40;>
2022-02-18;09:00:36;1029,6;;74;-;-;;LB,CT;1 029,80;1 031,40;<
2022-02-18;09:00:36;1029,8;;40;-;-;;LB,CT;1 029,80;1 031,40;<
2022-02-18;09:00:36;1029,8;;180;-;-;;LB,CT;1 029,80;1 031,40;<
2022-02-18;09:00:36;1029,8;;111;-;-;;LB,CT;1 029,80;1 031,40;<
2022-02-18;09:00:36;1031;;60;-;-;;LB,CT;1 029,80;1 031,40;>
2022-02-18;09:00:35;1030,6;;60;-;-;;LB,CT;1 029,80;1 031,40;<
2022-02-18;09:00:35;1031,2;;37;-;-;;LB,CT;1 029,80;1 033,00;>
2022-02-18;09:00:35;1030,8;;45;-;-;;LB,CT;1 029,00;1 031,20;>
2022-02-18;09:00:35;1030,6;;50;-;-;;LB,CT;1 029,00;1 031,20;>
2022-02-18;09:00:35;1030,6;;47;-;-;;LB,CT;1 029,00;1 031,20;>
2022-02-18;09:00:35;1030;;11;-;-;;LB,CT;1 029,00;1 030,00;>
2022-02-18;09:00:35;1029;;18;-;-;;LB,CT;1 028,00;1 030,00;<
2022-02-18;09:00:35;1029;;60;-;-;;LB,CT;1 028,00;1 030,00;<
2022-02-18;09:00:34;1028,6;;7;-;-;;LB,CT;1 028,60;1 030,00;<
2022-02-18;09:00:34;1028,6;;121;-;-;;LB,CT;1 028,60;1 030,00;<
2022-02-18;09:00:34;1028,6;;60;-;-;;LB,CT;1 028,60;1 030,00;<
2022-02-18;09:00:33;1027,6;;200;-;-;;LB,CT;1 027,00;1 029,40;<
2022-02-18;09:00:33;1027,8;;60;-;-;;LB,CT;1 027,00;1 029,40;<
2022-02-18;09:00:33;1027,8;;60;-;-;;LB,CT;1 027,00;1 029,40;<
2022-02-18;09:00:33;1027,8;;60;-;-;;LB,CT;1 027,80;1 029,60;<
2022-02-18;09:00:33;1029,6;;23;-;-;;LB,CT;1 027,80;1 029,60;>
2022-02-18;09:00:33;1029,6;;13;-;-;;LB,CT;1 027,80;1 029,60;>
2022-02-18;09:00:31;1029,4;;60;-;-;;LB,CT;1 027,40;1 029,40;>
2022-02-18;09:00:29;1029,6;;20;-;-;;LB,CT;1 027,40;1 030,40;>
2022-02-18;09:00:29;1029,6;;40;-;-;;LB,CT;1 027,40;1 030,40;>
2022-02-18;09:00:27;1030,2;;60;-;-;;LB,CT;1 029,80;1 031,40;<
2022-02-18;09:00:27;1030;;5;-;-;;LB,CT;1 029,80;1 031,40;>
2022-02-18;09:00:26;1030,2;;134;-;-;;LB,CT;1 027,40;1 031,20;<
2022-02-18;09:00:26;1030;;10;-;-;;LB,CT;1 027,40;1 031,20;>
2022-02-18;09:00:26;1030;;50;-;-;;LB,CT;1 028,20;1 030,40;>
2022-02-18;09:00:26;1028,8;;9;-;-;;LB,CT;1 028,20;1 030,40;<
2022-02-18;09:00:26;1028,8;;121;-;-;;LB,CT;1 028,20;1 030,40;<
2022-02-18;09:00:26;1030;;60;-;-;;LB,CT;1 028,20;1 030,40;>
2022-02-18;09:00:26;1029;;48;-;-;;LB,CT;1 028,20;1 030,40;<
2022-02-18;09:00:26;1030;;65;-;-;;LB,CT;1 028,20;1 030,40;<
2022-02-18;09:00:26;1030;;99;-;-;;LB,CT;1 028,20;1 030,40;<
2022-02-18;09:00:26;1030;;201;-;-;;LB,CT;1 028,20;1 030,40;<
2022-02-18;09:00:26;1030;;10;-;-;;LB,CT;1 028,20;1 030,40;<
2022-02-18;09:00:26;1030;;4;-;-;;LB,CT;1 028,20;1 030,40;<
2022-02-18;09:00:26;1030;;6;-;-;;LB,CT;1 028,20;1 030,40;<
2022-02-18;09:00:26;1030;;280;-;-;;LB,CT;1 028,20;1 030,40;<
2022-02-18;09:00:26;1030,2;;50;-;-;;LB,CT;1 028,20;1 030,40;>
2022-02-18;09:00:26;1030;;20;-;-;;LB,CT;1 030,00;1 032,20;<
2022-02-18;09:00:26;1030;;25;-;-;;LB,CT;1 030,00;1 032,20;<
2022-02-18;09:00:23;1033,2;;1;-;-;;LB,CT;1 030,60;1 033,20;>
2022-02-18;09:00:22;1033,6;;60;-;-;;LB,CT;1 031,20;1 033,40;>
2022-02-18;09:00:22;1032,8;;96;-;-;;LB,CT;1 031,20;1 033,40;<
2022-02-18;09:00:22;1032,8;;77;-;-;;LB,CT;1 032,80;1 034,60;<
2022-02-18;09:00:21;1033,4;;64;-;-;;LB,CT;1 032,40;1 034,00;<
2022-02-18;09:00:21;1033,6;;60;-;-;;LB,CT;1 032,40;1 034,00;<
2022-02-18;09:00:18;1034,6;;54;-;-;;LB,CT;1 034,60;1 035,80;<
2022-02-18;09:00:16;1034,6;;100;-;-;;LB,CT;1 033,20;1 036,00;<
2022-02-18;09:00:16;1035;;60;-;-;;LB,CT;1 035,00;1 036,80;<
2022-02-18;09:00:16;1035,6;;20;-;-;;LB,CT;1 035,00;1 036,80;>
2022-02-18;09:00:15;1035,4;;30;-;-;;LB,CT;1 035,40;1 037,20;<
2022-02-18;09:00:15;1035,4;;10;-;-;;LB,CT;1 035,40;1 037,20;<
2022-02-18;09:00:14;1034,8;;72;-;-;;LB,CT;1 034,00;1 036,00;<
2022-02-18;09:00:13;1036,4;;60;-;-;;LB,CT;1 036,20;1 037,60;>
2022-02-18;09:00:13;1036;;36;-;-;;LB,CT;1 036,20;1 037,60;<
2022-02-18;09:00:13;1036;;120;-;-;;LB,CT;1 036,20;1 037,60;<
2022-02-18;09:00:13;1036,2;;36;-;-;;LB,CT;1 036,20;1 037,60;<
2022-02-18;09:00:13;1036,2;;49;-;-;;LB,CT;1 036,20;1 037,60;<
2022-02-18;09:00:13;1036,2;;85;-;-;;LB,CT;1 036,20;1 037,60;<
2022-02-18;09:00:12;1038,4;;60;-;-;;LB,CT;1 036,60;1 038,40;>
2022-02-18;09:00:12;1038,6;;5;-;-;;LB,CT;1 035,60;1 037,40;>
2022-02-18;09:00:12;1038,6;;41;-;-;;LB,CT;1 035,60;1 037,40;>
2022-02-18;09:00:12;1038,4;;45;-;-;;LB,CT;1 035,60;1 037,40;>
2022-02-18;09:00:12;1038,4;;106;-;-;;LB,CT;1 035,60;1 037,40;>
2022-02-18;09:00:12;1038;;85;-;-;;LB,CT;1 035,60;1 037,40;>
2022-02-18;09:00:12;1037,8;;10;-;-;;LB,CT;1 035,60;1 037,40;>
2022-02-18;09:00:12;1037,8;;23;-;-;;LB,CT;1 035,60;1 037,40;>
2022-02-18;09:00:12;1037,8;;23;-;-;;LB,CT;1 035,60;1 037,40;>
2022-02-18;09:00:12;1037,6;;106;-;-;;LB,CT;1 035,60;1 037,40;>
2022-02-18;09:00:12;1037,6;;19;-;-;;LB,CT;1 035,60;1 037,40;>
2022-02-18;09:00:12;1037,4;;31;-;-;;LB,CT;1 035,60;1 037,40;>
2022-02-18;09:00:12;1035,6;;27;-;-;;LB,CT;1 035,60;1 037,40;<
2022-02-18;09:00:12;1035,6;;60;-;-;;LB,CT;1 035,60;1 037,40;<
2022-02-18;09:00:09;1036,8;;60;-;-;;LB,CT;1 035,20;1 036,80;>
2022-02-18;09:00:09;1036,2;;45;-;-;;LB,CT;1 035,20;1 036,80;<
2022-02-18;09:00:09;1036,2;;5;-;-;;LB,CT;1 035,20;1 036,80;<
2022-02-18;09:00:08;1037,9;;123;-;-;CROS;PA,UA,ALGO;1 037,20;1 039,00;<
2022-02-18;09:00:08;1037,8;;60;-;-;;LB,CT;1 037,20;1 039,00;<
2022-02-18;09:00:07;1036,6;;199;-;-;;LB,CT;1 039,00;1 041,40;<
2022-02-18;09:00:07;1037,6;;200;-;-;;LB,CT;1 039,00;1 041,40;<
2022-02-18;09:00:07;1038,2;;313;-;-;;LB,CT;1 039,00;1 041,40;<
2022-02-18;09:00:07;1038,8;;50;-;-;;LB,CT;1 039,00;1 041,40;<
2022-02-18;09:00:07;1039;;120;-;-;;LB,CT;1 039,00;1 041,40;<
2022-02-18;09:00:07;1040,6;;70;-;-;;LB,CT;1 041,00;1 043,40;<
2022-02-18;09:00:07;1041;;100;-;-;;LB,CT;1 041,00;1 043,40;<
2022-02-18;09:00:07;1042;;60;-;-;;LB,CT;1 041,00;1 043,40;>
2022-02-18;09:00:07;1039;;80;-;-;;LB,CT;1 041,00;1 043,40;<
2022-02-18;09:00:07;1039,2;;36;-;-;;LB,CT;1 041,00;1 043,40;<
2022-02-18;09:00:07;1039,2;;40;-;-;;LB,CT;1 041,00;1 043,40;<
2022-02-18;09:00:07;1039,2;;80;-;-;;LB,CT;1 041,00;1 043,40;<
2022-02-18;09:00:07;1040,2;;50;-;-;;LB,CT;1 041,00;1 043,40;<
2022-02-18;09:00:05;1044,8;;20;-;-;;LB,CT;1 041,00;1 043,40;>
2022-02-18;09:00:05;1042,5;;123;-;-;CROS;PA,UA;1 041,00;1 043,40;>
2022-02-18;09:00:05;1042,5;;86;-;-;CROS;PA,UA;1 041,00;1 043,40;>
2022-02-18;09:00:05;1044,8;;17;-;-;;LB,CT;1 041,00;1 043,40;>
2022-02-18;09:00:05;1042,5;;123;-;-;AOD;PA,UA;1 041,00;1 043,40;
2022-02-18;09:00:05;1042,5;;86;-;-;AOD;PA,UA;1 041,00;1 043,40;
2022-02-18;09:00:04;1045;;17;-;-;;LB,CT;1 041,00;1 043,40;>
2022-02-18;09:00:04;1044,6;;14;-;-;;LB,CT;1 041,00;1 043,40;>
2022-02-18;09:00:04;1044,6;;8;-;-;;LB,CT;1 041,00;1 043,40;>
2022-02-18;09:00:04;1042,6;;1;-;-;STRO;OB,ON,PRIC,ALGO;1 041,00;1 043,40;
2022-02-18;09:00:04;1042,2;;55;-;-;CROS;PA,UA;1 040,20;1 043,20;
2022-02-18;09:00:04;1042,2;;55;-;-;AOD;PA,UA;1 040,20;1 043,20;
2022-02-18;09:00:03;1041;;48;-;-;;LB,CT;1 040,20;1 043,20;>
2022-02-18;09:00:03;1044,2;;140;-;-;;LB,CT;1 040,20;1 043,20;<
2022-02-18;09:00:03;1044,2;;84;-;-;;LB,CT;1 040,20;1 043,20;>
2022-02-18;09:00:03;1042,2;;60;-;-;;LB,CT;1 040,20;1 043,20;>
2022-02-18;09:00:03;1040;;1;-;-;;LB,CT;1 039,80;1 044,60;<
2022-02-18;09:00:03;1040;;1;-;-;;LB,CT;1 039,80;1 044,60;<
2022-02-18;09:00:03;1040,8;;1;-;-;;LB,CT;1 039,80;1 044,60;<
2022-02-18;09:00:02;1042;;27;-;-;STRO;OB,ON,PRIC,ALGO;1 039,80;1 044,60;>
2022-02-18;09:00:03;1041;;24;-;-;;LB,CT;1 039,80;1 044,60;>
2022-02-18;09:00:03;1041;;16;-;-;;LB,CT;1 039,80;1 044,60;>
2022-02-18;09:00:03;1041,4;;60;-;-;;LB,CT;1 040,00;1 041,40;>
2022-02-18;09:00:02;1041;;25;-;-;;LB,CT;1 040,00;1 041,40;<
2022-02-18;09:00:02;1041,2;;63;-;-;;LB,CT;1 040,80;1 041,40;<
2022-02-18;09:00:02;1041,8;;138;-;-;;LB,CT;1 040,80;1 041,40;<
2022-02-18;09:00:02;1041,8;;36;-;-;;LB,CT;1 040,80;1 041,40;<
2022-02-18;09:00:02;1041,8;;36;-;-;;LB,CT;1 040,80;1 041,40;<
2022-02-18;09:00:02;1041,8;;62;-;-;;LB,CT;1 041,80;1 045,40;<
2022-02-18;09:00:02;1041,8;;2;-;-;;LB,CT;1 041,80;1 045,40;<
2022-02-18;09:00:02;1042,4;;8;-;-;;LB,CT;1 041,80;1 045,40;<
2022-02-18;09:00:02;1043;;5;-;-;;LB,CT;1 041,80;1 045,40;<
2022-02-18;09:00:02;1043,4;;23;-;-;;LB,CT;1 041,80;1 045,40;<
2022-02-18;09:00:01;1043,6;;16;-;-;;LB,CT;1 043,40;1 045,80;<
2022-02-18;09:00:01;1043,4;;21;-;-;;LB,CT;1 043,40;1 045,80;<
2022-02-18;09:00:00;1045;;20;-;-;CROS;LB,OA;1 043,40;1 045,80;
2022-02-18;09:00:00;1045;;62;-;-;CROS;LB,OA;1 043,40;1 045,80;
2022-02-18;09:00:00;1045;;21;-;-;CROS;LB,OA;1 043,40;1 045,80;
2022-02-18;09:00:00;1045;;50;-;-;CROS;LB,OA;1 043,40;1 045,80;
2022-02-18;09:00:00;1045;;213;-;-;CROS;LB,OA;1 043,40;1 045,80;
2022-02-18;09:00:00;1045;;25;-;-;CROS;LB,OA;1 043,40;1 045,80;
2022-02-18;09:00:00;1045;;50;-;-;CROS;LB,OA;1 043,40;1 045,80;
2022-02-18;09:00:00;1045;;100;-;-;CROS;LB,OA;1 043,40;1 045,80;
2022-02-18;09:00:00;1045;;19;-;-;CROS;LB,OA;1 043,40;1 045,80;
2022-02-18;09:00:00;1045;;101;-;-;CROS;LB,OA;1 043,40;1 045,80;
2022-02-18;09:00:00;1045;;10;-;-;CROS;LB,OA;1 043,40;1 045,80;
2022-02-18;09:00:00;1045;;5;-;-;CROS;LB,OA;1 043,40;1 045,80;
2022-02-18;09:00:00;1045;;100;-;-;CROS;LB,OA;1 043,40;1 045,80;
2022-02-18;09:00:00;1045;;25;-;-;CROS;LB,OA;1 043,40;1 045,80;
2022-02-18;09:00:00;1045;;25;-;-;CROS;LB,OA;1 043,40;1 045,80;
2022-02-18;09:00:00;1045;;14;-;-;CROS;LB,OA;1 043,40;1 045,80;
2022-02-18;09:00:00;1045;;25;-;-;CROS;LB,OA;1 043,40;1 045,80;
2022-02-18;09:00:00;1045;;25;-;-;CROS;LB,OA;1 043,40;1 045,80;
2022-02-18;09:00:00;1045;;51;-;-;CROS;LB,OA;1 043,40;1 045,80;
2022-02-18;09:00:00;1045;;30;-;-;CROS;LB,OA;1 043,40;1 045,80;
2022-02-18;09:00:00;1045;;2;-;-;CROS;LB,OA;1 043,40;1 045,80;
2022-02-18;09:00:00;1045;;2;-;-;CROS;LB,OA;1 043,40;1 045,80;
2022-02-18;09:00:00;1045;;1;-;-;CROS;LB,OA;1 043,40;1 045,80;
2022-02-18;09:00:00;1045;;1;-;-;CROS;LB,OA;1 043,40;1 045,80;
2022-02-18;09:00:00;1045;;1;-;-;CROS;LB,OA;1 043,40;1 045,80;
2022-02-18;09:00:00;1045;;1;-;-;CROS;LB,OA;1 043,40;1 045,80;
2022-02-18;09:00:00;1045;;6;-;-;CROS;LB,OA;1 043,40;1 045,80;
2022-02-18;09:00:00;1045;;2;-;-;CROS;LB,OA;1 043,40;1 045,80;
2022-02-18;09:00:00;1045;;5;-;-;CROS;LB,OA;1 043,40;1 045,80;
2022-02-18;09:00:00;1045;;1;-;-;CROS;LB,OA;1 043,40;1 045,80;
2022-02-18;09:00:00;1045;;1;-;-;CROS;LB,OA;1 043,40;1 045,80;
2022-02-18;09:00:00;1045;;1;-;-;CROS;LB,OA;1 043,40;1 045,80;
2022-02-18;09:00:00;1045;;1;-;-;CROS;LB,OA;1 043,40;1 045,80;
2022-02-18;09:00:00;1045;;2;-;-;CROS;LB,OA;1 043,40;1 045,80;
2022-02-18;09:00:00;1045;;25;-;-;CROS;LB,OA;1 043,40;1 045,80;
2022-02-18;09:00:00;1045;;25;-;-;CROS;LB,OA;1 043,40;1 045,80;
2022-02-18;09:00:00;1045;;25;-;-;CROS;LB,OA;1 043,40;1 045,80;
2022-02-18;09:00:00;1045;;17;-;-;CROS;LB,OA;1 043,40;1 045,80;
2022-02-18;09:00:00;1045;;3;-;-;CROS;LB,OA;1 043,40;1 045,80;
2022-02-18;09:00:00;1045;;37;-;-;CROS;LB,OA;1 043,40;1 045,80;
2022-02-18;09:00:00;1045;;50;-;-;CROS;LB,OA;1 043,40;1 045,80;
2022-02-18;09:00:00;1045;;55;-;-;CROS;LB,OA;1 043,40;1 045,80;
2022-02-18;09:00:00;1045;;30;-;-;CROS;LB,OA;1 043,40;1 045,80;
2022-02-18;09:00:00;1045;;174;-;-;CROS;LB,OA;1 043,40;1 045,80;
2022-02-18;09:00:00;1045;;208;-;-;CROS;LB,OA;1 043,40;1 045,80;
2022-02-18;09:00:00;1045;;92;-;-;CROS;LB,OA;1 043,40;1 045,80;
2022-02-18;09:00:00;1045;;115;-;-;CROS;LB,OA;1 043,40;1 045,80;
2022-02-18;09:00:00;1045;;17;-;-;CROS;LB,OA;1 043,40;1 045,80;
2022-02-18;09:00:00;1045;;22;-;-;CROS;LB,OA;1 043,40;1 045,80;
2022-02-18;09:00:00;1045;;6;-;-;CROS;LB,OA;1 043,40;1 045,80;
2022-02-18;09:00:00;1045;;11;-;-;CROS;LB,OA;1 043,40;1 045,80;
2022-02-18;09:00:00;1045;;1;-;-;CROS;LB,OA;1 043,40;1 045,80;
2022-02-18;09:00:00;1045;;6;-;-;CROS;LB,OA;1 043,40;1 045,80;
2022-02-18;09:00:00;1045;;102;-;-;CROS;LB,OA;1 043,40;1 045,80;
2022-02-18;09:00:00;1045;;5;-;-;CROS;LB,OA;1 043,40;1 045,80;
2022-02-18;09:00:00;1045;;75;-;-;CROS;LB,OA;1 043,40;1 045,80;
2022-02-18;09:00:00;1045;;45;-;-;CROS;LB,OA;1 043,40;1 045,80;
2022-02-18;09:00:00;1045;;20;-;-;CROS;LB,OA;1 043,40;1 045,80;
2022-02-18;09:00:00;1045;;94;-;-;CROS;LB,OA;1 043,40;1 045,80;
2022-02-18;09:00:00;1045;;39;-;-;CROS;LB,OA;1 043,40;1 045,80;
2022-02-18;09:00:00;1045;;2;-;-;CROS;LB,OA;1 043,40;1 045,80;
2022-02-18;09:00:00;1045;;1;-;-;CROS;LB,OA;1 043,40;1 045,80;
2022-02-18;09:00:00;1045;;25;-;-;CROS;LB,OA;1 043,40;1 045,80;
2022-02-18;09:00:00;1045;;5;-;-;CROS;LB,OA;1 043,40;1 045,80;
2022-02-18;09:00:00;1045;;110;-;-;CROS;LB,OA;1 043,40;1 045,80;
2022-02-18;09:00:00;1045;;125;-;-;CROS;LB,OA;1 043,40;1 045,80;
2022-02-18;09:00:00;1045;;52;-;-;CROS;LB,OA;1 043,40;1 045,80;
2022-02-18;09:00:00;1045;;24;-;-;CROS;LB,OA;1 043,40;1 045,80;
2022-02-18;09:00:00;1045;;43;-;-;CROS;LB,OA;1 043,40;1 045,80;
2022-02-18;09:00:00;1045;;75;-;-;CROS;LB,OA;1 043,40;1 045,80;
2022-02-18;09:00:00;1045;;82;-;-;CROS;LB,OA;1 043,40;1 045,80;
2022-02-18;09:00:00;1045;;112;-;-;CROS;LB,OA;1 043,40;1 045,80;
2022-02-18;09:00:00;1045;;14;-;-;CROS;LB,OA;1 043,40;1 045,80;
2022-02-18;09:00:00;1045;;20;-;-;CROS;LB,OA;1 043,40;1 045,80;
2022-02-18;09:00:00;1045;;91;-;-;CROS;LB,OA;1 043,40;1 045,80;
2022-02-18;09:00:00;1045;;1;-;-;CROS;LB,OA;1 043,40;1 045,80;
2022-02-18;09:00:00;1045;;12;-;-;CROS;LB,OA;1 043,40;1 045,80;
2022-02-18;09:00:00;1045;;315;-;-;CROS;LB,OA;1 043,40;1 045,80;
2022-02-18;09:00:00;1045;;20;-;-;CROS;LB,OA;1 043,40;1 045,80;
2022-02-18;09:00:00;1045;;146;-;-;CROS;LB,OA;1 043,40;1 045,80;
2022-02-18;09:00:00;1045;;31;-;-;CROS;LB,OA;1 043,40;1 045,80;
2022-02-18;09:00:00;1045;;318;-;-;CROS;LB,OA;1 043,40;1 045,80;
2022-02-18;09:00:00;1045;;5;-;-;CROS;LB,OA;1 043,40;1 045,80;
2022-02-18;09:00:00;1045;;1;-;-;CROS;LB,OA;1 043,40;1 045,80;
2022-02-18;09:00:00;1045;;1;-;-;CROS;LB,OA;1 043,40;1 045,80;
2022-02-18;09:00:00;1045;;24;-;-;CROS;LB,OA;1 043,40;1 045,80;
2022-02-18;09:00:00;1045;;38;-;-;CROS;LB,OA;1 043,40;1 045,80;
2022-02-18;09:00:00;1045;;3;-;-;CROS;LB,OA;1 043,40;1 045,80;
2022-02-18;09:00:00;1045;;10;-;-;CROS;LB,OA;1 043,40;1 045,80;
2022-02-18;09:00:00;1045;;6;-;-;CROS;LB,OA;1 043,40;1 045,80;
2022-02-18;09:00:00;1045;;26;-;-;CROS;LB,OA;1 043,40;1 045,80;
2022-02-18;09:00:00;1045;;37;-;-;CROS;LB,OA;1 043,40;1 045,80;
2022-02-18;09:00:00;1045;;92;-;-;CROS;LB,OA;1 043,40;1 045,80;
2022-02-18;09:00:00;1045;;25;-;-;CROS;LB,OA;1 043,40;1 045,80;
2022-02-18;09:00:00;1045;;6;-;-;CROS;LB,OA;1 043,40;1 045,80;
2022-02-18;09:00:00;1045;;11;-;-;CROS;LB,OA;1 043,40;1 045,80;
2022-02-18;09:00:00;1045;;85;-;-;CROS;LB,OA;1 043,40;1 045,80;
2022-02-18;09:00:00;1045;;1;-;-;CROS;LB,OA;1 043,40;1 045,80;
2022-02-18;09:00:00;1045;;10;-;-;CROS;LB,OA;1 043,40;1 045,80;
2022-02-18;09:00:00;1045;;35;-;-;CROS;LB,OA;1 043,40;1 045,80;
2022-02-18;09:00:00;1045;;3;-;-;CROS;LB,OA;1 043,40;1 045,80;
2022-02-18;09:00:00;1045;;2;-;-;CROS;LB,OA;1 043,40;1 045,80;
2022-02-18;09:00:00;1045;;145;-;-;CROS;LB,OA;1 043,40;1 045,80;
2022-02-18;09:00:00;1045;;82;-;-;CROS;LB,OA;1 043,40;1 045,80;
2022-02-18;09:00:00;1045;;106;-;-;CROS;LB,OA;1 043,40;1 045,80;
2022-02-18;09:00:00;1045;;17;-;-;CROS;LB,OA;1 043,40;1 045,80;
2022-02-18;09:00:00;1045;;5;-;-;CROS;LB,OA;1 043,40;1 045,80;
2022-02-18;09:00:00;1045;;32;-;-;CROS;LB,OA;1 043,40;1 045,80;
2022-02-18;09:00:00;1045;;196;-;-;CROS;LB,OA;1 043,40;1 045,80;
2022-02-18;09:00:00;1045;;40;-;-;CROS;LB,OA;1 043,40;1 045,80;
2022-02-18;09:00:00;1045;;12;-;-;CROS;LB,OA;1 043,40;1 045,80;
2022-02-18;09:00:00;1045;;4;-;-;CROS;LB,OA;1 043,40;1 045,80;
2022-02-18;09:00:00;1045;;5;-;-;CROS;LB,OA;1 043,40;1 045,80;
2022-02-18;09:00:00;1045;;7;-;-;CROS;LB,OA;1 043,40;1 045,80;
2022-02-18;09:00:00;1045;;62;-;-;CROS;LB,OA;1 043,40;1 045,80;
2022-02-18;09:00:00;1045;;5055;-;-;AUCT;LB,OA;1 045,00;1 045,00;
