2022-02-11;09:15:53;258,95;;50;-;-;;LB,CT;258,8;259;>
2022-02-11;09:15:41;259;;234;-;-;;LB,CT;258,9;259,05;<
2022-02-11;09:15:40;259,1;;9;-;-;;LB,CT;259;259,1;>
2022-02-11;09:15:39;259,05;;250;-;-;;LB,CT;259,05;259,1;<
2022-02-11;09:15:10;258,85;;76;-;-;;LB,CT;258,7;258,85;>
2022-02-11;09:15:10;258,85;;95;-;-;;LB,CT;258,7;258,85;>
2022-02-11;09:15:09;258,75;;37;-;-;;LB,CT;258,4;258,65;>
2022-02-11;09:15:09;258,75;;24;-;-;;LB,CT;258,4;258,65;>
2022-02-11;09:15:09;258,75;;95;-;-;;LB,CT;258,4;258,65;>
2022-02-11;09:15:09;258,7;;170;-;-;;LB,CT;258,4;258,65;>
2022-02-11;09:15:09;258,7;;9;-;-;;LB,CT;258,4;258,65;>
2022-02-11;09:15:09;258,65;;48;-;-;;LB,CT;258,4;258,65;>
2022-02-11;09:15:09;258,65;;250;-;-;;LB,CT;258,4;258,65;>
2022-02-11;09:15:09;258,525;;15;-;-;CROS;PA,UA;258,4;258,65;
2022-02-11;09:15:09;258,525;;15;-;-;AOD;PA,UA;258,4;258,65;
2022-02-11;09:15:06;258,6;;250;-;-;;LB,CT;258,6;258,7;<
2022-02-11;09:14:51;258,4;;53;-;-;;LB,CT;258,3;258,45;<
2022-02-11;09:14:51;258,45;;26;-;-;;LB,CT;258,4;258,5;<
2022-02-11;09:14:51;258,45;;1;-;-;;LB,CT;258,4;258,5;<
2022-02-11;09:14:51;258,45;;86;-;-;;LB,CT;258,4;258,5;<
2022-02-11;09:14:42;258,6;;2;-;-;;LB,CT;258,7;258,75;<
2022-02-11;09:14:42;258,6;;223;-;-;;LB,CT;258,7;258,75;<
2022-02-11;09:14:42;258,6;;24;-;-;;LB,CT;258,7;258,75;<
2022-02-11;09:14:42;258,6;;4;-;-;;LB,CT;258,7;258,75;<
2022-02-11;09:14:42;258,7;;2;-;-;;LB,CT;258,7;258,75;<
2022-02-11;09:14:26;258,7;;5;-;-;;LB,CT;258,7;258,75;<
2022-02-11;09:14:25;258,65;;4;-;-;;LB,CT;258,65;258,75;<
2022-02-11;09:14:00;258,6;;30;-;-;;LB,CT;258,45;258,7;>
2022-02-11;09:13:32;258,7;;5;-;-;;LB,CT;258,55;258,7;>
2022-02-11;09:13:00;258,45;;343;-;-;;LB,CT;258,35;258,6;>
2022-02-11;09:12:31;258,35;;142;-;-;;LB,CT;258,2;258,35;>
2022-02-11;09:12:22;258,2;;140;-;-;;LB,CT;258;258,25;>
2022-02-11;09:12:22;258,15;;250;-;-;;LB,CT;258;258,25;>
2022-02-11;09:12:21;258,2;;1;-;-;;LB,CT;258,05;258,25;<
2022-02-11;09:12:18;258,3;;236;-;-;;LB,CT;258,15;258,35;<
2022-02-11;09:12:18;258,35;;48;-;-;;LB,CT;258,15;258,35;<
2022-02-11;09:12:18;258,35;;338;-;-;;LB,CT;258,15;258,35;<
2022-02-11;09:12:18;258,35;;142;-;-;;LB,CT;258,15;258,35;<
2022-02-11;09:12:18;258,45;;1;-;-;;LB,CT;258,15;258,35;<
2022-02-11;09:12:15;258,45;;305;-;-;;LB,CT;258,25;258,45;<
2022-02-11;09:12:15;258,45;;95;-;-;;LB,CT;258,25;258,45;>
2022-02-11;09:12:08;258,1;;37;-;-;;LB,CT;258,05;258,35;>
2022-02-11;09:12:08;258,1;;38;-;-;;LB,CT;258,05;258,35;>
2022-02-11;09:12:08;258,1;;57;-;-;;LB,CT;258,05;258,35;>
2022-02-11;09:12:08;258,05;;839;-;-;;LB,CT;258,05;258,35;>
2022-02-11;09:12:08;258,05;;479;-;-;;LB,CT;258,05;258,35;>
2022-02-11;09:12:08;258;;24;-;-;;LB,CT;257,85;258;>
2022-02-11;09:11:49;257,9;;200;-;-;;LB,CT;257,7;257,9;>
2022-02-11;09:11:28;257,85;;95;-;-;;LB,CT;257,65;257,9;>
2022-02-11;09:11:27;257,7;;101;-;-;;LB,CT;257,6;257,7;>
2022-02-11;09:11:27;257,7;;4;-;-;;LB,CT;257,6;257,7;>
2022-02-11;09:11:11;257,6;;2;-;-;;LB,CT;257,5;257,6;>
2022-02-11;09:11:09;257,5;;1;-;-;;LB,CT;257,35;257,5;>
2022-02-11;09:11:00;257,6;;8;-;-;;LB,CT;257,35;257,6;>
2022-02-11;09:10:57;257,45;;180;-;-;;LB,CT;257,35;257,7;>
2022-02-11;09:10:47;257,5;;247;-;-;;LB,CT;257,2;257,5;>
2022-02-11;09:10:42;257,5;;1;-;-;;LB,CT;257,2;257,5;>
2022-02-11;09:10:37;257,5;;2;-;-;;LB,CT;257,25;257,5;>
2022-02-11;09:10:35;257,6;;16;-;-;;LB,CT;257,75;258;<
2022-02-11;09:10:35;257,75;;276;-;-;;LB,CT;257,75;258;<
2022-02-11;09:10:35;257,75;;536;-;-;;LB,CT;257,75;258;<
2022-02-11;09:10:35;257,75;;38;-;-;;LB,CT;257,75;258;<
2022-02-11;09:10:35;257,75;;30;-;-;;LB,CT;257,75;258;<
2022-02-11;09:10:35;257,75;;2;-;-;;LB,CT;257,75;258;<
2022-02-11;09:10:33;257,85;;250;-;-;;LB,CT;257,75;258;<
2022-02-11;09:10:33;257,95;;232;-;-;;LB,CT;257,85;258,05;<
2022-02-11;09:10:33;257,95;;250;-;-;;LB,CT;257,75;258;<
2022-02-11;09:10:33;258;;363;-;-;;LB,CT;257,75;258;>
2022-02-11;09:10:33;258;;8;-;-;;LB,CT;257,75;258;>
2022-02-11;09:10:33;258;;29;-;-;;LB,CT;257,75;258;>
2022-02-11;09:10:29;257,7;;14;-;-;;LB,CT;257,7;257,95;>
2022-02-11;09:10:26;257,6;;487;-;-;;LB,CT;257,5;257,65;<
2022-02-11;09:10:25;257,7;;101;-;-;;LB,CT;257,6;257,7;>
2022-02-11;09:10:24;257,7;;122;-;-;;LB,CT;257,55;257,75;>
2022-02-11;09:10:24;257,7;;250;-;-;;LB,CT;257,55;257,75;>
2022-02-11;09:10:24;257,6;;574;-;-;;LB,CT;257,55;257,75;<
2022-02-11;09:10:23;257,65;;250;-;-;;LB,CT;257,5;257,75;>
2022-02-11;09:10:23;257,5;;140;-;-;;LB,CT;257,5;257,75;<
2022-02-11;09:10:22;257,55;;82;-;-;;LB,CT;257,5;257,8;>
2022-02-11;09:10:22;257,4;;250;-;-;;LB,CT;257,35;257,55;>
2022-02-11;09:10:06;257,3;;116;-;-;;LB,CT;257,05;257,3;>
2022-02-11;09:10:06;257,3;;2;-;-;;LB,CT;257,05;257,3;>
2022-02-11;09:10:04;257;;34;-;-;;LB,CT;257,1;257,3;<
2022-02-11;09:10:04;257;;158;-;-;;LB,CT;257,1;257,3;<
2022-02-11;09:10:04;257,05;;83;-;-;;LB,CT;257,1;257,3;<
2022-02-11;09:10:04;257,1;;250;-;-;;LB,CT;257,1;257,3;<
2022-02-11;09:10:01;257,1;;45;-;-;;LB,CT;257,05;257,25;>
2022-02-11;09:09:57;257,25;;2;-;-;STRO;OB,ON,PRIC,ALGO;257,1;257,3;<
2022-02-11;09:09:54;257,1;;50;-;-;;LB,CT;257,1;257,3;<
2022-02-11;09:09:46;257,05;;3;-;-;;LB,CT;257,05;257,25;<
2022-02-11;09:09:44;257,05;;150;-;-;;LB,CT;257,05;257,25;<
2022-02-11;09:09:44;257,05;;250;-;-;;LB,CT;257,05;257,25;<
2022-02-11;09:09:24;257;;102;-;-;;LB,CT;256,85;257,15;<
2022-02-11;09:09:22;257;;2;-;-;;LB,CT;257;257,3;<
2022-02-11;09:09:21;257;;2;-;-;;LB,CT;257;257,3;<
2022-02-11;09:09:20;257,15;;51;-;-;;LB,CT;256,9;257,15;>
2022-02-11;09:09:20;257,15;;48;-;-;;LB,CT;256,9;257,15;>
2022-02-11;09:09:07;257;;106;-;-;;LB,CT;256,9;257,1;<
2022-02-11;09:09:07;257;;34;-;-;;LB,CT;256,9;257,1;<
2022-02-11;09:09:07;257;;99;-;-;;LB,CT;256,9;257,1;<
2022-02-11;09:09:07;257;;1;-;-;;LB,CT;256,9;257,1;<
2022-02-11;09:09:05;257,3;;225;-;-;;LB,CT;257,05;257,3;<
2022-02-11;09:09:05;257,3;;300;-;-;;LB,CT;257,05;257,3;<
2022-02-11;09:09:00;257,4;;2;-;-;;LB,CT;257,3;257,5;<
2022-02-11;09:08:40;257,55;;27;-;-;;LB,CT;257,35;257,6;<
2022-02-11;09:08:24;257,25;;509;-;-;;LB,CT;257,2;257,45;>
2022-02-11;09:08:24;257,25;;250;-;-;;LB,CT;257,2;257,45;<
2022-02-11;09:08:23;257,4;;100;-;-;;LB,CT;257,25;257,5;<
2022-02-11;09:08:08;257,45;;230;-;-;;LB,CT;257,15;257,4;<
2022-02-11;09:08:08;257,4;;123;-;-;;LB,CT;257,15;257,4;>
2022-02-11;09:08:08;257,4;;47;-;-;;LB,CT;257,15;257,4;>
2022-02-11;09:07:48;257,65;;239;-;-;STRO;OB,ON,PRIC,ALGO;257,5;257,65;<
2022-02-11;09:07:48;257,4;;99;-;-;;LB,CT;257,5;257,65;<
2022-02-11;09:07:48;257,5;;240;-;-;;LB,CT;257,5;257,65;<
2022-02-11;09:07:48;257,6;;91;-;-;;LB,CT;257,5;257,65;<
2022-02-11;09:07:48;257,65;;2;-;-;;LB,CT;257,5;257,65;<
2022-02-11;09:07:40;257,75;;8;-;-;;LB,CT;257,75;257,85;<
2022-02-11;09:07:28;257,75;;150;-;-;;LB,CT;257,75;257,85;<
2022-02-11;09:07:24;257,85;;1000;-;-;;LB,CT;257,75;258;>
2022-02-11;09:07:07;257,7;;38;-;-;;LB,CT;257,7;257,95;>
2022-02-11;09:07:06;257,75;;1;-;-;;LB,CT;257,65;258;>
2022-02-11;09:07:04;257,9;;255;-;-;;LB,CT;257,6;257,9;<
2022-02-11;09:07:02;257,75;;72;-;-;;LB,CT;257,8;258;<
2022-02-11;09:07:02;257,8;;240;-;-;;LB,CT;257,8;258;<
2022-02-11;09:07:02;257,85;;1942;-;-;;LB,CT;257,7;258;>
2022-02-11;09:07:02;257,85;;58;-;-;;LB,CT;257,7;258;>
2022-02-11;09:06:58;257,85;;96;-;-;;LB,CT;257,85;258;<
2022-02-11;09:06:56;257,9;;4;-;-;;LB,CT;257,9;258;<
2022-02-11;09:06:35;257,8;;117;-;-;;LB,CT;257,7;258;>
2022-02-11;09:06:35;257,8;;98;-;-;;LB,CT;257,7;258;>
2022-02-11;09:06:35;257,8;;2;-;-;;LB,CT;257,6;257,8;>
2022-02-11;09:06:20;257,9;;19;-;-;;LB,CT;257,55;257,9;>
2022-02-11;09:06:15;257,55;;51;-;-;;LB,CT;257,55;257,85;<
2022-02-11;09:06:15;257,7;;85;-;-;;LB,CT;257,55;257,85;>
2022-02-11;09:06:15;257,7;;165;-;-;;LB,CT;257,55;257,85;>
2022-02-11;09:06:11;257,45;;26;-;-;;LB,CT;257,45;257,8;<
2022-02-11;09:06:10;257,7;;10;-;-;;LB,CT;257,4;257,75;<
2022-02-11;09:06:09;257,55;;26;-;-;;LB,CT;257,55;257,8;<
2022-02-11;09:06:09;257,7;;15;-;-;;LB,CT;257,55;257,8;<
2022-02-11;09:06:09;257,75;;1;-;-;;LB,CT;257,55;257,8;<
2022-02-11;09:06:09;257,8;;5;-;-;;LB,CT;257,75;257,9;<
2022-02-11;09:06:01;257,8;;137;-;-;;LB,CT;257,75;257,95;>
2022-02-11;09:06:01;257,9;;91;-;-;;LB,CT;257,75;257,9;>
2022-02-11;09:06:01;257,9;;250;-;-;;LB,CT;257,75;257,9;>
2022-02-11;09:06:01;257,8;;1;-;-;;LB,CT;257,8;258;<
2022-02-11;09:06:00;257,85;;1;-;-;;LB,CT;257,85;258;<
2022-02-11;09:05:55;257,85;;250;-;-;;LB,CT;257,8;258,05;>
2022-02-11;09:05:51;257,9;;168;-;-;;LB,CT;257,8;258;>
2022-02-11;09:05:50;258,05;;52;-;-;STRO;OB,ON,PRIC,ALGO;257,8;257,9;<
2022-02-11;09:05:50;258,15;;1;-;-;STRO;OB,ON,PRIC,ALGO;257,8;257,9;<
2022-02-11;09:05:50;257,85;;100;-;-;;LB,CT;257,8;257,9;<
2022-02-11;09:05:50;257,9;;100;-;-;;LB,CT;257,8;257,9;<
2022-02-11;09:05:50;257,95;;100;-;-;;LB,CT;257,8;257,9;<
2022-02-11;09:05:50;258;;100;-;-;;LB,CT;257,8;257,9;<
2022-02-11;09:05:50;258,05;;244;-;-;;LB,CT;257,8;257,9;<
2022-02-11;09:05:50;258,05;;226;-;-;;LB,CT;257,8;257,9;<
2022-02-11;09:05:50;258,1;;100;-;-;;LB,CT;257,8;257,9;<
2022-02-11;09:05:50;258,1;;59;-;-;;LB,CT;257,8;257,9;<
2022-02-11;09:05:39;258,1;;99;-;-;;LB,CT;257,9;258,1;>
2022-02-11;09:05:39;258,1;;1;-;-;;LB,CT;257,9;258,1;>
2022-02-11;09:05:36;258;;37;-;-;;LB,CT;258;258,1;<
2022-02-11;09:05:36;258;;265;-;-;;LB,CT;258;258,1;<
2022-02-11;09:05:32;258,05;;44;-;-;;LB,CT;257,8;258,05;>
2022-02-11;09:05:32;258,05;;35;-;-;;LB,CT;257,8;258,05;>
2022-02-11;09:05:32;258,05;;53;-;-;;LB,CT;257,8;258,05;>
2022-02-11;09:05:32;258;;19;-;-;;LB,CT;257,8;258,05;>
2022-02-11;09:05:22;257,9;;84;-;-;;LB,CT;257,7;258;>
2022-02-11;09:05:10;257,65;;170;-;-;;LB,CT;257,4;257,65;>
2022-02-11;09:05:10;257,6;;20;-;-;;LB,CT;257,4;257,65;>
2022-02-11;09:05:10;257,6;;250;-;-;;LB,CT;257,4;257,65;>
2022-02-11;09:05:06;257,5;;1;-;-;;LB,CT;257,25;257,5;>
2022-02-11;09:05:06;257,5;;125;-;-;;LB,CT;257,25;257,5;>
2022-02-11;09:04:51;257,2;;10;-;-;;LB,CT;257;257,2;>
2022-02-11;09:04:51;257,2;;129;-;-;;LB,CT;257;257,2;>
2022-02-11;09:04:51;257,2;;200;-;-;;LB,CT;257;257,2;>
2022-02-11;09:04:51;257,2;;94;-;-;;LB,CT;257;257,2;>
2022-02-11;09:04:51;257,2;;200;-;-;;LB,CT;257;257,2;>
2022-02-11;09:04:51;257,2;;10;-;-;;LB,CT;256,95;257,2;>
2022-02-11;09:04:51;257,2;;190;-;-;;LB,CT;256,95;257,2;>
2022-02-11;09:04:51;257,2;;50;-;-;;LB,CT;256,95;257,2;>
2022-02-11;09:04:51;257,2;;150;-;-;;LB,CT;256,95;257,2;>
2022-02-11;09:04:51;257,1;;75;-;-;;LB,CT;256,95;257,2;<
2022-02-11;09:04:51;257,2;;200;-;-;HID;DB,CT;256,95;257,2;>
2022-02-11;09:04:51;257,2;;225;-;-;HID;DB,CT;256,95;257,2;>
2022-02-11;09:04:51;257,2;;214;-;-;HID;DB,CT;256,95;257,2;>
2022-02-11;09:04:51;257,2;;200;-;-;HID;DB,CT;256,95;257,2;>
2022-02-11;09:04:51;257,2;;200;-;-;;LB,CT;256,95;257,2;>
2022-02-11;09:04:49;257,45;;2;-;-;;LB,CT;257,2;257,5;<
2022-02-11;09:04:46;257,2;;30;-;-;;LB,CT;257,2;257,5;<
2022-02-11;09:04:45;257,45;;38;-;-;;LB,CT;257,2;257,55;>
2022-02-11;09:04:43;257,15;;100;-;-;;LB,CT;257,15;257,45;<
2022-02-11;09:04:41;256,95;;117;-;-;;LB,CT;257,15;257,5;<
2022-02-11;09:04:41;257;;133;-;-;;LB,CT;257,15;257,5;<
2022-02-11;09:04:41;257,05;;65;-;-;;LB,CT;257,15;257,5;<
2022-02-11;09:04:41;257,1;;133;-;-;;LB,CT;257,15;257,5;<
2022-02-11;09:04:41;257,1;;2;-;-;;LB,CT;257,15;257,5;<
2022-02-11;09:04:41;257,25;;100;-;-;;LB,CT;257,15;257,5;<
2022-02-11;09:04:41;257,3;;50;-;-;;LB,CT;257,15;257,5;<
2022-02-11;09:04:31;257,2;;73;-;-;STRO;OB,ON,PRIC,ALGO;257;257,35;>
2022-02-11;09:04:31;257,25;;125;-;-;;LB,CT;257;257,35;>
2022-02-11;09:04:31;257,2;;48;-;-;;LB,CT;257;257,35;>
2022-02-11;09:04:31;257,1;;142;-;-;;LB,CT;257;257,35;>
2022-02-11;09:04:30;257,1;;2;-;-;;LB,CT;256,8;257,1;>
2022-02-11;09:04:27;257,2;;332;-;-;;LB,CT;256,9;257,2;>
2022-02-11;09:04:27;257,15;;168;-;-;;LB,CT;256,9;257,2;>
2022-02-11;09:04:27;257,15;;38;-;-;;LB,CT;256,75;257,15;>
2022-02-11;09:04:27;256,9;;10;-;-;;LB,CT;256,75;257,15;<
2022-02-11;09:04:19;256,8;;1;-;-;;LB,CT;256,8;257,25;<
2022-02-11;09:04:04;257;;25;-;-;;LB,CT;257;257,3;<
2022-02-11;09:04:04;257,45;;1;-;-;;LB,CT;257,45;257,55;<
2022-02-11;09:03:47;257,55;;4;-;-;CROS;PA,UA;257,45;257,65;
2022-02-11;09:03:47;257,55;;4;-;-;CROS;PA,UA;257,45;257,65;
2022-02-11;09:03:47;257,55;;8;-;-;AOD;PA,UA;257,45;257,65;
2022-02-11;09:03:38;257,4;;34;-;-;;LB,CT;257,4;257,7;<
2022-02-11;09:03:38;257,45;;1663;-;-;;LB,CT;257;257,45;<
2022-02-11;09:03:38;257,45;;230;-;-;;LB,CT;257;257,45;<
2022-02-11;09:03:38;257,45;;107;-;-;;LB,CT;257;257,45;>
2022-02-11;09:03:25;257,25;;10;-;-;;LB,CT;256,85;257,25;>
2022-02-11;09:03:24;257,15;;10;-;-;;LB,CT;256,7;257,15;>
2022-02-11;09:03:14;257,05;;299;-;-;;LB,CT;256,65;257,05;>
2022-02-11;09:03:14;257;;1456;-;-;;LB,CT;256,65;257,05;<
2022-02-11;09:03:14;257;;170;-;-;;LB,CT;256,65;257,05;>
2022-02-11;09:03:14;257;;124;-;-;;LB,CT;256,65;257,05;>
2022-02-11;09:03:14;257;;250;-;-;;LB,CT;256,65;257,05;>
2022-02-11;09:03:10;256,95;;8;-;-;;LB,CT;256,6;256,95;>
2022-02-11;09:03:09;256,75;;250;-;-;;LB,CT;256,55;256,85;>
2022-02-11;09:03:05;256,95;;5;-;-;;LB,CT;256,45;256,95;>
2022-02-11;09:03:04;256,45;;74;-;-;;LB,CT;256,45;256,95;<
2022-02-11;09:03:02;256,9;;23;-;-;;LB,CT;256,45;256,95;>
2022-02-11;09:03:00;256,9;;59;-;-;;LB,CT;256,45;256,9;>
2022-02-11;09:02:56;256,65;;100;-;-;STRO;OB,ON,PRIC,ALGO;256,6;257;>
2022-02-11;09:02:55;256,7;;150;-;-;STRO;OB,ON,PRIC,ALGO;256,45;257;>
2022-02-11;09:02:55;256,75;;250;-;-;;LB,CT;256,45;257;>
2022-02-11;09:02:55;256,4;;86;-;-;;LB,CT;256,5;257;>
2022-02-11;09:02:55;256,4;;647;-;-;;LB,CT;256,5;257;>
2022-02-11;09:02:55;256,5;;117;-;-;;LB,CT;256,5;257;<
2022-02-11;09:02:51;257,05;;23;-;-;;LB,CT;256,6;257,05;>
2022-02-11;09:02:50;257;;18;-;-;;LB,CT;256,5;257;>
2022-02-11;09:02:02;256,95;;18;-;-;;LB,CT;256,45;256,95;>
2022-02-11;09:02:01;256,85;;18;-;-;;LB,CT;256,4;256,95;>
2022-02-11;09:01:58;256,3;;152;-;-;;LB,CT;256,3;256,9;<
2022-02-11;09:01:57;256,45;;82;-;-;;LB,CT;256,45;257,05;<
2022-02-11;09:01:49;256,8;;50;-;-;STRO;OB,ON,PRIC,ALGO;256,65;257,1;<
2022-02-11;09:01:38;256,85;;15;-;-;STRO;OB,ON,PRIC,ALGO;256,5;257,2;<
2022-02-11;09:01:15;256,9;;88;-;-;;LB,CT;256,9;257,15;<
2022-02-11;09:01:15;256,9;;552;-;-;;LB,CT;256,9;257,15;<
2022-02-11;09:01:15;256,9;;250;-;-;;LB,CT;256,9;257,15;>
2022-02-11;09:01:05;256,05;;12;-;-;;LB,CT;256,15;256,55;<
2022-02-11;09:01:05;256,15;;3;-;-;;LB,CT;256,15;256,55;<
2022-02-11;09:00:56;256,7;;150;-;-;STRO;OB,ON,PRIC,ALGO;256,65;257,15;>
2022-02-11;09:00:56;256,7;;668;-;-;;LB,CT;256,65;257,15;>
2022-02-11;09:00:56;256,65;;53;-;-;;LB,CT;256,65;257,15;<
2022-02-11;09:00:56;256,7;;72;-;-;;LB,CT;256,65;257,15;<
2022-02-11;09:00:48;257,15;;1;-;-;;LB,CT;256,7;257,15;>
2022-02-11;09:00:22;257,2;;47;-;-;;LB,CT;257,2;257,65;<
2022-02-11;09:00:20;257,15;;250;-;-;;LB,CT;256,75;257,45;>
2022-02-11;09:00:20;257,15;;57;-;-;;LB,CT;256,75;257,45;<
2022-02-11;09:00:15;257,05;;82;-;-;;LB,CT;257,05;257,65;<
2022-02-11;09:00:14;256,85;;35;-;-;STRO;OB,ON,PRIC,ALGO;256,95;257,2;>
2022-02-11;09:00:14;256,85;;150;-;-;STRO;OB,ON,PRIC,ALGO;256,95;257,2;>
2022-02-11;09:00:14;257,2;;19;-;-;;LB,CT;256,95;257,2;>
2022-02-11;09:00:14;257,2;;19;-;-;;LB,CT;256,95;257,2;>
2022-02-11;09:00:14;256,9;;242;-;-;;LB,CT;256,95;257,2;<
2022-02-11;09:00:14;256,95;;64;-;-;;LB,CT;256,95;257,2;>
2022-02-11;09:00:14;256,9;;73;-;-;;LB,CT;256,95;257,2;>
2022-02-11;09:00:14;256,85;;250;-;-;;LB,CT;256,95;257,2;>
2022-02-11;09:00:12;256,95;;112;-;-;;LB,CT;256,5;256,95;<
2022-02-11;09:00:12;256,95;;600;-;-;;LB,CT;256,5;256,95;<
2022-02-11;09:00:12;256,95;;38;-;-;;LB,CT;256,5;256,95;>
2022-02-11;09:00:05;256,8;;4;-;-;CROS;PA,UA;256,5;256,95;<
2022-02-11;09:00:04;257,7;;45;-;-;CROS;LB,OA;256,5;256,95;<
2022-02-11;09:00:04;257,7;;33;-;-;CROS;LB,OA;256,5;256,95;<
2022-02-11;09:00:04;257,7;;411;-;-;CROS;LB,OA;256,5;256,95;<
2022-02-11;09:00:04;257,7;;288;-;-;CROS;LB,OA;256,5;256,95;<
2022-02-11;09:00:04;257,7;;247;-;-;CROS;LB,OA;256,5;256,95;<
2022-02-11;09:00:04;257,7;;332;-;-;CROS;LB,OA;256,5;256,95;<
2022-02-11;09:00:04;257,7;;3;-;-;CROS;LB,OA;256,5;256,95;<
2022-02-11;09:00:04;257,7;;2;-;-;CROS;LB,OA;256,5;256,95;<
2022-02-11;09:00:04;257,7;;67;-;-;CROS;LB,OA;256,5;256,95;<
2022-02-11;09:00:04;257,7;;69;-;-;CROS;LB,OA;256,5;256,95;<
2022-02-11;09:00:04;257,7;;19;-;-;CROS;LB,OA;256,5;256,95;<
2022-02-11;09:00:04;257,7;;62;-;-;CROS;LB,OA;256,5;256,95;<
2022-02-11;09:00:04;257,7;;68;-;-;CROS;LB,OA;256,5;256,95;<
2022-02-11;09:00:04;257,7;;90;-;-;CROS;LB,OA;256,5;256,95;<
2022-02-11;09:00:04;257,7;;72;-;-;CROS;LB,OA;256,5;256,95;<
2022-02-11;09:00:04;257,7;;14;-;-;CROS;LB,OA;256,5;256,95;<
2022-02-11;09:00:04;257,7;;85;-;-;CROS;LB,OA;256,5;256,95;<
2022-02-11;09:00:04;257,7;;84;-;-;CROS;LB,OA;256,5;256,95;<
2022-02-11;09:00:04;257,7;;85;-;-;CROS;LB,OA;256,5;256,95;<
2022-02-11;09:00:04;257,7;;85;-;-;CROS;LB,OA;256,5;256,95;<
2022-02-11;09:00:04;257,7;;85;-;-;CROS;LB,OA;256,5;256,95;<
2022-02-11;09:00:04;257,7;;40;-;-;CROS;LB,OA;256,5;256,95;<
2022-02-11;09:00:04;257,7;;85;-;-;CROS;LB,OA;256,5;256,95;<
2022-02-11;09:00:04;257,7;;113;-;-;CROS;LB,OA;256,5;256,95;<
2022-02-11;09:00:04;257,7;;79;-;-;CROS;LB,OA;256,5;256,95;<
2022-02-11;09:00:04;257,7;;91;-;-;CROS;LB,OA;256,5;256,95;<
2022-02-11;09:00:04;257,7;;39;-;-;CROS;LB,OA;256,5;256,95;<
2022-02-11;09:00:04;257,7;;39;-;-;CROS;LB,OA;256,5;256,95;<
2022-02-11;09:00:04;257,7;;2;-;-;CROS;LB,OA;256,5;256,95;<
2022-02-11;09:00:04;257,7;;2;-;-;CROS;LB,OA;256,5;256,95;<
2022-02-11;09:00:04;257,7;;1;-;-;CROS;LB,OA;256,5;256,95;<
2022-02-11;09:00:04;257,7;;2;-;-;CROS;LB,OA;256,5;256,95;<
2022-02-11;09:00:04;257,7;;32;-;-;CROS;LB,OA;256,5;256,95;<
2022-02-11;09:00:04;257,7;;18;-;-;CROS;LB,OA;256,5;256,95;<
2022-02-11;09:00:04;257,7;;4;-;-;CROS;LB,OA;256,5;256,95;<
2022-02-11;09:00:04;257,7;;2;-;-;CROS;LB,OA;256,5;256,95;<
2022-02-11;09:00:04;257,7;;10;-;-;CROS;LB,OA;256,5;256,95;<
2022-02-11;09:00:04;257,7;;2;-;-;CROS;LB,OA;256,5;256,95;<
2022-02-11;09:00:04;257,7;;3;-;-;CROS;LB,OA;256,5;256,95;<
2022-02-11;09:00:04;257,7;;7;-;-;CROS;LB,OA;256,5;256,95;<
2022-02-11;09:00:04;257,7;;2;-;-;CROS;LB,OA;256,5;256,95;<
2022-02-11;09:00:04;257,7;;2;-;-;CROS;LB,OA;256,5;256,95;<
2022-02-11;09:00:04;257,7;;11;-;-;CROS;LB,OA;256,5;256,95;<
2022-02-11;09:00:04;257,7;;8;-;-;CROS;LB,OA;256,5;256,95;<
2022-02-11;09:00:04;257,7;;10;-;-;CROS;LB,OA;256,5;256,95;<
2022-02-11;09:00:04;257,7;;74;-;-;CROS;LB,OA;256,5;256,95;<
2022-02-11;09:00:04;257,7;;91;-;-;CROS;LB,OA;256,5;256,95;<
2022-02-11;09:00:04;257,7;;16;-;-;CROS;LB,OA;256,5;256,95;<
2022-02-11;09:00:04;257,7;;9;-;-;CROS;LB,OA;256,5;256,95;<
2022-02-11;09:00:04;257,7;;7;-;-;CROS;LB,OA;256,5;256,95;<
2022-02-11;09:00:04;257,7;;14;-;-;CROS;LB,OA;256,5;256,95;<
2022-02-11;09:00:04;257,7;;1;-;-;CROS;LB,OA;256,5;256,95;<
2022-02-11;09:00:04;257,7;;1;-;-;CROS;LB,OA;256,5;256,95;<
2022-02-11;09:00:04;257,7;;2;-;-;CROS;LB,OA;256,5;256,95;<
2022-02-11;09:00:04;257,7;;3;-;-;CROS;LB,OA;256,5;256,95;<
2022-02-11;09:00:04;257,7;;4;-;-;CROS;LB,OA;256,5;256,95;<
2022-02-11;09:00:04;257,7;;1;-;-;CROS;LB,OA;256,5;256,95;<
2022-02-11;09:00:04;257,7;;2;-;-;CROS;LB,OA;256,5;256,95;<
2022-02-11;09:00:04;257,7;;7;-;-;CROS;LB,OA;256,5;256,95;<
2022-02-11;09:00:04;257,7;;50;-;-;CROS;LB,OA;256,5;256,95;<
2022-02-11;09:00:04;257,7;;19;-;-;CROS;LB,OA;256,5;256,95;<
2022-02-11;09:00:04;257,7;;2;-;-;CROS;LB,OA;256,5;256,95;<
2022-02-11;09:00:04;257,7;;3;-;-;CROS;LB,OA;256,5;256,95;<
2022-02-11;09:00:04;257,7;;70;-;-;CROS;LB,OA;256,5;256,95;<
2022-02-11;09:00:04;257,7;;2;-;-;CROS;LB,OA;256,5;256,95;<
2022-02-11;09:00:04;257,7;;1;-;-;CROS;LB,OA;256,5;256,95;<
2022-02-11;09:00:04;257,7;;3;-;-;CROS;LB,OA;256,5;256,95;<
2022-02-11;09:00:04;257,7;;1;-;-;CROS;LB,OA;256,5;256,95;<
2022-02-11;09:00:04;257,7;;2;-;-;CROS;LB,OA;256,5;256,95;<
2022-02-11;09:00:04;257,7;;38;-;-;CROS;LB,OA;256,5;256,95;<
2022-02-11;09:00:04;257,7;;3;-;-;CROS;LB,OA;256,5;256,95;<
2022-02-11;09:00:04;257,7;;2;-;-;CROS;LB,OA;256,5;256,95;<
2022-02-11;09:00:04;257,7;;35;-;-;CROS;LB,OA;256,5;256,95;<
2022-02-11;09:00:04;257,7;;5;-;-;CROS;LB,OA;256,5;256,95;<
2022-02-11;09:00:04;257,7;;36;-;-;CROS;LB,OA;256,5;256,95;<
2022-02-11;09:00:04;257,7;;5;-;-;CROS;LB,OA;256,5;256,95;<
2022-02-11;09:00:04;257,7;;2;-;-;CROS;LB,OA;256,5;256,95;<
2022-02-11;09:00:04;257,7;;150;-;-;CROS;LB,OA;256,5;256,95;<
2022-02-11;09:00:04;257,7;;18;-;-;CROS;LB,OA;256,5;256,95;<
2022-02-11;09:00:04;257,7;;2;-;-;CROS;LB,OA;256,5;256,95;<
2022-02-11;09:00:04;257,7;;2;-;-;CROS;LB,OA;256,5;256,95;<
2022-02-11;09:00:04;257,7;;2;-;-;CROS;LB,OA;256,5;256,95;<
2022-02-11;09:00:04;257,7;;1;-;-;CROS;LB,OA;256,5;256,95;<
2022-02-11;09:00:04;257,7;;100;-;-;CROS;LB,OA;256,5;256,95;<
2022-02-11;09:00:04;257,7;;152;-;-;CROS;LB,OA;256,5;256,95;<
2022-02-11;09:00:04;257,7;;3;-;-;CROS;LB,OA;256,5;256,95;<
2022-02-11;09:00:04;257,7;;6;-;-;CROS;LB,OA;256,5;256,95;<
2022-02-11;09:00:04;257,7;;7;-;-;CROS;LB,OA;256,5;256,95;<
2022-02-11;09:00:04;257,7;;3;-;-;CROS;LB,OA;256,5;256,95;<
2022-02-11;09:00:04;257,7;;1;-;-;CROS;LB,OA;256,5;256,95;<
2022-02-11;09:00:04;257,7;;38;-;-;CROS;LB,OA;256,5;256,95;<
2022-02-11;09:00:04;257,7;;5;-;-;CROS;LB,OA;256,5;256,95;<
2022-02-11;09:00:04;257,7;;1;-;-;CROS;LB,OA;256,5;256,95;<
2022-02-11;09:00:04;257,7;;9;-;-;CROS;LB,OA;256,5;256,95;<
2022-02-11;09:00:04;257,7;;11;-;-;CROS;LB,OA;256,5;256,95;<
2022-02-11;09:00:04;257,7;;1;-;-;CROS;LB,OA;256,5;256,95;<
2022-02-11;09:00:04;257,7;;15;-;-;CROS;LB,OA;256,5;256,95;<
2022-02-11;09:00:04;257,7;;15;-;-;CROS;LB,OA;256,5;256,95;<
2022-02-11;09:00:04;257,7;;3;-;-;CROS;LB,OA;256,5;256,95;<
2022-02-11;09:00:04;257,7;;2;-;-;CROS;LB,OA;256,5;256,95;<
2022-02-11;09:00:04;257,7;;20;-;-;CROS;LB,OA;256,5;256,95;<
2022-02-11;09:00:04;257,7;;11;-;-;CROS;LB,OA;256,5;256,95;<
2022-02-11;09:00:04;257,7;;1;-;-;CROS;LB,OA;256,5;256,95;<
2022-02-11;09:00:04;257,7;;1;-;-;CROS;LB,OA;256,5;256,95;<
2022-02-11;09:00:04;257,7;;57;-;-;CROS;LB,OA;256,5;256,95;<
2022-02-11;09:00:04;257,7;;20;-;-;CROS;LB,OA;256,5;256,95;<
2022-02-11;09:00:04;257,7;;11;-;-;CROS;LB,OA;256,5;256,95;<
2022-02-11;09:00:04;257,7;;3;-;-;CROS;LB,OA;256,5;256,95;<
2022-02-11;09:00:04;257,7;;2;-;-;CROS;LB,OA;256,5;256,95;<
2022-02-11;09:00:04;257,7;;2;-;-;CROS;LB,OA;256,5;256,95;<
2022-02-11;09:00:04;257,7;;1;-;-;CROS;LB,OA;256,5;256,95;<
2022-02-11;09:00:04;257,7;;20;-;-;CROS;LB,OA;256,5;256,95;<
2022-02-11;09:00:04;257,7;;1;-;-;CROS;LB,OA;256,5;256,95;<
2022-02-11;09:00:04;257,7;;4;-;-;CROS;LB,OA;256,5;256,95;<
2022-02-11;09:00:04;257,7;;3;-;-;CROS;LB,OA;256,5;256,95;<
2022-02-11;09:00:04;257,7;;1;-;-;CROS;LB,OA;256,5;256,95;<
2022-02-11;09:00:04;257,7;;10;-;-;CROS;LB,OA;256,5;256,95;<
2022-02-11;09:00:04;257,7;;3;-;-;CROS;LB,OA;256,5;256,95;<
2022-02-11;09:00:04;257,7;;4;-;-;CROS;LB,OA;256,5;256,95;<
2022-02-11;09:00:04;257,7;;10;-;-;CROS;LB,OA;256,5;256,95;<
2022-02-11;09:00:04;257,7;;2;-;-;CROS;LB,OA;256,5;256,95;<
2022-02-11;09:00:04;257,7;;1;-;-;CROS;LB,OA;256,5;256,95;<
2022-02-11;09:00:04;257,7;;7;-;-;CROS;LB,OA;256,5;256,95;<
2022-02-11;09:00:04;257,7;;39;-;-;CROS;LB,OA;256,5;256,95;<
2022-02-11;09:00:04;257,7;;100;-;-;CROS;LB,OA;256,5;256,95;<
2022-02-11;09:00:04;257,7;;5;-;-;CROS;LB,OA;256,5;256,95;<
2022-02-11;09:00:04;257,7;;19;-;-;CROS;LB,OA;256,5;256,95;<
2022-02-11;09:00:04;257,7;;552;-;-;CROS;LB,OA;256,5;256,95;<
2022-02-11;09:00:04;257,7;;57;-;-;CROS;LB,OA;256,5;256,95;<
2022-02-11;09:00:04;257,7;;1;-;-;CROS;LB,OA;256,5;256,95;<
2022-02-11;09:00:04;257,7;;97;-;-;CROS;LB,OA;256,5;256,95;<
2022-02-11;09:00:04;257,7;;94;-;-;CROS;LB,OA;256,5;256,95;<
2022-02-11;09:00:04;257,7;;210;-;-;CROS;LB,OA;256,5;256,95;<
2022-02-11;09:00:04;257,7;;70;-;-;CROS;LB,OA;256,5;256,95;<
2022-02-11;09:00:04;257,7;;32;-;-;CROS;LB,OA;256,5;256,95;<
2022-02-11;09:00:04;257,7;;30;-;-;CROS;LB,OA;256,5;256,95;<
2022-02-11;09:00:04;257,7;;16;-;-;CROS;LB,OA;256,5;256,95;<
2022-02-11;09:00:04;257,7;;2;-;-;CROS;LB,OA;256,5;256,95;<
2022-02-11;09:00:04;257,7;;396;-;-;CROS;LB,OA;256,5;256,95;<
2022-02-11;09:00:04;257,7;;22;-;-;CROS;LB,OA;256,5;256,95;<
2022-02-11;09:00:04;257,7;;6;-;-;CROS;LB,OA;256,5;256,95;<
2022-02-11;09:00:04;257,7;;51;-;-;CROS;LB,OA;256,5;256,95;<
2022-02-11;09:00:04;257,7;;50;-;-;CROS;LB,OA;256,5;256,95;<
2022-02-11;09:00:04;257,7;;30;-;-;CROS;LB,OA;256,5;256,95;<
2022-02-11;09:00:04;257,7;;410;-;-;CROS;LB,OA;256,5;256,95;<
2022-02-11;09:00:04;257,7;;14;-;-;CROS;LB,OA;256,5;256,95;<
2022-02-11;09:00:04;257,7;;222;-;-;CROS;LB,OA;256,5;256,95;<
2022-02-11;09:00:04;257,7;;287;-;-;CROS;LB,OA;256,5;256,95;<
2022-02-11;09:00:04;257,7;;3;-;-;CROS;LB,OA;256,5;256,95;<
2022-02-11;09:00:04;257,7;;1;-;-;CROS;LB,OA;256,5;256,95;<
2022-02-11;09:00:04;257,7;;24;-;-;CROS;LB,OA;256,5;256,95;<
2022-02-11;09:00:04;257,7;;266;-;-;CROS;LB,OA;256,5;256,95;<
2022-02-11;09:00:04;257,7;;4;-;-;CROS;LB,OA;256,5;256,95;<
2022-02-11;09:00:04;257,7;;17;-;-;CROS;LB,OA;256,5;256,95;<
2022-02-11;09:00:04;257,7;;233;-;-;CROS;LB,OA;256,5;256,95;<
2022-02-11;09:00:04;257,7;;85;-;-;CROS;LB,OA;256,5;256,95;<
2022-02-11;09:00:04;257,7;;100;-;-;CROS;LB,OA;256,5;256,95;<
2022-02-11;09:00:07;256,35;;54;-;-;;LB,CT;256,05;256,9;<
2022-02-11;09:00:07;256,95;;47;-;-;;LB,CT;256,05;256,9;<
2022-02-11;09:00:07;256,95;;250;-;-;;LB,CT;256,05;256,9;<
2022-02-11;09:00:05;256,8;;4;-;-;AOD;PA,UA;256,45;257,15;
2022-02-11;09:00:05;257,05;;5;-;-;;LB,CT;257,05;257,35;<
2022-02-11;09:00:04;257;;105;-;-;;LB,CT;256,6;257;>
2022-02-11;09:00:04;257;;38;-;-;;LB,CT;256,6;257;>
2022-02-11;09:00:04;257;;5;-;-;;LB,CT;256,6;257;<
2022-02-11;09:00:04;257;;2;-;-;;LB,CT;256,6;257;<
2022-02-11;09:00:04;257,5;;3;-;-;;LB,CT;257,15;257,45;<
2022-02-11;09:00:04;257,7;;7648;-;-;AUCT;LB,OA;257,7;257,7;
