2022-02-22;11:06:38;205,3;;98;-;-;;LB,CT;205,1;205,3;>
2022-02-22;11:06:17;205;;165;-;-;;LB,CT;205;205,3;<
2022-02-22;11:06:17;205;;85;-;-;;LB,CT;205;205,3;<
2022-02-22;11:06:08;205,1;;300;-;-;;LB,CT;205;205,3;>
2022-02-22;11:06:08;205;;59;-;-;;LB,CT;205;205,3;<
2022-02-22;11:06:02;205,2;;92;-;-;;LB,CT;205;205,4;>
2022-02-22;11:05:11;205;;144;-;-;;LB,CT;204,8;205;>
2022-02-22;11:05:11;205;;5;-;-;;LB,CT;204,8;205;>
2022-02-22;11:05:05;205;;59;-;-;;LB,CT;205;205,4;<
2022-02-22;11:04:47;205,4;;143;-;-;;LB,CT;205,1;205,5;>
2022-02-22;11:04:47;205,3;;170;-;-;;LB,CT;205,1;205,5;>
2022-02-22;11:04:47;205,3;;300;-;-;;LB,CT;205,1;205,5;>
2022-02-22;11:04:47;205,2;;250;-;-;;LB,CT;205,1;205,5;<
2022-02-22;11:04:47;205,4;;910;-;-;;LB,CT;205,1;205,5;<
2022-02-22;11:03:59;205,2;;45;-;-;CROS;PA,UA;205;205,4;
2022-02-22;11:03:59;205,2;;177;-;-;CROS;PA,UA;205;205,4;
2022-02-22;11:03:59;205,2;;177;-;-;CROS;PA,UA;205;205,4;
2022-02-22;11:03:59;205,2;;399;-;-;AOD;PA,UA;205;205,4;
2022-02-22;11:03:58;205;;29;-;-;;LB,CT;204,8;205,1;<
2022-02-22;11:03:58;205,1;;58;-;-;;LB,CT;204,8;205,1;>
2022-02-22;11:03:33;204,8;;300;-;-;;LB,CT;204,5;204,7;>
2022-02-22;11:03:33;204,7;;299;-;-;;LB,CT;204,5;204,7;>
2022-02-22;11:03:23;204,7;;21;-;-;;LB,CT;204,5;204,7;>
2022-02-22;11:03:09;204,7;;145;-;-;;LB,CT;204,4;204,9;>
2022-02-22;11:02:33;204,3;;39;-;-;;LB,CT;204,3;204,6;<
2022-02-22;11:01:00;204,5;;51;-;-;;LB,CT;204,4;204,8;>
2022-02-22;11:00:06;204,2;;57;-;-;CROS;PA,UA;204;204,4;
2022-02-22;11:00:06;204,2;;57;-;-;AOD;PA,UA;204;204,4;
2022-02-22;10:57:55;204;;5;-;-;;LB,CT;203,8;204;>
2022-02-22;10:57:35;203,9;;165;-;-;;LB,CT;203,5;203,9;>
2022-02-22;10:57:35;203,9;;186;-;-;;LB,CT;203,5;203,9;>
2022-02-22;10:57:35;203,9;;458;-;-;;LB,CT;203,5;203,9;>
2022-02-22;10:57:29;203,5;;24;-;-;;LB,CT;203,5;203,8;<
2022-02-22;10:57:21;203,65;;136;-;-;CROS;PA,UA;203,5;203,8;
2022-02-22;10:57:21;203,65;;136;-;-;AOD;PA,UA;203,5;203,8;
2022-02-22;10:57:15;203,6;;92;-;-;;LB,CT;203,5;203,8;>
2022-02-22;10:57:15;203,6;;143;-;-;;LB,CT;203,5;203,8;>
2022-02-22;10:57:15;203,6;;57;-;-;;LB,CT;203,5;203,8;>
2022-02-22;10:57:07;203,4;;40;-;-;;LB,CT;203,3;203,6;>
2022-02-22;10:57:07;203,4;;104;-;-;;LB,CT;203,3;203,6;>
2022-02-22;10:56:31;203,3;;193;-;-;;LB,CT;203,3;203,6;<
2022-02-22;10:56:31;203,4;;53;-;-;;LB,CT;203,3;203,6;>
2022-02-22;10:56:31;203,3;;89;-;-;;LB,CT;203,3;203,6;<
2022-02-22;10:56:31;203,3;;6;-;-;;LB,CT;203,3;203,6;<
2022-02-22;10:56:31;203,3;;234;-;-;;LB,CT;203,3;203,6;<
2022-02-22;10:56:31;203,3;;300;-;-;;LB,CT;203,3;203,6;<
2022-02-22;10:56:10;203,4;;116;-;-;;LB,CT;203,3;203,6;<
2022-02-22;10:56:10;203,4;;61;-;-;;LB,CT;203,4;203,6;<
2022-02-22;10:56:10;203,4;;200;-;-;;LB,CT;203,4;203,6;<
2022-02-22;10:55:36;203,8;;66;-;-;;LB,CT;203,8;204;<
2022-02-22;10:55:19;204;;5;-;-;STRO;OB,ON,PRIC,ALGO;203,9;204,2;<
2022-02-22;10:54:08;204,4;;57;-;-;;LB,CT;204,2;204,6;<
2022-02-22;10:54:07;204,5;;50;-;-;;LB,CT;204,5;204,8;<
2022-02-22;10:54:07;204,5;;250;-;-;;LB,CT;204,5;204,8;<
2022-02-22;10:54:07;204,6;;119;-;-;;LB,CT;204,5;204,8;<
2022-02-22;10:53:35;204,6;;69;-;-;;LB,CT;204,5;204,8;<
2022-02-22;10:53:12;204,5;;78;-;-;;LB,CT;204,3;204,5;>
2022-02-22;10:53:09;204,3;;40;-;-;;LB,CT;204,2;204,5;<
2022-02-22;10:53:09;204,4;;300;-;-;;LB,CT;204,3;204,5;>
2022-02-22;10:53:09;204,4;;300;-;-;;LB,CT;204,2;204,6;>
2022-02-22;10:53:09;204,3;;163;-;-;;LB,CT;204,2;204,6;<
2022-02-22;10:53:09;204,4;;280;-;-;;LB,CT;204,2;204,6;<
2022-02-22;10:53:09;204,5;;324;-;-;;LB,CT;204,2;204,6;<
2022-02-22;10:53:09;204,5;;300;-;-;;LB,CT;204,2;204,6;<
2022-02-22;10:52:51;204,6;;1111;-;-;;LB,CT;204,3;204,6;>
2022-02-22;10:52:51;204,6;;270;-;-;;LB,CT;204,3;204,6;>
2022-02-22;10:52:50;204,5;;74;-;-;;LB,CT;204,2;204,5;>
2022-02-22;10:52:14;204,4;;298;-;-;;LB,CT;204,4;204,6;<
2022-02-22;10:52:11;204,4;;2;-;-;;LB,CT;204,4;204,6;<
2022-02-22;10:52:01;204,6;;73;-;-;;LB,CT;204,6;204,8;<
2022-02-22;10:52:01;204,6;;300;-;-;;LB,CT;204,6;204,8;<
2022-02-22;10:51:53;204,8;;300;-;-;;LB,CT;204,6;204,8;<
2022-02-22;10:51:41;204,8;;6;-;-;;LB,CT;204,6;204,9;<
2022-02-22;10:51:41;204,8;;323;-;-;;LB,CT;204,6;204,9;<
2022-02-22;10:51:40;204,8;;300;-;-;;LB,CT;204,6;204,9;<
2022-02-22;10:51:39;204,9;;230;-;-;;LB,CT;204,7;205;<
2022-02-22;10:51:39;205;;262;-;-;;LB,CT;205;205,3;<
2022-02-22;10:51:39;205;;11;-;-;;LB,CT;205;205,3;<
2022-02-22;10:51:39;205;;181;-;-;;LB,CT;205;205,3;<
2022-02-22;10:51:13;205,15;;117;-;-;CROS;PA,UA;205;205,3;
2022-02-22;10:51:13;205,15;;117;-;-;CROS;PA,UA;205;205,3;
2022-02-22;10:51:13;205,15;;234;-;-;AOD;PA,UA;205;205,3;
2022-02-22;10:51:03;205,2;;131;-;-;;LB,CT;205,2;205,6;<
2022-02-22;10:51:03;205,2;;81;-;-;;LB,CT;205,2;205,6;<
2022-02-22;10:51:03;205,2;;300;-;-;;LB,CT;205,2;205,6;<
2022-02-22;10:50:48;205,2;;66;-;-;;LB,CT;205,1;205,5;>
2022-02-22;10:50:45;205,2;;84;-;-;;LB,CT;205;205,2;>
2022-02-22;10:50:36;205,1;;53;-;-;CROS;PA,UA;205;205,2;
2022-02-22;10:50:36;205,1;;53;-;-;AOD;PA,UA;205;205,2;
2022-02-22;10:50:35;205,1;;120;-;-;;LB,CT;205;205,3;>
2022-02-22;10:50:35;205;;280;-;-;;LB,CT;205;205,3;>
2022-02-22;10:50:35;205;;182;-;-;;LB,CT;204,6;204,9;>
2022-02-22;10:50:35;205;;263;-;-;;LB,CT;204,6;204,9;>
2022-02-22;10:50:35;205;;191;-;-;;LB,CT;204,6;204,9;>
2022-02-22;10:50:35;205;;1200;-;-;;LB,CT;204,6;204,9;>
2022-02-22;10:50:35;204,9;;790;-;-;;LB,CT;204,6;204,9;>
2022-02-22;10:49:44;204,3;;78;-;-;;LB,CT;204,2;204,5;>
2022-02-22;10:49:44;204,3;;2;-;-;;LB,CT;204,2;204,5;>
2022-02-22;10:49:23;204,2;;250;-;-;;LB,CT;204;204,2;>
2022-02-22;10:49:05;204,1;;198;-;-;;LB,CT;203,8;204,1;>
2022-02-22;10:49:05;204,1;;19;-;-;;LB,CT;203,8;204,1;>
2022-02-22;10:49:02;204;;250;-;-;;LB,CT;203,8;204,1;>
2022-02-22;10:49:02;204;;1091;-;-;;LB,CT;203,8;204,1;>
2022-02-22;10:48:45;203,9;;300;-;-;;LB,CT;203,8;204;>
2022-02-22;10:48:39;203,7;;29;-;-;;LB,CT;203,7;204;<
2022-02-22;10:47:56;203,8;;85;-;-;;LB,CT;203,6;204;>
2022-02-22;10:47:42;203,7;;27;-;-;STRO;OB,ON,PRIC,ALGO;203,5;203,8;<
2022-02-22;10:47:42;203,7;;85;-;-;;LB,CT;203,5;203,7;<
2022-02-22;10:47:42;203,7;;10;-;-;;LB,CT;203,5;203,7;>
2022-02-22;10:46:10;203,4;;10;-;-;;LB,CT;203,4;203,8;<
2022-02-22;10:46:09;203,6;;213;-;-;CROS;PA,UA;203,4;203,8;
2022-02-22;10:46:09;203,6;;213;-;-;AOD;PA,UA;203,4;203,8;
2022-02-22;10:46:07;203,6;;129;-;-;;LB,CT;203,3;203,5;>
2022-02-22;10:46:07;203,5;;276;-;-;;LB,CT;203,3;203,5;>
2022-02-22;10:46:07;203,5;;108;-;-;;LB,CT;203,3;203,5;>
2022-02-22;10:46:04;203,4;;213;-;-;CROS;PA,UA;203,3;203,5;
2022-02-22;10:46:04;203,4;;213;-;-;AOD;PA,UA;203,3;203,5;
2022-02-22;10:44:59;203,5;;163;-;-;;LB,CT;203,3;203,6;>
2022-02-22;10:44:59;203,5;;60;-;-;;LB,CT;203,5;203,6;<
2022-02-22;10:44:50;203,7;;7;-;-;STRO;OB,ON,PRIC,ALGO;203,5;203,8;<
2022-02-22;10:44:46;203,6;;116;-;-;;LB,CT;203,5;203,7;<
2022-02-22;10:44:46;203,6;;1;-;-;STRO;OB,ON,PRIC,ALGO;203,5;203,7;>
2022-02-22;10:44:46;203,6;;5;-;-;;LB,CT;203,5;203,7;>
2022-02-22;10:43:48;203,6;;61;-;-;;LB,CT;203,5;203,6;<
2022-02-22;10:43:48;203,7;;73;-;-;;LB,CT;203,7;203,9;<
2022-02-22;10:43:48;203,7;;135;-;-;;LB,CT;203,7;203,9;<
2022-02-22;10:43:48;203,7;;40;-;-;;LB,CT;203,7;203,9;<
2022-02-22;10:43:48;203,7;;61;-;-;;LB,CT;203,7;203,9;<
2022-02-22;10:43:05;203,8;;124;-;-;;LB,CT;203,8;204;<
2022-02-22;10:43:05;203,8;;187;-;-;;LB,CT;203,8;204;<
2022-02-22;10:42:59;203,9;;12;-;-;CROS;PA,UA;203,8;204;
2022-02-22;10:42:59;203,9;;12;-;-;AOD;PA,UA;203,8;204;
2022-02-22;10:42:42;204;;4;-;-;;LB,CT;203,8;204;>
2022-02-22;10:40:00;203,75;;269;-;-;CROS;PA,UA;203,6;203,9;
2022-02-22;10:40:00;203,75;;269;-;-;CROS;PA,UA;203,6;203,9;
2022-02-22;10:40:00;203,75;;538;-;-;AOD;PA,UA;203,6;203,9;
2022-02-22;10:39:49;203,6;;66;-;-;;LB,CT;203,6;204;<
2022-02-22;10:39:02;203,6;;25000;ABC;ABC;STND;OB,ON,D,N;203,6;204,1;>
2022-02-22;10:38:42;203,8;;192;-;-;;LB,CT;203,5;203,7;>
2022-02-22;10:38:42;203,8;;108;-;-;;LB,CT;203,5;203,7;>
2022-02-22;10:38:42;203,7;;69;-;-;;LB,CT;203,5;203,7;>
2022-02-22;10:38:42;203,7;;123;-;-;;LB,CT;203,5;203,7;>
2022-02-22;10:37:51;203,5;;326;-;-;;LB,CT;203,3;203,5;>
2022-02-22;10:36:06;203,8;;48;-;-;;LB,CT;203,8;204;<
2022-02-22;10:36:06;203,8;;35;-;-;;LB,CT;203,8;204;<
2022-02-22;10:34:52;203,9;;88;-;-;;LB,CT;203,9;204,1;<
2022-02-22;10:34:52;203,9;;94;-;-;;LB,CT;203,9;204,1;<
2022-02-22;10:34:52;203,9;;48;-;-;;LB,CT;203,9;204,1;<
2022-02-22;10:34:37;204,1;;47;-;-;;LB,CT;204,1;204,3;<
2022-02-22;10:34:37;204,1;;48;-;-;;LB,CT;204,1;204,3;<
2022-02-22;10:33:09;204,1;;45;-;-;;LB,CT;203,9;204,2;>
2022-02-22;10:33:09;204,1;;122;-;-;;LB,CT;203,9;204,2;>
2022-02-22;10:33:06;203,9;;38;-;-;;LB,CT;203,7;203,9;>
2022-02-22;10:33:06;203,9;;30;-;-;;LB,CT;203,7;203,9;>
2022-02-22;10:32:40;203,8;;190;-;-;;LB,CT;203,6;203,9;>
2022-02-22;10:32:40;203,8;;69;-;-;;LB,CT;203,6;203,9;>
2022-02-22;10:32:40;203,8;;107;-;-;;LB,CT;203,6;203,9;>
2022-02-22;10:32:40;203,8;;285;-;-;;LB,CT;203,6;203,9;>
2022-02-22;10:32:40;203,7;;65;-;-;;LB,CT;203,6;203,9;<
2022-02-22;10:32:40;203,7;;55;-;-;;LB,CT;203,5;203,8;>
2022-02-22;10:32:30;203,8;;15;-;-;;LB,CT;203,5;203,8;>
2022-02-22;10:32:14;203,5;;48;-;-;;LB,CT;203,2;203,6;<
2022-02-22;10:31:56;203,7;;48;-;-;;LB,CT;203,7;204;<
2022-02-22;10:31:53;203,7;;49;-;-;;LB,CT;203,6;203,8;<
2022-02-22;10:31:07;204,2;;49;-;-;;LB,CT;204,1;204,4;<
2022-02-22;10:31:07;204,2;;100;-;-;;LB,CT;204,1;204,4;<
2022-02-22;10:30:56;204,3;;130;-;-;;LB,CT;203,8;204,3;>
2022-02-22;10:30:34;204,7;;243;-;-;;LB,CT;204,6;204,8;<
2022-02-22;10:30:34;204,7;;243;-;-;;LB,CT;204,6;204,8;<
2022-02-22;10:30:34;204,8;;4;-;-;HID;DB,CT;204,7;204,8;>
2022-02-22;10:30:34;204,8;;300;-;-;;LB,CT;204,7;204,8;>
2022-02-22;10:30:34;204,8;;300;-;-;;LB,CT;204,7;204,8;>
2022-02-22;10:30:34;204,8;;300;-;-;;LB,CT;204,7;204,8;>
2022-02-22;10:30:34;204,8;;4;-;-;;LB,CT;204,7;204,8;>
2022-02-22;10:30:34;204,8;;29;-;-;;LB,CT;204,7;204,8;>
2022-02-22;10:30:34;204,8;;34;-;-;;LB,CT;204,7;204,8;>
2022-02-22;10:30:34;204,8;;300;-;-;;LB,CT;204,7;204,8;>
2022-02-22;10:30:33;204,8;;300;-;-;;LB,CT;204,7;204,8;>
2022-02-22;10:30:32;204,8;;129;-;-;;LB,CT;204,7;204,8;>
2022-02-22;10:30:32;204,8;;51;-;-;;LB,CT;204,7;204,8;>
2022-02-22;10:30:32;204,75;;58;-;-;CROS;PA,UA;204,7;204,8;
2022-02-22;10:30:32;204,75;;58;-;-;AOD;PA,UA;204,7;204,8;
2022-02-22;10:30:32;204,8;;249;-;-;;LB,CT;204,7;204,8;>
2022-02-22;10:30:32;204,8;;23;-;-;HID;DB,CT;204,7;204,8;>
2022-02-22;10:30:32;204,8;;300;-;-;;LB,CT;204,7;204,8;>
2022-02-22;10:30:32;204,8;;24;-;-;HID;DB,CT;204,7;204,8;>
2022-02-22;10:30:32;204,8;;300;-;-;;LB,CT;204,7;204,8;>
2022-02-22;10:30:32;204,8;;300;-;-;;LB,CT;204,7;204,8;>
2022-02-22;10:30:32;204,8;;300;-;-;;LB,CT;204,7;204,8;>
2022-02-22;10:30:32;204,8;;228;-;-;;LB,CT;204,4;204,7;>
2022-02-22;10:30:32;204,8;;72;-;-;;LB,CT;204,4;204,7;>
2022-02-22;10:30:32;204,7;;68;-;-;;LB,CT;204,4;204,7;>
2022-02-22;10:30:13;204,6;;27;-;-;;LB,CT;204,6;204,8;<
2022-02-22;10:30:13;204,6;;49;-;-;;LB,CT;204,6;204,8;<
2022-02-22;10:30:13;204,6;;24;-;-;;LB,CT;204,6;204,8;<
2022-02-22;10:30:12;204,8;;300;-;-;;LB,CT;204,6;204,8;>
2022-02-22;10:30:12;204,8;;300;-;-;;LB,CT;204,6;204,8;>
2022-02-22;10:30:11;204,8;;258;-;-;HID;DB,CT;204,6;204,8;>
2022-02-22;10:30:11;204,8;;86;-;-;;LB,CT;204,6;204,8;>
2022-02-22;10:30:11;204,8;;214;-;-;;LB,CT;204,6;204,7;>
2022-02-22;10:30:11;204,8;;300;-;-;;LB,CT;204,6;204,7;>
2022-02-22;10:30:11;204,8;;300;-;-;HID;DB,CT;204,6;204,7;>
2022-02-22;10:30:11;204,8;;300;-;-;;LB,CT;204,6;204,7;>
2022-02-22;10:30:11;204,7;;5;-;-;;LB,CT;204,6;204,7;>
2022-02-22;10:29:59;204,7;;50;-;-;;LB,CT;204,7;205;<
2022-02-22;10:29:57;204,9;;200;-;-;;LB,CT;204,6;205;>
2022-02-22;10:29:54;204,9;;43;-;-;CROS;PA,UA;204,8;205;
2022-02-22;10:29:54;204,9;;43;-;-;AOD;PA,UA;204,8;205;
2022-02-22;10:29:54;205;;190;-;-;;LB,CT;204,8;205,1;>
2022-02-22;10:29:54;205;;190;-;-;;LB,CT;204,8;205,1;>
2022-02-22;10:29:54;205;;300;-;-;;LB,CT;204,9;205,2;>
2022-02-22;10:29:54;204,9;;42;-;-;;LB,CT;204,9;205,2;<
2022-02-22;10:29:54;204,9;;49;-;-;;LB,CT;204,9;205,2;<
2022-02-22;10:29:54;204,9;;3;-;-;;LB,CT;204,9;205,2;<
2022-02-22;10:29:54;204,9;;62;-;-;;LB,CT;204,9;205,2;<
2022-02-22;10:29:52;204,9;;113;-;-;;LB,CT;204,9;205,2;<
2022-02-22;10:29:52;205;;9;-;-;;LB,CT;205;205,2;<
2022-02-22;10:29:52;205;;28;-;-;;LB,CT;205;205,2;<
2022-02-22;10:29:52;205;;38;-;-;HID;DB,CT;205;205,2;<
2022-02-22;10:29:52;205;;120;-;-;;LB,CT;205;205,2;<
2022-02-22;10:29:49;205,1;;190;-;-;;LB,CT;205;205,2;>
2022-02-22;10:29:49;205;;515;-;-;HID;DB,CT;205;205,2;<
2022-02-22;10:29:49;205;;120;-;-;;LB,CT;205;205,2;<
2022-02-22;10:29:49;205;;3560;-;-;HID;DB,CT;205;205,2;<
2022-02-22;10:29:49;205;;120;-;-;;LB,CT;205;205,2;<
2022-02-22;10:29:49;205;;120;-;-;;LB,CT;205;205,2;<
2022-02-22;10:29:49;205;;120;-;-;;LB,CT;205;205,2;<
2022-02-22;10:29:49;205;;42;-;-;;LB,CT;205;205,2;<
2022-02-22;10:29:49;205;;78;-;-;;LB,CT;205;205,2;<
2022-02-22;10:29:49;205;;73;-;-;;LB,CT;205;205,2;<
2022-02-22;10:29:49;205;;47;-;-;;LB,CT;205;205,2;<
2022-02-22;10:29:49;205;;150;-;-;HID;DB,CT;205;205,2;<
2022-02-22;10:29:49;205;;61;-;-;;LB,CT;205;205,2;<
2022-02-22;10:29:48;205;;59;-;-;;LB,CT;205;205,2;<
2022-02-22;10:29:48;205;;120;-;-;;LB,CT;205;205,2;<
2022-02-22;10:29:48;205;;2254;-;-;HID;DB,CT;205;205,2;<
2022-02-22;10:29:48;205;;13;-;-;;LB,CT;205;205,2;<
2022-02-22;10:29:48;205;;107;-;-;;LB,CT;205;205,2;<
2022-02-22;10:29:48;205;;5895;-;-;HID;DB,CT;205;205,2;<
2022-02-22;10:29:48;205;;190;-;-;;LB,CT;205;205,2;<
2022-02-22;10:29:48;205;;338;-;-;;LB,CT;205;205,2;<
2022-02-22;10:29:48;205;;60;-;-;;LB,CT;205;205,2;<
2022-02-22;10:29:48;205;;120;-;-;;LB,CT;205;205,2;<
2022-02-22;10:29:48;205;;55;-;-;;LB,CT;205;205,2;<
2022-02-22;10:29:46;205,2;;77;-;-;;LB,CT;205;205,2;>
2022-02-22;10:29:40;205;;96;-;-;;LB,CT;205;205,2;<
2022-02-22;10:29:40;205;;120;-;-;;LB,CT;205;205,2;<
2022-02-22;10:29:37;205;;129;-;-;HID;DB,CT;205;205,2;<
2022-02-22;10:29:37;205;;68;-;-;;LB,CT;205;205,2;<
2022-02-22;10:29:36;205;;52;-;-;;LB,CT;205;205,2;<
2022-02-22;10:29:36;205;;120;-;-;;LB,CT;205;205,2;<
2022-02-22;10:29:36;205;;120;-;-;;LB,CT;205;205,2;<
2022-02-22;10:29:36;205;;120;-;-;;LB,CT;205;205,2;<
2022-02-22;10:29:36;205;;517;-;-;HID;DB,CT;205;205,3;<
2022-02-22;10:29:36;205;;120;-;-;;LB,CT;205;205,3;<
2022-02-22;10:29:36;205;;64;-;-;HID;DB,CT;205;205,3;<
2022-02-22;10:29:36;205;;120;-;-;;LB,CT;205;205,3;<
2022-02-22;10:29:36;205;;789;-;-;HID;DB,CT;205;205,3;<
2022-02-22;10:29:36;205;;64;-;-;;LB,CT;205;205,3;<
2022-02-22;10:29:36;205;;120;-;-;;LB,CT;205;205,3;<
2022-02-22;10:29:30;205;;120;-;-;;LB,CT;205;205,2;<
2022-02-22;10:29:30;205;;63;-;-;;LB,CT;205;205,2;<
2022-02-22;10:29:30;205;;120;-;-;;LB,CT;205;205,2;<
2022-02-22;10:28:51;205,2;;300;-;-;;LB,CT;205,1;205,4;>
2022-02-22;10:28:51;205;;120;-;-;;LB,CT;205;205,2;<
2022-02-22;10:28:46;205,2;;9;-;-;;LB,CT;205,2;205,4;<
2022-02-22;10:28:12;205,4;;110;-;-;;LB,CT;205,2;205,4;>
2022-02-22;10:28:12;205,4;;85;-;-;;LB,CT;205,2;205,4;>
2022-02-22;10:27:46;205,2;;6;-;-;;LB,CT;205,2;205,5;<
2022-02-22;10:27:39;205,5;;10;-;-;;LB,CT;205,5;205,7;<
2022-02-22;10:27:39;205,5;;10;-;-;;LB,CT;205,5;205,7;<
2022-02-22;10:26:12;205,4;;134;-;-;;LB,CT;205,4;205,7;<
2022-02-22;10:26:07;205,6;;460;-;-;;LB,CT;205,4;205,7;<
2022-02-22;10:26:01;205,8;;11;-;-;;LB,CT;205,6;205,8;>
2022-02-22;10:26:01;205,8;;54;-;-;;LB,CT;205,6;205,8;>
2022-02-22;10:26:00;205,6;;6;-;-;STRO;OB,ON,PRIC,ALGO;205,6;205,8;>
2022-02-22;10:26:00;205,7;;148;-;-;;LB,CT;205,6;205,8;>
2022-02-22;10:26:00;205,6;;4;-;-;;LB,CT;205,6;205,8;>
2022-02-22;10:25:38;205,5;;126;-;-;;LB,CT;205,4;205,8;>
2022-02-22;10:25:17;205,3;;84;-;-;;LB,CT;205,1;205,3;>
2022-02-22;10:24:50;205;;160;-;-;;LB,CT;205;205,3;<
2022-02-22;10:24:50;205;;76;-;-;;LB,CT;205;205,3;<
2022-02-22;10:24:50;205;;44;-;-;;LB,CT;205;205,3;<
2022-02-22;10:24:50;205;;3246;-;-;HID;DB,CT;205;205,3;<
2022-02-22;10:24:50;205;;120;-;-;;LB,CT;205;205,3;<
2022-02-22;10:24:50;205;;120;-;-;;LB,CT;205;205,3;<
2022-02-22;10:24:50;205;;49;-;-;;LB,CT;205;205,3;<
2022-02-22;10:24:50;205;;82;-;-;;LB,CT;205;205,3;<
2022-02-22;10:24:47;205;;291;-;-;;LB,CT;205;205,3;<
2022-02-22;10:24:47;205;;54;-;-;;LB,CT;205;205,3;<
2022-02-22;10:24:31;205;;36;-;-;;LB,CT;205;205,3;<
2022-02-22;10:24:27;205;;30;-;-;;LB,CT;205;205,3;<
2022-02-22;10:24:27;205;;190;-;-;HID;DB,CT;205;205,3;<
2022-02-22;10:24:27;205;;120;-;-;;LB,CT;205;205,3;<
2022-02-22;10:24:27;205;;406;-;-;HID;DB,CT;205;205,3;<
2022-02-22;10:24:27;205;;46;-;-;;LB,CT;205;205,3;<
2022-02-22;10:24:27;205;;74;-;-;;LB,CT;205;205,3;<
2022-02-22;10:24:27;205;;452;-;-;HID;DB,CT;205;205,3;<
2022-02-22;10:24:27;205;;452;-;-;HID;DB,CT;205;205,3;<
2022-02-22;10:24:27;205;;74;-;-;HID;DB,CT;205;205,3;<
2022-02-22;10:24:27;205;;50;-;-;;LB,CT;205;205,3;<
2022-02-22;10:24:27;205;;66;-;-;;LB,CT;205;205,3;<
2022-02-22;10:24:27;205;;120;-;-;;LB,CT;205;205,3;<
2022-02-22;10:24:14;205;;138;-;-;;LB,CT;205;205,2;<
2022-02-22;10:24:14;205;;41;-;-;;LB,CT;205;205,2;<
2022-02-22;10:24:14;205;;61;-;-;;LB,CT;205;205,2;<
2022-02-22;10:24:14;205;;122;-;-;;LB,CT;205;205,2;<
2022-02-22;10:24:14;205;;120;-;-;;LB,CT;205;205,2;<
2022-02-22;10:23:27;205,2;;24;-;-;;LB,CT;205,2;205,5;<
2022-02-22;10:23:03;205,4;;46;-;-;;LB,CT;205,3;205,5;<
2022-02-22;10:22:29;205,6;;49;-;-;;LB,CT;205,4;205,6;>
2022-02-22;10:21:59;205,6;;100;-;-;;LB,CT;205,3;205,6;>
2022-02-22;10:21:51;205,6;;136;-;-;;LB,CT;205,4;205,6;>
2022-02-22;10:21:51;205,6;;44;-;-;;LB,CT;205,4;205,6;>
2022-02-22;10:21:51;205,5;;300;-;-;;LB,CT;205,3;205,6;<
2022-02-22;10:21:31;205,7;;90;-;-;;LB,CT;205,7;206;<
2022-02-22;10:21:31;205,7;;210;-;-;;LB,CT;205,7;206;<
2022-02-22;10:21:01;206,3;;50;-;-;;LB,CT;206,4;206,6;<
2022-02-22;10:21:01;206,4;;325;-;-;;LB,CT;206,4;206,6;<
2022-02-22;10:21:00;206,4;;276;-;-;;LB,CT;206,3;206,6;<
2022-02-22;10:21:00;206,4;;30;-;-;;LB,CT;206,4;206,7;<
2022-02-22;10:21:00;206,4;;58;-;-;;LB,CT;206,4;206,7;<
2022-02-22;10:21:00;206,4;;310;-;-;;LB,CT;206,4;206,7;<
2022-02-22;10:20:17;206,45;;303;-;-;CROS;PA,UA;206,3;206,6;
2022-02-22;10:20:17;206,45;;340;-;-;CROS;PA,UA;206,3;206,6;
2022-02-22;10:20:17;206,45;;643;-;-;AOD;PA,UA;206,3;206,6;
2022-02-22;10:20:16;206,5;;56;-;-;;LB,CT;206,3;206,6;>
2022-02-22;10:20:16;206,5;;123;-;-;;LB,CT;206,3;206,6;>
2022-02-22;10:20:12;206,3;;4;-;-;;LB,CT;206,2;206,5;<
2022-02-22;10:20:12;206,3;;67;-;-;;LB,CT;206,1;206,3;>
2022-02-22;10:20:12;206,3;;30;-;-;;LB,CT;206,1;206,3;>
2022-02-22;10:19:51;206;;470;-;-;;LB,CT;206,1;206,4;>
2022-02-22;10:19:32;205,9;;67;-;-;;LB,CT;205,7;206;>
2022-02-22;10:19:31;205,8;;135;-;-;;LB,CT;205,7;206;>
2022-02-22;10:19:30;205,7;;107;-;-;;LB,CT;205,5;205,8;>
2022-02-22;10:19:19;205,6;;85;-;-;;LB,CT;205,5;205,7;>
2022-02-22;10:19:19;205,6;;84;-;-;;LB,CT;205,3;205,6;>
2022-02-22;10:19:19;205,6;;56;-;-;;LB,CT;205,3;205,6;>
2022-02-22;10:18:37;205,5;;59;-;-;;LB,CT;205,5;205,7;<
2022-02-22;10:18:37;205,5;;241;-;-;;LB,CT;205,5;205,7;<
2022-02-22;10:17:52;205,4;;301;-;-;;LB,CT;205,1;205,4;>
2022-02-22;10:17:52;205,4;;147;-;-;;LB,CT;205,1;205,4;>
2022-02-22;10:17:38;205,2;;158;-;-;;LB,CT;205;205,2;>
2022-02-22;10:17:38;205,2;;204;-;-;;LB,CT;205;205,2;>
2022-02-22;10:17:35;205;;15;-;-;HID;DB,CT;205;205,2;<
2022-02-22;10:17:35;205;;120;-;-;;LB,CT;205;205,2;<
2022-02-22;10:17:34;205,1;;50;-;-;;LB,CT;205;205,2;<
2022-02-22;10:17:34;205,2;;10;-;-;STRO;OB,ON,PRIC,ALGO;205;205,2;<
2022-02-22;10:17:34;205,2;;1;-;-;STRO;OB,ON,PRIC,ALGO;205;205,2;<
2022-02-22;10:17:34;205,2;;167;-;-;;LB,CT;205;205,2;<
2022-02-22;10:16:59;205,4;;87;-;-;;LB,CT;205,2;205,5;<
2022-02-22;10:16:59;205,4;;50;-;-;;LB,CT;205,2;205,5;<
2022-02-22;10:16:59;205,4;;250;-;-;;LB,CT;205,2;205,5;<
2022-02-22;10:16:44;205,4;;56;-;-;;LB,CT;205,2;205,4;>
2022-02-22;10:16:30;205,2;;7;-;-;;LB,CT;205,2;205,4;<
2022-02-22;10:15:07;205,5;;28;-;-;;LB,CT;205,3;205,5;>
2022-02-22;10:15:06;205,5;;58;-;-;;LB,CT;205,3;205,5;>
2022-02-22;10:15:04;205,5;;390;-;-;;LB,CT;205,3;205,7;>
2022-02-22;10:15:04;205,5;;73;-;-;;LB,CT;205,3;205,7;>
2022-02-22;10:14:04;205,4;;160;-;-;;LB,CT;205,3;205,5;>
2022-02-22;10:14:04;205,3;;115;-;-;;LB,CT;205,3;205,5;<
2022-02-22;10:14:04;205,4;;88;-;-;;LB,CT;205,1;205,4;>
2022-02-22;10:14:04;205,3;;105;-;-;;LB,CT;205;205,3;>
2022-02-22;10:14:04;205,3;;59;-;-;;LB,CT;205;205,3;>
2022-02-22;10:14:04;205,3;;63;-;-;;LB,CT;205;205,3;>
2022-02-22;10:14:01;205;;123;-;-;HID;DB,CT;205;205,2;<
2022-02-22;10:14:01;205;;120;-;-;;LB,CT;205;205,2;<
2022-02-22;10:14:01;205;;61;-;-;HID;DB,CT;205;205,2;<
2022-02-22;10:14:01;205;;37;-;-;;LB,CT;205;205,2;<
2022-02-22;10:13:42;205;;83;-;-;;LB,CT;205;205,3;<
2022-02-22;10:13:40;205;;124;-;-;HID;DB,CT;205;205,3;<
2022-02-22;10:13:40;205;;36;-;-;;LB,CT;205;205,3;<
2022-02-22;10:13:39;205;;84;-;-;;LB,CT;205;205,3;<
2022-02-22;10:13:38;205;;84;-;-;HID;DB,CT;205;205,3;<
2022-02-22;10:13:38;205;;8;-;-;;LB,CT;205;205,3;<
2022-02-22;10:13:38;205;;112;-;-;;LB,CT;205;205,3;<
2022-02-22;10:13:38;205;;56;-;-;;LB,CT;205;205,3;<
2022-02-22;10:13:37;205,2;;46;-;-;;LB,CT;205;205,4;<
2022-02-22;10:13:37;205,2;;160;-;-;;LB,CT;205,2;205,5;<
2022-02-22;10:13:35;205,5;;7;-;-;;LB,CT;205,5;205,7;<
2022-02-22;10:13:35;205,6;;341;-;-;;LB,CT;205,7;205,9;<
2022-02-22;10:13:35;205,6;;265;-;-;;LB,CT;205,7;205,9;<
2022-02-22;10:13:35;205,7;;62;-;-;;LB,CT;205,7;205,9;<
2022-02-22;10:13:33;205,7;;393;-;-;;LB,CT;205,7;205,9;<
2022-02-22;10:13:32;205,9;;300;-;-;;LB,CT;205,7;206,1;>
2022-02-22;10:13:32;205,7;;242;-;-;;LB,CT;205,8;206,1;<
2022-02-22;10:13:32;205,7;;240;-;-;;LB,CT;205,8;206,1;<
2022-02-22;10:13:32;205,7;;6700;-;-;;LB,CT;205,8;206,1;<
2022-02-22;10:13:32;205,7;;900;-;-;;LB,CT;205,8;206,1;<
2022-02-22;10:13:32;205,8;;144;-;-;;LB,CT;205,8;206,1;<
2022-02-22;10:12:29;205,9;;57;-;-;;LB,CT;205,9;206,2;<
2022-02-22;10:12:10;205,9;;300;-;-;;LB,CT;205,8;206,2;<
2022-02-22;10:11:58;205,8;;13;-;-;;LB,CT;205,7;206;<
2022-02-22;10:11:58;205,8;;56;-;-;;LB,CT;205,7;206;<
2022-02-22;10:11:40;205,8;;69;-;-;;LB,CT;205,8;206;<
2022-02-22;10:11:38;205,9;;74;-;-;;LB,CT;205,8;205,9;<
2022-02-22;10:11:38;205,9;;314;-;-;;LB,CT;205,8;205,9;<
2022-02-22;10:11:38;205,9;;294;-;-;;LB,CT;205,8;205,9;<
2022-02-22;10:11:38;205,9;;6;-;-;;LB,CT;205,8;205,9;<
2022-02-22;10:11:38;205,9;;39;-;-;;LB,CT;205,8;205,9;>
2022-02-22;10:11:32;205,9;;100;-;-;;LB,CT;205,8;206,1;<
2022-02-22;10:11:24;206,2;;46;-;-;;LB,CT;205,9;206,2;>
2022-02-22;10:11:24;206,2;;45;-;-;;LB,CT;205,9;206,2;>
2022-02-22;10:11:24;206,2;;300;-;-;;LB,CT;205,9;206,2;>
2022-02-22;10:11:16;206;;272;-;-;;LB,CT;205,9;206,2;<
2022-02-22;10:11:16;206;;288;-;-;;LB,CT;205,9;206,2;<
2022-02-22;10:10:07;206;;12;-;-;;LB,CT;206;206,3;<
2022-02-22;10:09:55;206,3;;136;-;-;;LB,CT;206;206,3;>
2022-02-22;10:09:30;206,1;;122;-;-;;LB,CT;206;206,4;>
2022-02-22;10:09:30;206,1;;318;-;-;;LB,CT;206;206,4;>
2022-02-22;10:09:27;205,8;;243;-;-;;LB,CT;205,6;205,8;>
2022-02-22;10:09:27;205,7;;449;-;-;;LB,CT;205,6;205,8;>
2022-02-22;10:09:25;205,6;;63;-;-;;LB,CT;205,4;205,6;>
2022-02-22;10:09:23;205,4;;100;-;-;;LB,CT;205,4;205,6;<
2022-02-22;10:09:23;205,4;;73;-;-;;LB,CT;205,2;205,4;>
2022-02-22;10:09:02;205;;102334;ENS;ENS;STND;OB,ON,D,N;205,1;205,4;<
2022-02-22;10:08:57;205,3;;8;-;-;;LB,CT;205,3;205,4;<
2022-02-22;10:08:57;205,3;;4;-;-;;LB,CT;205,3;205,4;<
2022-02-22;10:08:57;205,3;;61;-;-;;LB,CT;205,3;205,4;<
2022-02-22;10:08:01;205,2;;46;-;-;;LB,CT;205,2;205,4;<
2022-02-22;10:07:20;205,2;;452;-;-;;LB,CT;205;205,2;>
2022-02-22;10:07:20;205,2;;52;-;-;;LB,CT;205;205,2;>
2022-02-22;10:07:16;205,1;;60;-;-;;LB,CT;204,8;205,1;>
2022-02-22;10:07:11;204,9;;64;-;-;;LB,CT;204,9;205,2;<
2022-02-22;10:07:11;204,9;;48;-;-;;LB,CT;204,9;205,2;<
2022-02-22;10:07:11;204,9;;300;-;-;;LB,CT;204,9;205,2;<
2022-02-22;10:07:02;205,1;;150;-;-;;LB,CT;204,9;205,2;>
2022-02-22;10:06:57;204,8;;15;-;-;;LB,CT;204,8;205,1;<
2022-02-22;10:06:55;205,1;;150;-;-;;LB,CT;204,6;204,9;>
2022-02-22;10:06:55;205;;60;-;-;;LB,CT;204,6;204,9;>
2022-02-22;10:06:55;204,9;;280;-;-;;LB,CT;204,6;204,9;>
2022-02-22;10:06:55;204,9;;300;-;-;;LB,CT;204,6;204,9;>
2022-02-22;10:06:51;204,7;;100;-;-;;LB,CT;204,7;204,9;<
2022-02-22;10:06:45;204,9;;192;-;-;;LB,CT;204,9;205,2;<
2022-02-22;10:06:45;204,9;;108;-;-;;LB,CT;204,9;205,2;<
2022-02-22;10:06:15;205,2;;24;-;-;;LB,CT;205;205,2;>
2022-02-22;10:06:11;205;;46;-;-;;LB,CT;205;205,2;<
2022-02-22;10:06:11;205;;152;-;-;;LB,CT;205;205,2;<
2022-02-22;10:06:11;205;;56;-;-;;LB,CT;205;205,2;<
2022-02-22;10:06:11;205;;64;-;-;;LB,CT;205;205,2;<
2022-02-22;10:06:09;205;;209;-;-;HID;DB,CT;205;205,2;<
2022-02-22;10:06:09;205;;55;-;-;;LB,CT;205;205,2;<
2022-02-22;10:06:09;205;;55;-;-;;LB,CT;205;205,2;<
2022-02-22;10:06:09;205;;99;-;-;;LB,CT;205;205,2;<
2022-02-22;10:06:09;205;;11;-;-;;LB,CT;205;205,2;<
2022-02-22;10:06:09;205;;63;-;-;;LB,CT;205;205,2;<
2022-02-22;10:06:09;205,1;;188;-;-;;LB,CT;205;205,4;<
2022-02-22;10:06:09;205,2;;64;-;-;;LB,CT;205;205,4;<
2022-02-22;10:06:09;205,2;;215;-;-;;LB,CT;205;205,4;<
2022-02-22;10:06:09;205,2;;141;-;-;;LB,CT;205;205,4;<
2022-02-22;10:06:09;205,2;;71;-;-;;LB,CT;205;205,4;<
2022-02-22;10:05:39;205,2;;250;-;-;;LB,CT;205,2;205,6;<
2022-02-22;10:05:39;205,4;;62;-;-;;LB,CT;205,2;205,6;<
2022-02-22;10:05:39;205,4;;90;-;-;;LB,CT;205,4;205,6;<
2022-02-22;10:04:56;205,7;;1;-;-;;LB,CT;205,4;205,7;>
2022-02-22;10:04:54;205,8;;100;-;-;;LB,CT;205,4;205,8;>
2022-02-22;10:04:41;205,6;;29;-;-;CROS;PA,UA;205,4;205,8;
2022-02-22;10:04:41;205,6;;29;-;-;AOD;PA,UA;205,4;205,8;
2022-02-22;10:04:01;206,1;;4;-;-;;LB,CT;206,1;206,2;<
2022-02-22;10:03:59;206,1;;176;-;-;;LB,CT;206,1;206,2;<
2022-02-22;10:03:59;206,1;;183;-;-;;LB,CT;206,1;206,4;<
2022-02-22;10:03:59;206,1;;290;-;-;;LB,CT;206,1;206,4;<
2022-02-22;10:03:51;206,2;;63;-;-;;LB,CT;206,2;206,4;<
2022-02-22;10:02:38;206,4;;3;-;-;;LB,CT;206,2;206,4;>
2022-02-22;10:02:38;206,4;;212;-;-;;LB,CT;206,2;206,4;>
2022-02-22;10:02:37;206,3;;61;-;-;;LB,CT;206,2;206,4;>
2022-02-22;10:02:37;206,3;;5;-;-;;LB,CT;206,2;206,4;>
2022-02-22;10:01:51;206,1;;179;-;-;;LB,CT;206,2;206,3;<
2022-02-22;10:01:51;206,2;;50;-;-;;LB,CT;206,2;206,3;<
2022-02-22;10:01:26;206,2;;9;-;-;;LB,CT;206;206,2;>
2022-02-22;10:01:26;206,2;;46;-;-;;LB,CT;206;206,2;>
2022-02-22;10:00:40;206,2;;93;-;-;;LB,CT;206,2;206,5;<
2022-02-22;10:00:38;206,3;;140;-;-;;LB,CT;206,2;206,5;<
2022-02-22;10:00:38;206,3;;72;-;-;;LB,CT;206,2;206,5;<
2022-02-22;10:00:38;206,3;;13;-;-;;LB,CT;206,2;206,5;<
2022-02-22;10:00:37;206,4;;19;-;-;;LB,CT;206,3;206,5;<
2022-02-22;10:00:37;206,4;;14;-;-;;LB,CT;206,3;206,5;<
2022-02-22;10:00:37;206,4;;56;-;-;;LB,CT;206,3;206,5;<
2022-02-22;10:00:15;206,5;;63;-;-;CROS;PA,UA;206,4;206,6;
2022-02-22;10:00:15;206,5;;63;-;-;AOD;PA,UA;206,4;206,6;
2022-02-22;10:00:06;206,6;;56;-;-;;LB,CT;206,4;206,7;>
2022-02-22;10:00:06;206,6;;92;-;-;;LB,CT;206,4;206,7;>
2022-02-22;10:00:06;206,6;;53;-;-;;LB,CT;206,4;206,7;>
2022-02-22;10:00:06;206,6;;46;-;-;;LB,CT;206,4;206,7;>
2022-02-22;09:59:35;206,45;;117;-;-;CROS;PA,UA;206,3;206,6;
2022-02-22;09:59:35;206,45;;117;-;-;CROS;PA,UA;206,3;206,6;
2022-02-22;09:59:35;206,45;;117;-;-;CROS;PA,UA;206,3;206,6;
2022-02-22;09:59:35;206,45;;351;-;-;AOD;PA,UA;206,3;206,6;
2022-02-22;09:59:10;206,3;;8;-;-;;LB,CT;206,1;206,6;<
2022-02-22;09:58:37;206;;9;-;-;;LB,CT;205,8;206;>
2022-02-22;09:58:37;206;;25;-;-;;LB,CT;205,8;206;>
2022-02-22;09:58:20;205,8;;125;-;-;;LB,CT;205,6;205,9;>
2022-02-22;09:58:20;205,8;;48;-;-;;LB,CT;205,6;205,9;>
2022-02-22;09:58:20;205,7;;45;-;-;;LB,CT;205,6;205,9;>
2022-02-22;09:58:20;205,7;;97;-;-;;LB,CT;205,6;205,9;>
2022-02-22;09:58:16;205,7;;10;-;-;;LB,CT;205,4;205,7;>
2022-02-22;09:57:54;205,6;;182;-;-;;LB,CT;205,6;206;<
2022-02-22;09:57:54;205,6;;300;-;-;;LB,CT;205,6;206;<
2022-02-22;09:57:30;205,8;;43;-;-;;LB,CT;205,4;205,8;>
2022-02-22;09:56:51;205,4;;91;-;-;;LB,CT;205,2;205,7;>
2022-02-22;09:56:51;205,4;;159;-;-;;LB,CT;205,2;205,7;>
2022-02-22;09:56:51;205,4;;159;-;-;;LB,CT;205,2;205,7;>
2022-02-22;09:56:40;205,3;;8;-;-;STRO;OB,ON,PRIC,ALGO;205,2;205,6;>
2022-02-22;09:56:40;205,4;;134;-;-;;LB,CT;205,1;205,4;>
2022-02-22;09:56:40;205,4;;43;-;-;;LB,CT;205,1;205,4;>
2022-02-22;09:56:39;205,1;;69;-;-;;LB,CT;205,1;205,4;<
2022-02-22;09:56:39;205,1;;280;-;-;;LB,CT;205,1;205,4;<
2022-02-22;09:56:39;205,1;;20;-;-;;LB,CT;205,1;205,4;<
2022-02-22;09:56:27;205,3;;73;-;-;;LB,CT;205,1;205,4;<
2022-02-22;09:56:27;205,3;;50;-;-;;LB,CT;205,1;205,4;<
2022-02-22;09:56:27;205,3;;176;-;-;;LB,CT;205,1;205,4;<
2022-02-22;09:56:27;205,3;;200;-;-;;LB,CT;205,1;205,4;<
2022-02-22;09:56:27;205,3;;100;-;-;;LB,CT;205,1;205,4;<
2022-02-22;09:56:20;205,4;;153;-;-;;LB,CT;205,3;205,5;>
2022-02-22;09:56:19;205,3;;74;-;-;;LB,CT;205,1;205,4;<
2022-02-22;09:56:19;205,3;;300;-;-;;LB,CT;205,1;205,4;<
2022-02-22;09:56:19;205,4;;267;-;-;;LB,CT;205,1;205,4;>
2022-02-22;09:56:13;205,3;;95;-;-;;LB,CT;205,1;205,4;>
2022-02-22;09:56:12;205,2;;40;-;-;;LB,CT;205;205,1;>
2022-02-22;09:56:12;205,2;;100;-;-;;LB,CT;205;205,1;>
2022-02-22;09:56:12;205,1;;5;-;-;;LB,CT;205;205,1;>
2022-02-22;09:55:51;205;;57;-;-;;LB,CT;205;205,2;<
2022-02-22;09:55:48;205,1;;118;-;-;;LB,CT;205;205,2;>
2022-02-22;09:55:48;205,1;;5;-;-;;LB,CT;205;205,2;>
2022-02-22;09:55:48;205,1;;44;-;-;;LB,CT;205;205,2;>
2022-02-22;09:55:32;205;;120;-;-;;LB,CT;205;205,1;<
2022-02-22;09:55:29;205;;180;-;-;HID;DB,CT;205;205,1;<
2022-02-22;09:55:23;205;;79;-;-;;LB,CT;205;205,1;<
2022-02-22;09:55:21;205;;86;-;-;;LB,CT;205;205,1;<
2022-02-22;09:55:21;205;;34;-;-;;LB,CT;205;205,1;<
2022-02-22;09:55:21;205;;31;-;-;HID;DB,CT;205;205,1;<
2022-02-22;09:55:21;205;;120;-;-;;LB,CT;205;205,1;<
2022-02-22;09:55:19;205;;70;-;-;;LB,CT;205;205,1;<
2022-02-22;09:55:19;205;;50;-;-;;LB,CT;205;205,1;<
2022-02-22;09:55:19;205;;120;-;-;;LB,CT;205;205,1;<
2022-02-22;09:55:17;205;;60;-;-;HID;DB,CT;205;205,1;<
2022-02-22;09:55:17;205;;120;-;-;;LB,CT;205;205,1;<
2022-02-22;09:55:17;205;;120;-;-;;LB,CT;205;205,1;<
2022-02-22;09:55:17;205;;174;-;-;;LB,CT;205;205,1;<
2022-02-22;09:55:17;205;;63;-;-;;LB,CT;205;205,1;<
2022-02-22;09:55:07;205;;57;-;-;;LB,CT;205;205,1;<
2022-02-22;09:55:07;205;;93;-;-;;LB,CT;205;205,1;<
2022-02-22;09:55:06;205;;27;-;-;;LB,CT;205;205,1;<
2022-02-22;09:55:06;205;;27;-;-;;LB,CT;205;205,1;<
2022-02-22;09:55:06;205;;93;-;-;;LB,CT;205;205,1;<
2022-02-22;09:55:05;205;;60;-;-;HID;DB,CT;205;205,1;<
2022-02-22;09:55:05;205;;120;-;-;;LB,CT;205;205,1;<
2022-02-22;09:55:05;205;;120;-;-;;LB,CT;205;205,1;<
2022-02-22;09:54:55;205;;46;-;-;;LB,CT;205;205,1;<
2022-02-22;09:54:55;205;;74;-;-;;LB,CT;205;205,1;<
2022-02-22;09:54:55;205;;120;-;-;;LB,CT;205;205,1;<
2022-02-22;09:54:52;205;;60;-;-;HID;DB,CT;205;205,1;<
2022-02-22;09:54:52;205;;120;-;-;;LB,CT;205;205,1;<
2022-02-22;09:54:52;205;;120;-;-;;LB,CT;205;205,1;<
2022-02-22;09:54:31;205;;120;-;-;;LB,CT;205;205,1;<
2022-02-22;09:54:29;205;;180;-;-;HID;DB,CT;205;205,1;<
2022-02-22;09:54:24;205;;68;-;-;;LB,CT;205;205,1;<
2022-02-22;09:54:23;205;;120;-;-;;LB,CT;205;205,1;<
2022-02-22;09:54:21;205;;58;-;-;;LB,CT;205;205,1;<
2022-02-22;09:54:21;205;;120;-;-;;LB,CT;205;205,1;<
2022-02-22;09:54:15;205,1;;110;-;-;;LB,CT;205;205,1;>
2022-02-22;09:54:15;205,1;;49;-;-;;LB,CT;205;205,1;>
2022-02-22;09:54:14;205;;84;-;-;;LB,CT;205;205,1;<
2022-02-22;09:54:14;205;;36;-;-;;LB,CT;205;205,1;<
2022-02-22;09:54:14;205;;38;-;-;;LB,CT;205;205,1;<
2022-02-22;09:54:14;205;;120;-;-;;LB,CT;205;205,1;<
2022-02-22;09:54:07;205;;7;-;-;HID;DB,CT;205;205,1;<
2022-02-22;09:54:07;205;;36;-;-;;LB,CT;205;205,1;<
2022-02-22;09:54:07;205;;2;-;-;;LB,CT;205;205,1;<
2022-02-22;09:54:02;205;;82;-;-;;LB,CT;205;205,1;<
2022-02-22;09:54:02;205;;66;-;-;;LB,CT;205;205,1;<
2022-02-22;09:54:02;205;;62;-;-;;LB,CT;205;205,1;<
2022-02-22;09:54:02;205;;58;-;-;;LB,CT;205;205,1;<
2022-02-22;09:54:02;205;;120;-;-;;LB,CT;205;205,1;<
2022-02-22;09:54:02;205;;120;-;-;;LB,CT;205;205,1;<
2022-02-22;09:54:00;205;;120;-;-;;LB,CT;205;205,1;<
2022-02-22;09:54:00;205;;15;-;-;;LB,CT;205;205,1;<
2022-02-22;09:54:00;205;;120;-;-;;LB,CT;205;205,1;<
2022-02-22;09:53:53;205;;36;-;-;;LB,CT;205;205,1;<
2022-02-22;09:53:53;205;;84;-;-;;LB,CT;205;205,1;<
2022-02-22;09:53:51;205;;120;-;-;;LB,CT;205;205,1;<
2022-02-22;09:53:49;205;;120;-;-;;LB,CT;205;205,1;<
2022-02-22;09:53:49;205;;52;-;-;HID;DB,CT;205;205,1;<
2022-02-22;09:53:49;205;;120;-;-;;LB,CT;205;205,1;<
2022-02-22;09:53:47;205;;60;-;-;;LB,CT;205;205,2;<
2022-02-22;09:53:47;205;;60;-;-;HID;DB,CT;205;205,2;<
2022-02-22;09:53:47;205;;120;-;-;;LB,CT;205;205,2;<
2022-02-22;09:53:45;205;;57;-;-;;LB,CT;205;205,1;<
2022-02-22;09:53:45;205;;63;-;-;;LB,CT;205;205,1;<
2022-02-22;09:53:45;205;;120;-;-;;LB,CT;205;205,1;<
2022-02-22;09:53:45;205;;120;-;-;;LB,CT;205;205,1;<
2022-02-22;09:53:45;205;;120;-;-;;LB,CT;205;205,1;<
2022-02-22;09:53:45;205;;120;-;-;;LB,CT;205;205,1;<
2022-02-22;09:53:45;205;;120;-;-;;LB,CT;205;205,1;<
2022-02-22;09:53:45;205;;120;-;-;;LB,CT;205;205,1;<
2022-02-22;09:53:45;205;;120;-;-;;LB,CT;205;205,2;<
2022-02-22;09:53:43;205;;59;-;-;;LB,CT;205;205,2;<
2022-02-22;09:53:43;205;;15;-;-;;LB,CT;205;205,2;<
2022-02-22;09:53:35;205,1;;248;-;-;;LB,CT;205;205,1;>
2022-02-22;09:53:35;205,1;;48;-;-;;LB,CT;205;205,1;>
2022-02-22;09:53:33;205;;105;-;-;;LB,CT;205;205,1;<
2022-02-22;09:53:33;205;;74;-;-;HID;DB,CT;205;205,2;<
2022-02-22;09:53:33;205;;45;-;-;;LB,CT;205;205,2;<
2022-02-22;09:53:28;205;;36;-;-;;LB,CT;205;205,2;<
2022-02-22;09:53:28;205,1;;337;-;-;;LB,CT;205;205,1;>
2022-02-22;09:53:28;205,1;;74;-;-;;LB,CT;205;205,1;>
2022-02-22;09:53:28;205,1;;47;-;-;;LB,CT;205;205,1;>
2022-02-22;09:53:22;205;;39;-;-;;LB,CT;205;205,1;<
2022-02-22;09:53:22;205;;64;-;-;;LB,CT;205;205,1;<
2022-02-22;09:53:22;205;;24;-;-;;LB,CT;205;205,1;<
2022-02-22;09:53:21;205;;35;-;-;;LB,CT;205;205,1;<
2022-02-22;09:53:21;205;;61;-;-;;LB,CT;205;205,1;<
2022-02-22;09:53:21;205;;61;-;-;HID;DB,CT;205;205,1;<
2022-02-22;09:53:21;205;;120;-;-;;LB,CT;205;205,1;<
2022-02-22;09:53:18;205;;120;-;-;;LB,CT;205;205,2;<
2022-02-22;09:53:18;205;;600;-;-;HID;DB,CT;205;205,2;<
2022-02-22;09:53:18;205;;59;-;-;;LB,CT;205;205,2;<
2022-02-22;09:53:17;205;;61;-;-;;LB,CT;205;205,2;<
2022-02-22;09:53:16;205;;10;-;-;;LB,CT;205;205,2;<
2022-02-22;09:53:16;205;;105;-;-;;LB,CT;205;205,2;<
2022-02-22;09:53:16;205;;15;-;-;;LB,CT;205;205,2;<
2022-02-22;09:53:16;205;;23;-;-;;LB,CT;205;205,2;<
2022-02-22;09:53:16;205;;36;-;-;;LB,CT;205;205,2;<
2022-02-22;09:53:16;205;;241;-;-;;LB,CT;205;205,2;<
2022-02-22;09:53:16;205;;120;-;-;;LB,CT;205;205,2;<
2022-02-22;09:53:16;205,1;;83;-;-;;LB,CT;205;205,2;>
2022-02-22;09:53:16;205,1;;62;-;-;;LB,CT;205;205,2;>
2022-02-22;09:53:16;205,1;;420;-;-;;LB,CT;205;205,2;>
2022-02-22;09:53:16;205,1;;46;-;-;;LB,CT;205;205,2;>
2022-02-22;09:53:15;205;;480;-;-;HID;DB,CT;205;205,1;<
2022-02-22;09:53:15;205;;120;-;-;;LB,CT;205;205,1;<
2022-02-22;09:53:15;205;;49;-;-;;LB,CT;205;205,1;<
2022-02-22;09:53:15;205;;76;-;-;;LB,CT;205;205,1;<
2022-02-22;09:53:13;205;;44;-;-;;LB,CT;205;205,1;<
2022-02-22;09:53:13;205;;7;-;-;HID;DB,CT;205;205,1;<
2022-02-22;09:53:13;205;;120;-;-;;LB,CT;205;205,1;<
2022-02-22;09:53:13;205;;6;-;-;HID;DB,CT;205;205,1;<
2022-02-22;09:53:13;205;;120;-;-;;LB,CT;205;205,1;<
2022-02-22;09:53:13;205;;40;-;-;HID;DB,CT;205;205,1;<
2022-02-22;09:53:13;205;;120;-;-;;LB,CT;205;205,1;<
2022-02-22;09:53:13;205;;195;-;-;HID;DB,CT;205;205,1;<
2022-02-22;09:53:13;205;;39;-;-;;LB,CT;205;205,1;<
2022-02-22;09:53:13;205;;81;-;-;;LB,CT;205;205,1;<
2022-02-22;09:53:13;205;;65;-;-;;LB,CT;205;205,1;<
2022-02-22;09:53:13;205;;61;-;-;HID;DB,CT;205;205,1;<
2022-02-22;09:53:13;205;;120;-;-;;LB,CT;205;205,1;<
2022-02-22;09:53:13;205;;120;-;-;;LB,CT;205;205,1;<
2022-02-22;09:53:13;205;;200;-;-;HID;DB,CT;205;205,1;>
2022-02-22;09:53:13;205;;48;-;-;;LB,CT;205;205,1;>
2022-02-22;09:53:13;205;;120;-;-;HID;DB,CT;205;205,1;<
2022-02-22;09:53:13;205;;28;-;-;;LB,CT;205;205,1;<
2022-02-22;09:53:13;205;;22;-;-;;LB,CT;205;205,1;<
2022-02-22;09:53:13;205;;98;-;-;;LB,CT;205;205,1;<
2022-02-22;09:53:13;205;;120;-;-;;LB,CT;205;205,1;<
2022-02-22;09:53:13;205;;750;-;-;HID;DB,CT;205;205,1;<
2022-02-22;09:53:13;205;;120;-;-;;LB,CT;205;205,1;<
2022-02-22;09:53:13;205;;45;-;-;HID;DB,CT;205;205,1;<
2022-02-22;09:53:13;205;;32;-;-;;LB,CT;205;205,1;<
2022-02-22;09:53:12;205;;88;-;-;;LB,CT;205;205,1;<
2022-02-22;09:53:12;205;;10;-;-;HID;DB,CT;205;205,1;<
2022-02-22;09:53:12;205;;64;-;-;;LB,CT;205;205,1;<
2022-02-22;09:53:12;205;;56;-;-;;LB,CT;205;205,1;<
2022-02-22;09:53:12;205;;120;-;-;;LB,CT;205;205,1;<
2022-02-22;09:53:12;205;;15;-;-;HID;DB,CT;205;205,1;<
2022-02-22;09:53:12;205;;120;-;-;;LB,CT;205;205,1;<
2022-02-22;09:53:11;205;;60;-;-;;LB,CT;205;205,1;<
2022-02-22;09:53:11;205;;60;-;-;;LB,CT;205;205,1;<
2022-02-22;09:53:11;205;;120;-;-;;LB,CT;205;205,1;<
2022-02-22;09:53:11;205;;120;-;-;;LB,CT;205;205,1;<
2022-02-22;09:53:11;205;;46;-;-;HID;DB,CT;205;205,1;<
2022-02-22;09:53:11;205;;74;-;-;;LB,CT;205;205,1;<
2022-02-22;09:53:11;205;;46;-;-;;LB,CT;205;205,1;<
2022-02-22;09:53:11;205;;600;-;-;HID;DB,CT;205;205,1;<
2022-02-22;09:53:11;205;;180;-;-;HID;DB,CT;205;205,1;<
2022-02-22;09:53:11;205;;120;-;-;;LB,CT;205;205,1;<
2022-02-22;09:53:11;205;;439;-;-;HID;DB,CT;205;205,1;<
2022-02-22;09:53:11;205;;120;-;-;;LB,CT;205;205,1;<
2022-02-22;09:53:10;205;;83;-;-;;LB,CT;205;205,1;<
2022-02-22;09:53:10;205;;37;-;-;;LB,CT;205;205,1;<
2022-02-22;09:53:10;205;;120;-;-;;LB,CT;205;205,1;<
2022-02-22;09:53:10;205;;600;-;-;HID;DB,CT;205;205,1;<
2022-02-22;09:53:10;205;;35;-;-;;LB,CT;205;205,1;<
2022-02-22;09:53:10;205;;85;-;-;;LB,CT;205;205,1;<
2022-02-22;09:53:10;205;;800;-;-;HID;DB,CT;205;205,1;<
2022-02-22;09:53:10;205;;120;-;-;;LB,CT;205;205,1;<
2022-02-22;09:53:10;205;;120;-;-;;LB,CT;205;205,1;<
2022-02-22;09:53:10;205;;600;-;-;HID;DB,CT;205;205,1;<
2022-02-22;09:53:10;205;;120;-;-;;LB,CT;205;205,1;<
2022-02-22;09:53:10;205;;14;-;-;HID;DB,CT;205;205,1;<
2022-02-22;09:53:10;205;;120;-;-;;LB,CT;205;205,1;<
2022-02-22;09:53:10;205;;550;-;-;HID;DB,CT;205;205,1;<
2022-02-22;09:53:10;205;;120;-;-;;LB,CT;205;205,1;<
2022-02-22;09:53:06;205;;30;-;-;;LB,CT;205;205,2;<
2022-02-22;09:53:05;205;;90;-;-;;LB,CT;205;205,2;<
2022-02-22;09:53:03;205;;9;-;-;HID;DB,CT;205;205,2;<
2022-02-22;09:53:03;205;;120;-;-;;LB,CT;205;205,2;<
2022-02-22;09:53:03;205;;38;-;-;HID;DB,CT;205;205,2;<
2022-02-22;09:53:03;205;;84;-;-;;LB,CT;205;205,2;<
2022-02-22;09:53:03;205,1;;47;-;-;;LB,CT;205;205,1;>
2022-02-22;09:53:03;205,1;;129;-;-;;LB,CT;205;205,1;>
2022-02-22;09:53:03;205,1;;231;-;-;;LB,CT;205;205,1;>
2022-02-22;09:53:03;205,1;;176;-;-;;LB,CT;205;205,1;>
2022-02-22;09:53:02;205;;36;-;-;;LB,CT;205;205,1;<
2022-02-22;09:53:02;205;;86;-;-;HID;DB,CT;205;205,1;<
2022-02-22;09:53:02;205;;800;-;-;HID;DB,CT;205;205,1;<
2022-02-22;09:53:02;205;;185;-;-;HID;DB,CT;205;205,1;<
2022-02-22;09:53:02;205;;86;-;-;;LB,CT;205;205,1;<
2022-02-22;09:53:02;205;;34;-;-;;LB,CT;205;205,1;<
2022-02-22;09:53:01;205;;66;-;-;HID;DB,CT;205;205,1;<
2022-02-22;09:53:01;205;;50;-;-;;LB,CT;205;205,1;<
2022-02-22;09:53:01;205;;70;-;-;;LB,CT;205;205,1;<
2022-02-22;09:53:00;205;;21;-;-;HID;DB,CT;205;205,1;<
2022-02-22;09:53:00;205;;120;-;-;;LB,CT;205;205,1;<
2022-02-22;09:53:00;205;;120;-;-;;LB,CT;205;205,1;<
2022-02-22;09:53:00;205;;119;-;-;HID;DB,CT;205;205,1;<
2022-02-22;09:53:00;205;;70;-;-;;LB,CT;205;205,1;<
2022-02-22;09:53:00;205;;50;-;-;;LB,CT;205;205,1;<
2022-02-22;09:52:59;205;;120;-;-;;LB,CT;205;205,1;<
2022-02-22;09:52:59;205;;120;-;-;;LB,CT;205;205,1;<
2022-02-22;09:52:59;205;;120;-;-;;LB,CT;205;205,1;<
2022-02-22;09:52:59;205;;120;-;-;;LB,CT;205;205,1;<
2022-02-22;09:52:59;205;;53;-;-;HID;DB,CT;205;205,1;<
2022-02-22;09:52:59;205;;120;-;-;;LB,CT;205;205,1;<
2022-02-22;09:52:59;205;;120;-;-;;LB,CT;205;205,1;<
2022-02-22;09:52:59;205;;120;-;-;;LB,CT;205;205,1;<
2022-02-22;09:52:59;205;;120;-;-;;LB,CT;205;205,1;<
2022-02-22;09:52:59;205;;120;-;-;;LB,CT;205;205,1;<
2022-02-22;09:52:59;205;;120;-;-;;LB,CT;205;205,1;<
2022-02-22;09:52:58;205;;125;-;-;HID;DB,CT;205;205,2;<
2022-02-22;09:52:58;205;;120;-;-;;LB,CT;205;205,2;<
2022-02-22;09:52:58;205;;300;-;-;;LB,CT;204,2;204,7;>
2022-02-22;09:52:58;204,7;;240;-;-;;LB,CT;204,2;204,7;>
2022-02-22;09:52:58;205;;126;-;-;;LB,CT;204,2;204,7;>
2022-02-22;09:52:58;205;;148;-;-;;LB,CT;204,2;204,7;>
2022-02-22;09:52:58;205;;532;-;-;;LB,CT;204,2;204,7;>
2022-02-22;09:52:58;204,9;;453;-;-;;LB,CT;204,2;204,7;>
2022-02-22;09:52:58;204,9;;421;-;-;;LB,CT;204,2;204,7;>
2022-02-22;09:52:58;204,9;;147;-;-;;LB,CT;204,2;204,7;>
2022-02-22;09:52:58;204,8;;147;-;-;;LB,CT;204,2;204,7;>
2022-02-22;09:52:58;204,8;;240;-;-;;LB,CT;204,2;204,7;>
2022-02-22;09:52:58;204,7;;240;-;-;;LB,CT;204,2;204,7;>
2022-02-22;09:52:32;204,4;;57;-;-;CROS;PA,UA;204,2;204,6;
2022-02-22;09:52:32;204,4;;57;-;-;AOD;PA,UA;204,2;204,6;
2022-02-22;09:52:15;204,5;;15;-;-;;LB,CT;204,2;204,6;>
2022-02-22;09:52:07;204,2;;39;-;-;;LB,CT;204,1;204,5;>
2022-02-22;09:51:30;204,1;;55;-;-;;LB,CT;203,9;204,3;>
2022-02-22;09:51:30;204,2;;300;-;-;;LB,CT;204;204,3;>
2022-02-22;09:51:29;204,1;;64;-;-;;LB,CT;204;204,3;>
2022-02-22;09:50:58;203,7;;61;-;-;;LB,CT;203,7;204;<
2022-02-22;09:50:37;203,5;;58;-;-;;LB,CT;203,5;203,8;<
2022-02-22;09:50:37;203,5;;111;-;-;;LB,CT;203,5;203,8;<
2022-02-22;09:50:36;203,8;;100;-;-;;LB,CT;203,5;203,8;>
2022-02-22;09:50:35;203,7;;10;-;-;;LB,CT;203,7;204;<
2022-02-22;09:50:35;203,7;;97;-;-;;LB,CT;203,7;204;<
2022-02-22;09:50:29;203,9;;74;-;-;;LB,CT;203,8;203,9;<
2022-02-22;09:50:29;203,9;;300;-;-;;LB,CT;203,8;203,9;>
2022-02-22;09:50:29;203,9;;61;-;-;;LB,CT;203,8;203,9;<
2022-02-22;09:50:29;203,9;;61;-;-;;LB,CT;203,8;203,9;<
2022-02-22;09:50:29;203,9;;183;-;-;;LB,CT;203,8;203,9;<
2022-02-22;09:50:07;204,1;;250;-;-;;LB,CT;203,9;204,2;>
2022-02-22;09:50:07;204,1;;89;-;-;;LB,CT;203,9;204,2;>
2022-02-22;09:49:54;204,1;;19;-;-;;LB,CT;203,9;204,1;>
2022-02-22;09:49:54;204,1;;36;-;-;;LB,CT;203,9;204,1;>
2022-02-22;09:49:46;203,8;;676;-;-;;LB,CT;203,7;204,1;>
2022-02-22;09:49:40;203,6;;109;-;-;;LB,CT;203,3;203,6;>
2022-02-22;09:49:39;203,5;;33;-;-;CROS;PA,UA;203,3;203,7;
2022-02-22;09:49:39;203,5;;33;-;-;AOD;PA,UA;203,3;203,7;
2022-02-22;09:49:39;203,6;;55;-;-;;LB,CT;203,3;203,7;>
2022-02-22;09:49:39;203,4;;3;-;-;;LB,CT;203,2;203,4;>
2022-02-22;09:49:05;203,2;;155;-;-;;LB,CT;203,2;203,6;<
2022-02-22;09:49:02;203,4;;444;-;-;;LB,CT;203,1;203,3;>
2022-02-22;09:49:02;203,3;;562;-;-;;LB,CT;203,1;203,3;>
2022-02-22;09:48:49;203,3;;48;-;-;;LB,CT;203,2;203,4;>
2022-02-22;09:48:49;203,2;;44;-;-;;LB,CT;203,2;203,4;<
2022-02-22;09:48:44;203,3;;47;-;-;;LB,CT;203,2;203,4;>
2022-02-22;09:48:44;203,3;;122;-;-;;LB,CT;203,2;203,4;>
2022-02-22;09:48:44;203,3;;393;-;-;;LB,CT;203,2;203,4;>
2022-02-22;09:48:44;203,3;;107;-;-;;LB,CT;203,2;203,4;>
2022-02-22;09:48:33;202,9;;45;-;-;;LB,CT;202,8;203;<
2022-02-22;09:47:54;203,2;;5;-;-;;LB,CT;202,9;203,2;>
2022-02-22;09:47:51;203;;73;-;-;;LB,CT;203;203,2;<
2022-02-22;09:47:46;203,1;;94;-;-;;LB,CT;203;203,4;>
2022-02-22;09:47:38;203,1;;30;-;-;;LB,CT;203,1;203,3;<
2022-02-22;09:47:38;203,1;;818;-;-;;LB,CT;203,1;203,3;<
2022-02-22;09:47:38;203,1;;65;-;-;;LB,CT;203,1;203,3;<
2022-02-22;09:47:37;203,2;;112;-;-;;LB,CT;203,1;203,3;<
2022-02-22;09:47:01;203,5;;50;-;-;;LB,CT;203,2;203,6;>
2022-02-22;09:47:01;203,5;;78;-;-;;LB,CT;203,5;203,6;<
2022-02-22;09:46:36;203,5;;50;-;-;;LB,CT;203,5;203,8;<
2022-02-22;09:46:35;203,7;;46;-;-;;LB,CT;203,5;203,7;>
2022-02-22;09:46:35;203,7;;135;-;-;;LB,CT;203,5;203,7;>
2022-02-22;09:46:18;203,5;;14;-;-;;LB,CT;203,5;203,7;<
2022-02-22;09:46:18;203,5;;56;-;-;;LB,CT;203,5;203,7;<
2022-02-22;09:46:14;203,5;;123;-;-;;LB,CT;203,5;203,7;<
2022-02-22;09:46:07;203,7;;57;-;-;;LB,CT;203,5;203,8;<
2022-02-22;09:46:07;203,7;;53;-;-;;LB,CT;203,8;204,1;>
2022-02-22;09:46:07;203,7;;186;-;-;;LB,CT;203,8;204,1;>
2022-02-22;09:46:07;203,7;;39;-;-;;LB,CT;203,8;204,1;<
2022-02-22;09:46:07;203,7;;82;-;-;;LB,CT;203,8;204,1;<
2022-02-22;09:46:07;203,7;;37;-;-;;LB,CT;203,8;204,1;<
2022-02-22;09:46:07;203,7;;203;-;-;;LB,CT;203,8;204,1;<
2022-02-22;09:46:07;203,7;;66;-;-;;LB,CT;203,8;204,1;<
2022-02-22;09:46:07;203,7;;300;-;-;;LB,CT;203,8;204,1;<
2022-02-22;09:46:07;203,8;;63;-;-;;LB,CT;203,8;204,1;<
2022-02-22;09:46:07;203,8;;161;-;-;;LB,CT;203,8;204,1;<
2022-02-22;09:46:03;203,95;;13;-;-;CROS;PA,UA;203,8;204,1;
2022-02-22;09:46:03;203,95;;13;-;-;AOD;PA,UA;203,8;204,1;
2022-02-22;09:45:33;204;;79;-;-;;LB,CT;203,8;204;>
2022-02-22;09:45:23;203,9;;148;-;-;;LB,CT;203,9;204,1;<
2022-02-22;09:45:23;203,9;;150;-;-;;LB,CT;203,9;204,1;<
2022-02-22;09:44:24;203,8;;54;-;-;;LB,CT;203,7;204,1;>
2022-02-22;09:44:24;203,8;;58;-;-;;LB,CT;203,7;204,1;>
2022-02-22;09:44:24;203,8;;3;-;-;;LB,CT;203,7;204,1;>
2022-02-22;09:43:57;203,6;;8;-;-;;LB,CT;203,6;203,8;<
2022-02-22;09:43:57;203,6;;1;-;-;;LB,CT;203,6;203,8;<
2022-02-22;09:42:51;203,6;;204;-;-;;LB,CT;203,4;203,6;>
2022-02-22;09:42:51;203,6;;15;-;-;;LB,CT;203,4;203,6;>
2022-02-22;09:42:44;203,6;;27;-;-;;LB,CT;203,4;203,6;>
2022-02-22;09:42:13;203,6;;10;-;-;;LB,CT;203,4;203,6;>
2022-02-22;09:41:53;203,6;;3;-;-;;LB,CT;203,2;203,6;>
2022-02-22;09:41:30;203,2;;96;-;-;;LB,CT;203,2;203,6;<
2022-02-22;09:41:29;203,5;;131;-;-;;LB,CT;203,2;203,6;>
2022-02-22;09:40:47;203,5;;7;-;-;;LB,CT;203,2;203,6;<
2022-02-22;09:40:45;203,6;;9;-;-;;LB,CT;203,5;203,9;>
2022-02-22;09:40:45;203,5;;58;-;-;;LB,CT;203,5;203,9;<
2022-02-22;09:40:45;203,5;;65;-;-;;LB,CT;203,5;203,9;<
2022-02-22;09:40:35;203,7;;230;-;-;;LB,CT;203,6;203,9;>
2022-02-22;09:40:35;203,7;;104;-;-;;LB,CT;203,6;203,9;>
2022-02-22;09:40:35;203,7;;104;-;-;;LB,CT;203,5;203,9;>
2022-02-22;09:39:49;203,6;;195;-;-;;LB,CT;203,6;203,7;<
2022-02-22;09:39:49;203,6;;105;-;-;;LB,CT;203,6;203,7;<
2022-02-22;09:39:25;203,3;;24;-;-;;LB,CT;203,1;203,3;>
2022-02-22;09:39:21;203,3;;3;-;-;;LB,CT;203,1;203,3;>
2022-02-22;09:39:20;203,1;;101;-;-;;LB,CT;203,1;203,3;<
2022-02-22;09:39:20;203,3;;168;-;-;;LB,CT;203,1;203,5;>
2022-02-22;09:39:19;203,3;;66;-;-;;LB,CT;203,1;203,3;<
2022-02-22;09:39:19;203,3;;179;-;-;;LB,CT;203,1;203,3;<
2022-02-22;09:39:19;203,3;;300;-;-;;LB,CT;203,1;203,3;<
2022-02-22;09:39:14;203,5;;72;-;-;;LB,CT;203,5;203,7;<
2022-02-22;09:39:08;203,5;;91;-;-;;LB,CT;203,5;203,9;<
2022-02-22;09:39:08;203,6;;80;-;-;;LB,CT;203,5;203,9;>
2022-02-22;09:38:58;203,5;;1;-;-;STRO;OB,ON,PRIC,ALGO;203,4;203,6;>
2022-02-22;09:38:49;203,5;;186;-;-;;LB,CT;203,3;203,5;>
2022-02-22;09:38:19;203,4;;11;-;-;;LB,CT;203,1;203,5;<
2022-02-22;09:38:19;203,5;;300;-;-;;LB,CT;203,4;203,6;<
2022-02-22;09:38:19;203,5;;228;-;-;;LB,CT;203,4;203,6;>
2022-02-22;09:38:19;203,5;;72;-;-;;LB,CT;203,4;203,6;>
2022-02-22;09:38:19;203,4;;47;-;-;;LB,CT;203,4;203,6;<
2022-02-22;09:38:19;203,4;;333;-;-;;LB,CT;203,4;203,6;<
2022-02-22;09:38:19;203,4;;195;-;-;;LB,CT;203,4;203,6;<
2022-02-22;09:38:14;203,4;;100;-;-;;LB,CT;203,4;203,6;>
2022-02-22;09:38:14;203,4;;5;-;-;;LB,CT;203,4;203,6;>
2022-02-22;09:38:04;203,3;;93;-;-;;LB,CT;203,3;203,5;<
2022-02-22;09:38:04;203,4;;300;-;-;;LB,CT;203,4;203,6;<
2022-02-22;09:38:03;203,5;;300;-;-;;LB,CT;203,2;203,4;>
2022-02-22;09:38:03;203,4;;59;-;-;;LB,CT;203,2;203,4;>
2022-02-22;09:37:05;203,2;;16;-;-;;LB,CT;203,2;203,3;<
2022-02-22;09:37:05;203,3;;58;-;-;;LB,CT;203,2;203,3;<
2022-02-22;09:37:05;203,3;;311;-;-;;LB,CT;203,2;203,3;<
2022-02-22;09:37:05;203,3;;66;-;-;;LB,CT;203,2;203,3;<
2022-02-22;09:37:05;203,3;;3;-;-;;LB,CT;203,2;203,3;<
2022-02-22;09:36:37;203,1;;100;-;-;;LB,CT;202,9;203,3;<
2022-02-22;09:35:43;202,8;;53;-;-;;LB,CT;202,6;202,9;>
2022-02-22;09:35:36;202,5;;126;-;-;;LB,CT;202,5;202,8;<
2022-02-22;09:35:29;202,5;;273;-;-;;LB,CT;202,4;202,5;>
2022-02-22;09:35:29;202,5;;250;-;-;;LB,CT;202,4;202,5;>
2022-02-22;09:35:29;202,5;;37;-;-;;LB,CT;202,4;202,5;>
2022-02-22;09:35:29;202,4;;150;-;-;;LB,CT;202,4;202,5;<
2022-02-22;09:35:29;202,4;;11;-;-;;LB,CT;202,4;202,6;<
2022-02-22;09:35:28;202,4;;11;-;-;;LB,CT;202,4;202,6;<
2022-02-22;09:35:28;202,4;;11;-;-;;LB,CT;202,2;202,6;<
2022-02-22;09:35:27;202,4;;11;-;-;;LB,CT;202,4;202,6;<
2022-02-22;09:35:26;202,4;;11;-;-;;LB,CT;202,4;202,6;<
2022-02-22;09:35:26;202,4;;11;-;-;;LB,CT;202,4;202,6;<
2022-02-22;09:35:25;202,4;;11;-;-;;LB,CT;202,4;202,6;<
2022-02-22;09:35:25;202,5;;650;-;-;;LB,CT;202,4;202,6;>
2022-02-22;09:35:25;202,4;;11;-;-;;LB,CT;202,4;202,6;<
2022-02-22;09:35:25;202,4;;11;-;-;;LB,CT;202,4;202,6;<
2022-02-22;09:35:24;202,4;;11;-;-;;LB,CT;202,4;202,6;<
2022-02-22;09:35:24;202,4;;29;-;-;;LB,CT;202,4;202,6;<
2022-02-22;09:35:24;202,5;;650;-;-;;LB,CT;202,4;202,6;>
2022-02-22;09:35:24;202,5;;52;-;-;;LB,CT;202,4;202,5;>
2022-02-22;09:35:24;202,4;;23;-;-;;LB,CT;202,4;202,5;<
2022-02-22;09:35:24;202,4;;29;-;-;;LB,CT;202,4;202,5;<
2022-02-22;09:35:24;202,5;;480;-;-;;LB,CT;202,2;202,6;>
2022-02-22;09:35:24;202,4;;221;-;-;;LB,CT;202,4;202,7;<
2022-02-22;09:35:24;202,4;;79;-;-;;LB,CT;202,4;202,7;<
2022-02-22;09:35:23;202,5;;29;-;-;;LB,CT;202,5;202,7;<
2022-02-22;09:35:23;202,6;;300;-;-;;LB,CT;202,5;202,6;>
2022-02-22;09:35:23;202,6;;250;-;-;;LB,CT;202,5;202,6;>
2022-02-22;09:35:23;202,6;;490;-;-;;LB,CT;202,5;202,7;>
2022-02-22;09:35:23;202,5;;139;-;-;;LB,CT;202,5;202,7;<
2022-02-22;09:35:23;202,5;;33;-;-;;LB,CT;202,5;202,7;<
2022-02-22;09:35:23;202,5;;164;-;-;;LB,CT;202,5;202,7;<
2022-02-22;09:35:13;202,8;;4;-;-;;LB,CT;202,5;202,8;>
2022-02-22;09:35:10;202,7;;82;-;-;;LB,CT;202,7;203,1;<
2022-02-22;09:35:10;202,9;;61;-;-;;LB,CT;202,7;203,1;>
2022-02-22;09:35:10;202,8;;380;-;-;;LB,CT;202,7;203,1;>
2022-02-22;09:35:10;202,7;;299;-;-;;LB,CT;202,7;203,1;<
2022-02-22;09:35:10;202,7;;1;-;-;;LB,CT;202,7;203,1;<
2022-02-22;09:34:55;202,6;;73;-;-;;LB,CT;202,6;202,9;<
2022-02-22;09:34:54;202,8;;33;-;-;;LB,CT;202,6;202,9;<
2022-02-22;09:34:54;202,8;;60;-;-;;LB,CT;202,6;202,9;<
2022-02-22;09:34:54;202,8;;378;-;-;;LB,CT;202,6;202,9;<
2022-02-22;09:34:54;202,8;;286;-;-;;LB,CT;202,6;202,9;<
2022-02-22;09:34:54;202,8;;14;-;-;;LB,CT;202,6;202,9;<
2022-02-22;09:34:44;202,9;;276;-;-;;LB,CT;202,6;202,9;>
2022-02-22;09:34:44;202,9;;198;-;-;;LB,CT;202,6;202,9;>
2022-02-22;09:34:42;202,8;;99;-;-;;LB,CT;202,5;202,8;>
2022-02-22;09:34:38;202,8;;231;-;-;HID;DB,CT;202,6;202,8;<
2022-02-22;09:34:38;202,8;;531;-;-;HID;DB,CT;202,6;202,8;<
2022-02-22;09:34:38;202,8;;205;-;-;HID;DB,CT;202,6;202,8;<
2022-02-22;09:34:38;202,8;;205;-;-;;LB,CT;202,6;202,8;<
2022-02-22;09:34:38;202,8;;372;-;-;;LB,CT;202,6;202,8;<
2022-02-22;09:34:38;202,8;;71;-;-;;LB,CT;202,6;202,9;<
2022-02-22;09:34:38;202,8;;187;-;-;;LB,CT;202,5;202,8;>
2022-02-22;09:34:37;202,8;;141;-;-;CROS;PA,UA;202,5;202,8;
2022-02-22;09:34:37;202,8;;141;-;-;AOD;PA,UA;202,5;202,8;
2022-02-22;09:34:37;202,8;;262;-;-;;LB,CT;202,4;202,8;>
2022-02-22;09:34:32;202,5;;84;-;-;;LB,CT;202,4;202,7;>
2022-02-22;09:34:29;202,3;;650;-;-;;LB,CT;202,1;202,3;>
2022-02-22;09:34:29;202,3;;173;-;-;;LB,CT;202,1;202,3;<
2022-02-22;09:34:28;202,3;;67;-;-;;LB,CT;202,1;202,4;<
2022-02-22;09:34:28;202,3;;175;-;-;;LB,CT;202,1;202,4;<
2022-02-22;09:34:13;202,7;;5;-;-;;LB,CT;202,3;202,7;>
2022-02-22;09:34:03;202,3;;170;-;-;;LB,CT;202,1;202,4;<
2022-02-22;09:34:01;202,3;;240;-;-;;LB,CT;202,1;202,4;>
2022-02-22;09:34:01;202,3;;300;-;-;;LB,CT;202,1;202,4;>
2022-02-22;09:34:01;202,2;;75;-;-;;LB,CT;202,1;202,4;>
2022-02-22;09:34:01;202,2;;300;-;-;;LB,CT;202,1;202,4;>
2022-02-22;09:33:49;202,1;;19;-;-;;LB,CT;201,9;202,2;<
2022-02-22;09:33:42;202,1;;297;-;-;;LB,CT;202;202,1;<
2022-02-22;09:33:42;202,1;;3;-;-;;LB,CT;202;202,1;<
2022-02-22;09:33:13;202;;24;-;-;;LB,CT;201,7;202;>
2022-02-22;09:33:12;201,7;;500;-;-;;LB,CT;201,5;201,9;>
2022-02-22;09:33:12;201,8;;8;-;-;;LB,CT;201,5;201,9;>
2022-02-22;09:33:12;201,7;;300;-;-;;LB,CT;201,5;201,9;<
2022-02-22;09:33:10;202;;216;-;-;;LB,CT;202,1;202,4;<
2022-02-22;09:33:10;202,1;;57;-;-;;LB,CT;202,1;202,4;<
2022-02-22;09:33:10;202,1;;190;-;-;;LB,CT;202,1;202,4;<
2022-02-22;09:32:47;201,9;;4;-;-;;LB,CT;201,9;202,2;>
2022-02-22;09:32:07;201,5;;56;-;-;;LB,CT;201,3;201,6;>
2022-02-22;09:32:04;201,3;;164;-;-;;LB,CT;200,9;201,3;>
2022-02-22;09:32:00;200,9;;100;-;-;;LB,CT;200,9;201,3;<
2022-02-22;09:31:44;201;;27;-;-;;LB,CT;200,9;201,2;>
2022-02-22;09:31:31;201;;5;-;-;;LB,CT;200,8;201,1;<
2022-02-22;09:31:24;201,2;;167;-;-;;LB,CT;201,3;201,6;<
2022-02-22;09:31:24;201,3;;102;-;-;;LB,CT;201,3;201,6;<
2022-02-22;09:31:14;201,5;;29;-;-;;LB,CT;201,3;201,6;<
2022-02-22;09:31:04;201,9;;18;-;-;;LB,CT;201,5;201,9;<
2022-02-22;09:31:01;202;;205;-;-;;LB,CT;201,9;202,1;<
2022-02-22;09:30:46;202;;43;-;-;;LB,CT;202;202,2;<
2022-02-22;09:30:46;202;;73;-;-;;LB,CT;202;202,2;<
2022-02-22;09:30:09;201,8;;138;-;-;;LB,CT;201,5;201,8;>
2022-02-22;09:30:00;201,8;;78;-;-;;LB,CT;201,9;202,1;<
2022-02-22;09:30:00;201,9;;500;-;-;;LB,CT;201,9;202,1;<
2022-02-22;09:30:00;201,9;;185;-;-;;LB,CT;201,9;202,1;<
2022-02-22;09:29:46;202,25;;22;-;-;CROS;PA,UA;202,1;202,4;
2022-02-22;09:29:46;202,25;;22;-;-;AOD;PA,UA;202,1;202,4;
2022-02-22;09:29:26;201,9;;93;-;-;;LB,CT;201,6;201,9;>
2022-02-22;09:29:19;202;;76;-;-;;LB,CT;201,8;202,1;<
2022-02-22;09:29:10;202,2;;268;-;-;;LB,CT;202,3;202,6;<
2022-02-22;09:29:10;202,3;;182;-;-;;LB,CT;202,3;202,6;<
2022-02-22;09:29:03;202,4;;2;-;-;;LB,CT;202,2;202,6;<
2022-02-22;09:29:03;202,3;;188;-;-;;LB,CT;202,2;202,6;>
2022-02-22;09:28:08;202;;182;-;-;;LB,CT;201,9;202,2;<
2022-02-22;09:27:56;202,2;;60;-;-;;LB,CT;202;202,3;>
2022-02-22;09:27:39;202,1;;62;-;-;STRO;OB,ON,PRIC,ALGO;202,1;202,4;>
2022-02-22;09:27:39;202,1;;280;-;-;;LB,CT;202,1;202,4;>
2022-02-22;09:27:39;201,6;;369;-;-;;LB,CT;202,1;202,4;<
2022-02-22;09:27:39;201,6;;240;-;-;;LB,CT;202,1;202,4;<
2022-02-22;09:27:39;201,6;;262;-;-;;LB,CT;202,1;202,4;<
2022-02-22;09:27:39;201,7;;242;-;-;;LB,CT;202,1;202,4;<
2022-02-22;09:27:39;201,7;;300;-;-;;LB,CT;202,1;202,4;<
2022-02-22;09:27:39;201,8;;240;-;-;;LB,CT;202,1;202,4;<
2022-02-22;09:27:39;201,8;;239;-;-;;LB,CT;202,1;202,4;<
2022-02-22;09:27:39;201,9;;300;-;-;;LB,CT;202,1;202,4;<
2022-02-22;09:27:39;202,1;;176;-;-;;LB,CT;202,1;202,4;<
2022-02-22;09:27:39;202,1;;70;-;-;;LB,CT;202,1;202,4;<
2022-02-22;09:26:41;202;;240;-;-;;LB,CT;201,8;202,3;>
2022-02-22;09:26:41;201,9;;300;-;-;;LB,CT;201,8;202,3;>
2022-02-22;09:26:35;201,7;;250;-;-;;LB,CT;201,5;201,7;>
2022-02-22;09:26:16;201,8;;250;-;-;;LB,CT;201,5;201,8;>
2022-02-22;09:26:08;201,7;;64;-;-;;LB,CT;201,5;201,7;>
2022-02-22;09:26:08;201,7;;87;-;-;;LB,CT;201,5;201,7;<
2022-02-22;09:26:08;201,7;;41;-;-;;LB,CT;201,5;201,7;<
2022-02-22;09:26:02;201,9;;44;-;-;HID;DB,CT;201,7;201,9;<
2022-02-22;09:26:02;201,9;;44;-;-;;LB,CT;201,7;201,9;<
2022-02-22;09:26:02;201,9;;339;-;-;;LB,CT;201,7;201,9;<
2022-02-22;09:26:02;201,9;;300;-;-;;LB,CT;201,7;201,9;>
2022-02-22;09:25:57;202;;15;-;-;;LB,CT;201,8;202;>
2022-02-22;09:25:50;202;;109;-;-;;LB,CT;201,8;202;>
2022-02-22;09:25:50;202;;59;-;-;;LB,CT;201,8;202;>
2022-02-22;09:25:50;202;;17;-;-;;LB,CT;201,8;202;>
2022-02-22;09:25:50;202;;100;-;-;;LB,CT;201,8;202;>
2022-02-22;09:24:12;201,4;;68;-;-;;LB,CT;201;201,4;>
2022-02-22;09:24:10;201,3;;232;-;-;;LB,CT;201;201,4;>
2022-02-22;09:23:54;201;;55;-;-;;LB,CT;200,7;201,2;<
2022-02-22;09:23:54;201,1;;53;-;-;;LB,CT;200,9;201,1;>
2022-02-22;09:23:54;201,1;;15;-;-;;LB,CT;200,9;201,1;>
2022-02-22;09:23:54;201,1;;23;-;-;;LB,CT;200,9;201,1;>
2022-02-22;09:23:54;201,1;;151;-;-;;LB,CT;200,9;201,1;>
2022-02-22;09:23:54;201,1;;300;-;-;;LB,CT;200,9;201,1;>
2022-02-22;09:23:54;201,1;;200;-;-;;LB,CT;200,9;201,1;>
2022-02-22;09:23:54;201,1;;40;-;-;;LB,CT;200,9;201,1;>
2022-02-22;09:23:54;201,1;;40;-;-;;LB,CT;200,9;201,1;>
2022-02-22;09:23:54;201,1;;3700;-;-;;LB,CT;200,9;201,1;>
2022-02-22;09:23:54;201,1;;70;-;-;;LB,CT;200,9;201,1;>
2022-02-22;09:23:54;201,1;;9;-;-;;LB,CT;200,9;201,1;>
2022-02-22;09:23:54;201,1;;16;-;-;;LB,CT;200,9;201,1;>
2022-02-22;09:23:54;201,1;;105;-;-;;LB,CT;200,9;201,1;>
2022-02-22;09:23:54;201,1;;19;-;-;;LB,CT;200,9;201,1;>
2022-02-22;09:23:54;201,1;;80;-;-;;LB,CT;200,9;201,1;>
2022-02-22;09:23:54;201,1;;195;-;-;;LB,CT;200,9;201,1;>
2022-02-22;09:23:54;201,1;;7;-;-;;LB,CT;200,9;201,1;>
2022-02-22;09:23:54;201,1;;8;-;-;;LB,CT;200,9;201,1;>
2022-02-22;09:23:54;201,1;;6;-;-;;LB,CT;200,9;201,1;>
2022-02-22;09:23:54;201,1;;25;-;-;;LB,CT;200,9;201,1;>
2022-02-22;09:23:54;201,1;;4;-;-;;LB,CT;200,9;201,1;>
2022-02-22;09:23:54;201,1;;12;-;-;;LB,CT;200,9;201,1;>
2022-02-22;09:23:54;201,1;;190;-;-;;LB,CT;200,9;201,1;>
2022-02-22;09:23:54;201,1;;13;-;-;;LB,CT;200,9;201,1;>
2022-02-22;09:23:14;201;;170;-;-;;LB,CT;200,8;201,1;>
2022-02-22;09:23:14;201;;230;-;-;;LB,CT;200,8;201,1;>
2022-02-22;09:23:14;201;;20;-;-;;LB,CT;200,8;201,1;>
2022-02-22;09:23:06;200,9;;282;-;-;;LB,CT;200,4;200,9;>
2022-02-22;09:23:06;200,9;;18;-;-;;LB,CT;200,4;200,9;>
2022-02-22;09:23:01;200,6;;430;-;-;;LB,CT;200,5;200,9;<
2022-02-22;09:23:01;200,3;;83;-;-;;LB,CT;199,9;200,3;>
2022-02-22;09:23:00;200;;594;-;-;;LB,CT;199,9;200,2;>
2022-02-22;09:23:00;200;;531;-;-;;LB,CT;199,9;200,2;>
2022-02-22;09:22:59;200;;545;-;-;;LB,CT;199,6;200,3;<
2022-02-22;09:22:59;200;;190;-;-;;LB,CT;199,6;200,3;<
2022-02-22;09:22:59;200,1;;228;-;-;;LB,CT;199,6;200,3;<
2022-02-22;09:22:59;200,1;;300;-;-;;LB,CT;199,6;200,3;<
2022-02-22;09:22:59;200,2;;240;-;-;;LB,CT;199,6;200,3;<
2022-02-22;09:22:59;200,2;;237;-;-;;LB,CT;199,6;200,3;<
2022-02-22;09:22:59;200,3;;92;-;-;;LB,CT;199,6;200,3;<
2022-02-22;09:22:59;200,3;;331;-;-;;LB,CT;199,6;200,3;<
2022-02-22;09:22:59;200,3;;172;-;-;;LB,CT;199,6;200,3;<
2022-02-22;09:22:45;200,7;;117;-;-;CROS;PA,UA;200,4;200,7;
2022-02-22;09:22:45;200,7;;117;-;-;AOD;PA,UA;200,4;200,7;
2022-02-22;09:22:34;200,6;;38;-;-;;LB,CT;200,5;200,8;<
2022-02-22;09:21:41;200,2;;49;-;-;;LB,CT;200,2;200,5;<
2022-02-22;09:21:41;200,2;;636;-;-;;LB,CT;200,2;200,5;<
2022-02-22;09:21:41;200,2;;219;-;-;;LB,CT;200,2;200,5;<
2022-02-22;09:21:21;200,4;;55;-;-;;LB,CT;199,75;200,3;>
2022-02-22;09:21:21;200,3;;106;-;-;;LB,CT;199,75;200,3;>
2022-02-22;09:21:21;200,3;;4;-;-;;LB,CT;199,75;200,3;>
2022-02-22;09:21:13;200,1;;50;-;-;;LB,CT;199,8;200,3;<
2022-02-22;09:21:11;200,3;;305;-;-;;LB,CT;200,2;200,4;<
2022-02-22;09:21:08;200,8;;117;-;-;CROS;PA,UA;200,6;201;
2022-02-22;09:21:08;200,8;;117;-;-;AOD;PA,UA;200,6;201;
2022-02-22;09:21:07;200,9;;4;-;-;;LB,CT;200,4;200,9;>
2022-02-22;09:21:07;200,9;;240;-;-;;LB,CT;200,4;200,9;>
2022-02-22;09:21:07;200,9;;6;-;-;;LB,CT;200,4;200,9;>
2022-02-22;09:20:46;200,5;;90;-;-;;LB,CT;200,5;200,8;<
2022-02-22;09:20:46;200,8;;96;-;-;;LB,CT;200,4;200,8;>
2022-02-22;09:20:46;200,8;;300;-;-;;LB,CT;200,4;200,8;>
2022-02-22;09:20:36;200,6;;300;-;-;;LB,CT;200,2;200,6;>
2022-02-22;09:20:28;200,8;;12;-;-;;LB,CT;200,4;200,8;>
2022-02-22;09:20:28;200,8;;57;-;-;;LB,CT;200,4;200,8;>
2022-02-22;09:20:23;200,2;;200;-;-;STRO;OB,ON,PRIC,ALGO;200,2;200,6;<
2022-02-22;09:20:23;200,2;;237;-;-;;LB,CT;200,2;200,6;<
2022-02-22;09:20:23;200,2;;63;-;-;;LB,CT;200,2;200,6;<
2022-02-22;09:20:04;199,8;;2;-;-;;LB,CT;199,8;200,3;<
2022-02-22;09:20:04;200,2;;77;-;-;;LB,CT;199,65;200,2;>
2022-02-22;09:20:04;200,2;;133;-;-;;LB,CT;199,65;200,2;>
2022-02-22;09:20:04;200,2;;18;-;-;;LB,CT;199,65;200,2;>
2022-02-22;09:20:02;200;;45;-;-;;LB,CT;199,65;200,1;>
2022-02-22;09:20:01;199,9;;63;-;-;;LB,CT;199,65;200;>
2022-02-22;09:20:01;199,9;;300;-;-;;LB,CT;199,65;200;>
2022-02-22;09:19:57;199,5;;250;-;-;;LB,CT;199,1;199,5;>
2022-02-22;09:19:54;198,95;;1;-;-;;LB,CT;198,7;198,95;>
2022-02-22;09:19:15;198,825;;36;-;-;CROS;PA,UA;198,8;199,1;
2022-02-22;09:19:15;198,825;;36;-;-;AOD;PA,UA;198,55;199,1;
2022-02-22;09:19:11;198,85;;45;-;-;;LB,CT;198,65;199,05;<
2022-02-22;09:19:11;198,85;;50;-;-;;LB,CT;198,65;199,05;<
2022-02-22;09:19:11;199,05;;84;-;-;;LB,CT;199,05;199,35;<
2022-02-22;09:17:54;199,3;;85;-;-;;LB,CT;199;199,55;<
2022-02-22;09:17:40;199,1;;85;-;-;;LB,CT;198,8;199,35;>
2022-02-22;09:17:40;199,1;;31;-;-;;LB,CT;198,8;199,35;>
2022-02-22;09:17:37;198,6;;15;-;-;STRO;OB,ON,PRIC,ALGO;198,5;198,95;<
2022-02-22;09:17:37;198,5;;2;-;-;;LB,CT;198,5;198,95;<
2022-02-22;09:17:37;198,5;;57;-;-;;LB,CT;198,5;198,95;<
2022-02-22;09:16:33;198,6;;1;-;-;STRO;OB,ON,PRIC,ALGO;198,15;198,65;>
2022-02-22;09:16:32;198,6;;14;-;-;;LB,CT;198,25;198,6;>
2022-02-22;09:16:32;198,6;;213;-;-;;LB,CT;198,25;198,6;>
2022-02-22;09:16:21;198,6;;35;-;-;;LB,CT;198,25;198,6;>
2022-02-22;09:16:17;198,25;;144;-;-;;LB,CT;198,5;198,8;<
2022-02-22;09:16:17;198,45;;56;-;-;;LB,CT;198,5;198,8;<
2022-02-22;09:16:17;198,5;;300;-;-;;LB,CT;198,5;198,8;<
2022-02-22;09:16:09;198,8;;41;-;-;;LB,CT;198,5;198,95;<
2022-02-22;09:16:09;199;;5025;-;-;;LB,CT;198,85;199,1;<
2022-02-22;09:16:09;199,05;;268;-;-;;LB,CT;198,85;199,1;<
2022-02-22;09:16:05;199,2;;6;-;-;;LB,CT;199,2;199,55;<
2022-02-22;09:16:01;199,25;;134;-;-;;LB,CT;199,25;199,55;<
2022-02-22;09:16:01;199,25;;280;-;-;;LB,CT;199,25;199,55;<
2022-02-22;09:16:00;199,35;;86;-;-;;LB,CT;199,35;199,75;<
2022-02-22;09:15:59;199,45;;114;-;-;;LB,CT;199,35;199,75;<
2022-02-22;09:15:59;199,45;;65;-;-;;LB,CT;199,35;199,75;<
2022-02-22;09:15:59;199,6;;38;-;-;;LB,CT;199,45;199,75;<
2022-02-22;09:15:53;199,7;;215;-;-;;LB,CT;199,45;199,7;>
2022-02-22;09:15:53;199,7;;25;-;-;;LB,CT;199,45;199,7;>
2022-02-22;09:15:10;199,2;;8;-;-;;LB,CT;199,15;199,65;>
2022-02-22;09:15:09;199,3;;296;-;-;;LB,CT;199;199,3;>
2022-02-22;09:14:26;199,25;;79;-;-;;LB,CT;199;199,4;<
2022-02-22;09:14:26;199,25;;111;-;-;;LB,CT;199;199,4;<
2022-02-22;09:14:23;199,35;;24;-;-;;LB,CT;199,35;199,6;<
2022-02-22;09:14:23;199,35;;81;-;-;;LB,CT;199,35;199,6;<
2022-02-22;09:13:45;199,15;;10;-;-;;LB,CT;199,15;199,4;<
2022-02-22;09:13:31;199,2;;192;-;-;;LB,CT;199,1;199,4;>
2022-02-22;09:13:31;199,2;;342;-;-;;LB,CT;199,1;199,4;>
2022-02-22;09:13:30;199;;110;-;-;;LB,CT;198,45;199;>
2022-02-22;09:13:30;199;;25;-;-;;LB,CT;198,45;199;>
2022-02-22;09:12:32;198,65;;7;-;-;;LB,CT;198,2;198,7;>
2022-02-22;09:12:32;198,35;;34;-;-;;LB,CT;198,2;198,7;<
2022-02-22;09:12:02;197,9;;60;-;-;;LB,CT;197,45;197,8;>
2022-02-22;09:12:02;197,8;;152;-;-;;LB,CT;197,45;197,8;>
2022-02-22;09:12:02;197,8;;250;-;-;;LB,CT;197,45;197,8;>
2022-02-22;09:12:00;197,65;;2;-;-;;LB,CT;197,35;197,8;>
2022-02-22;09:11:49;197,6;;2;-;-;STRO;OB,ON,PRIC,ALGO;197,35;197,75;>
2022-02-22;09:11:30;197,25;;332;-;-;;LB,CT;197,15;197,45;>
2022-02-22;09:11:30;197,25;;168;-;-;;LB,CT;197,15;197,45;>
2022-02-22;09:11:30;197,2;;15;-;-;;LB,CT;197;197,25;>
2022-02-22;09:11:24;197;;32;-;-;;LB,CT;196,7;196,9;>
2022-02-22;09:11:24;196,9;;200;-;-;;LB,CT;196,7;196,9;>
2022-02-22;09:11:18;196,9;;2;-;-;;LB,CT;196,9;197,2;<
2022-02-22;09:11:06;197,2;;10;-;-;;LB,CT;196,9;197,2;>
2022-02-22;09:11:04;197,3;;100;-;-;;LB,CT;196,9;197,3;>
2022-02-22;09:11:00;197,2;;300;-;-;;LB,CT;197,2;197,65;<
2022-02-22;09:10:59;197,25;;60000;CAR;CAR;STND;OB,ON,D,N;197,2;197,65;>
2022-02-22;09:10:34;197,2;;44;-;-;;LB,CT;196,9;197;>
2022-02-22;09:10:34;197;;1;-;-;;LB,CT;196,9;197;>
2022-02-22;09:10:34;197;;5;-;-;;LB,CT;196,9;197;>
2022-02-22;09:10:13;197,1;;100;-;-;;LB,CT;196,9;197,1;>
2022-02-22;09:10:13;197,1;;500;-;-;;LB,CT;196,9;197,1;>
2022-02-22;09:10:13;197,1;;900;-;-;;LB,CT;196,9;197,1;>
2022-02-22;09:10:13;197,1;;500;-;-;;LB,CT;196,9;197,1;>
2022-02-22;09:09:58;197,2;;9;-;-;;LB,CT;196,9;197,25;<
2022-02-22;09:09:58;197,2;;184;-;-;;LB,CT;196,9;197,25;<
2022-02-22;09:09:58;197,3;;5;-;-;;LB,CT;197,2;197,4;<
2022-02-22;09:09:49;197,45;;164;-;-;;LB,CT;197;197,4;>
2022-02-22;09:09:49;197,4;;50;-;-;;LB,CT;197;197,4;>
2022-02-22;09:09:48;197,2;;100;-;-;;LB,CT;196,95;197,4;>
2022-02-22;09:09:05;197,2;;248;-;-;;LB,CT;197;197,45;<
2022-02-22;09:08:47;197,25;;5;-;-;;LB,CT;197,35;197,7;<
2022-02-22;09:08:47;197,35;;72;-;-;;LB,CT;197,35;197,7;<
2022-02-22;09:07:49;198,1;;102;-;-;;LB,CT;198,1;198,4;<
2022-02-22;09:07:49;198,1;;30;-;-;;LB,CT;198,1;198,4;<
2022-02-22;09:07:48;198,15;;7;-;-;;LB,CT;198,1;198,4;<
2022-02-22;09:07:48;198,15;;171;-;-;;LB,CT;198,1;198,4;<
2022-02-22;09:07:47;198,2;;50;-;-;STRO;OB,ON,PRIC,ALGO;198,15;198,5;<
2022-02-22;09:07:26;198,4;;73;-;-;STRO;OB,ON,PRIC,ALGO;198,25;198,65;<
2022-02-22;09:07:10;198,3;;17;-;-;STRO;OB,ON,PRIC,ALGO;198,15;198,65;<
2022-02-22;09:07:10;198,3;;33;-;-;;LB,CT;198,3;198,75;<
2022-02-22;09:07:10;198,3;;47;-;-;;LB,CT;198,3;198,75;<
2022-02-22;09:07:10;198,3;;3;-;-;;LB,CT;198,3;198,75;<
2022-02-22;09:06:57;198,4;;2;-;-;;LB,CT;198,05;198,55;<
2022-02-22;09:06:41;198,1;;3;-;-;STRO;OB,ON,PRIC,ALGO;197,9;198,45;<
2022-02-22;09:06:41;198,3;;425;-;-;;LB,CT;197,9;198,45;<
2022-02-22;09:06:41;198,3;;76;-;-;;LB,CT;197,9;198,45;>
2022-02-22;09:06:19;197,5;;15;-;-;;LB,CT;197,3;197,5;>
2022-02-22;09:06:19;197,5;;5;-;-;;LB,CT;197,3;197,5;<
2022-02-22;09:05:44;197,5;;1217;-;-;;LB,CT;197,55;198,05;<
2022-02-22;09:05:44;197,55;;300;-;-;;LB,CT;197,55;198,05;<
2022-02-22;09:05:35;197,675;;12;-;-;CROS;PA,UA;197,5;197,85;
2022-02-22;09:05:35;197,675;;12;-;-;AOD;PA,UA;197,5;197,85;
2022-02-22;09:05:32;197,5;;25;-;-;;LB,CT;197,5;198,05;<
2022-02-22;09:05:30;197,6;;61;-;-;;LB,CT;197,4;198,1;>
2022-02-22;09:05:30;197,6;;85;-;-;;LB,CT;197,4;198,1;>
2022-02-22;09:05:22;197,35;;5;-;-;STRO;OB,ON,PRIC,ALGO;196,95;197,4;<
2022-02-22;09:04:57;196,75;;2;-;-;;LB,CT;196,45;197,3;<
2022-02-22;09:04:34;196,5;;120;-;-;;LB,CT;196,25;196,9;<
2022-02-22;09:04:26;196,5;;18;-;-;;LB,CT;196,15;196,5;>
2022-02-22;09:04:20;196,2;;20;-;-;;LB,CT;196,2;196,6;<
2022-02-22;09:04:10;196,45;;117;-;-;;LB,CT;196,1;196,65;>
2022-02-22;09:04:10;196,05;;5;-;-;;LB,CT;196,05;196,45;<
2022-02-22;09:03:31;196;;39;-;-;;LB,CT;195,7;196,3;>
2022-02-22;09:03:30;196;;112;-;-;;LB,CT;195,45;196;>
2022-02-22;09:03:30;196;;134;-;-;;LB,CT;195,45;196;>
2022-02-22;09:03:24;195,5;;197;-;-;STRO;OB,ON,PRIC,ALGO;195,5;196;>
2022-02-22;09:03:24;195,5;;157;-;-;STRO;OB,ON,PRIC,ALGO;195,5;196;>
2022-02-22;09:03:24;195,55;;200;-;-;STRO;OB,ON,PRIC,ALGO;195,5;196;>
2022-02-22;09:03:24;195,5;;48;-;-;STRO;OB,ON,PRIC,ALGO;195,5;196;>
2022-02-22;09:03:24;195,5;;357;-;-;;LB,CT;195,5;196;>
2022-02-22;09:03:24;195,5;;1664;-;-;;LB,CT;195,5;196;>
2022-02-22;09:03:24;195,5;;1474;-;-;;LB,CT;195,5;196;>
2022-02-22;09:03:24;195,5;;775;-;-;;LB,CT;195,5;196;<
2022-02-22;09:03:24;195,5;;114;-;-;;LB,CT;195,5;196;<
2022-02-22;09:03:24;195,5;;134;-;-;;LB,CT;195,5;196;<
2022-02-22;09:03:11;195,5;;130;-;-;;LB,CT;195,35;195,9;<
2022-02-22;09:03:10;195,7;;15;-;-;;LB,CT;195,7;196,3;<
2022-02-22;09:03:09;195,85;;74;-;-;;LB,CT;195,4;195,85;>
2022-02-22;09:03:09;195,8;;81;-;-;;LB,CT;195,4;195,85;>
2022-02-22;09:03:05;195,3;;40;-;-;;LB,CT;195,3;195,85;<
2022-02-22;09:03:01;195,3;;327;-;-;;LB,CT;195,35;195,75;<
2022-02-22;09:03:01;195,35;;300;-;-;;LB,CT;195,35;195,75;<
2022-02-22;09:02:35;195,25;;23;-;-;;LB,CT;195,25;196;<
2022-02-22;09:02:23;195,6;;100;-;-;STRO;OB,ON,PRIC,ALGO;195,15;195,8;>
2022-02-22;09:02:06;195,1;;18;-;-;;LB,CT;194,65;195,1;>
2022-02-22;09:02:06;195;;102;-;-;;LB,CT;194,55;194,95;>
2022-02-22;09:02:06;195;;98;-;-;;LB,CT;194,55;194,95;>
2022-02-22;09:02:06;194,95;;59;-;-;;LB,CT;194,55;194,95;>
2022-02-22;09:02:06;194,9;;56;-;-;;LB,CT;194,55;194,95;>
2022-02-22;09:01:27;194,25;;6;-;-;;LB,CT;194,25;194,95;<
2022-02-22;09:01:15;193,95;;14;-;-;;LB,CT;193,75;194,75;>
2022-02-22;09:01:10;194,15;;21;-;-;;LB,CT;193,85;194,4;>
2022-02-22;09:01:10;194,15;;50;-;-;;LB,CT;193,85;194,4;>
2022-02-22;09:01:00;194;;30;-;-;;LB,CT;193,55;194,25;>
2022-02-22;09:01:00;194;;1100;-;-;;LB,CT;193,55;194,25;>
2022-02-22;09:01:00;194;;10;-;-;;LB,CT;193,55;194,25;>
2022-02-22;09:01:00;194;;48;-;-;;LB,CT;193,55;194,25;>
2022-02-22;09:00:51;193,3;;10;-;-;;LB,CT;193,3;193,9;<
2022-02-22;09:00:47;193,4;;17;-;-;;LB,CT;193,35;193,95;>
2022-02-22;09:00:33;193,5;;96;-;-;;LB,CT;193;193,5;>
2022-02-22;09:00:33;193,35;;295;-;-;;LB,CT;193;193,5;>
2022-02-22;09:00:33;193,35;;5;-;-;;LB,CT;193;193,5;>
2022-02-22;09:00:33;192,9;;26;-;-;;LB,CT;193;193,5;<
2022-02-22;09:00:33;192,95;;66;-;-;;LB,CT;193;193,5;<
2022-02-22;09:00:33;192,95;;83;-;-;;LB,CT;193;193,5;<
2022-02-22;09:00:33;193;;62;-;-;;LB,CT;193;193,5;<
2022-02-22;09:00:17;193,65;;32;-;-;;LB,CT;193,3;193,95;>
2022-02-22;09:00:15;193,25;;50;-;-;;LB,CT;193;193,85;>
2022-02-22;09:00:15;193,25;;59;-;-;;LB,CT;193;193,85;>
2022-02-22;09:00:15;193,2;;56;-;-;;LB,CT;193;193,85;>
2022-02-22;09:00:07;192,75;;1;-;-;;LB,CT;192,55;193,2;>
2022-02-22;09:00:07;192,3;;16;-;-;;LB,CT;192,55;193,2;>
2022-02-22;09:00:06;192,05;;184;-;-;;LB,CT;192,55;193,2;<
2022-02-22;09:00:06;192,3;;33;-;-;;LB,CT;192,55;193,2;>
2022-02-22;09:00:06;192,3;;99;-;-;;LB,CT;192,55;193,2;>
2022-02-22;09:00:06;192,25;;33;-;-;;LB,CT;192,55;193,2;>
2022-02-22;09:00:06;192,3;;140;-;-;;LB,CT;192,55;193,2;>
2022-02-22;09:00:04;193,225;;32;-;-;CROS;PA,UA;192,55;193,2;
2022-02-22;09:00:04;193,225;;32;-;-;AOD;PA,UA;192,55;193,2;
2022-02-22;09:00:04;193,15;;73;-;-;;LB,CT;192,55;193,2;<
2022-02-22;09:00:04;192,9;;100;-;-;;LB,CT;192,55;193,2;<
2022-02-22;09:00:03;193,65;;10;-;-;;LB,CT;192,3;193,25;>
2022-02-22;09:00:03;193,375;;32;-;-;CROS;PA,UA;192;192,3;
2022-02-22;09:00:03;193,375;;32;-;-;AOD;PA,UA;192;192,3;
2022-02-22;09:00:03;193;;33;-;-;;LB,CT;192;192,3;<
2022-02-22;09:00:03;193;;47;-;-;;LB,CT;192;192,3;<
2022-02-22;09:00:03;193,15;;70;-;-;;LB,CT;192,05;192,6;<
2022-02-22;09:00:03;193,15;;8;-;-;;LB,CT;192,05;192,6;<
2022-02-22;09:00:03;193,15;;48;-;-;;LB,CT;192,05;192,6;<
2022-02-22;09:00:03;193,2;;52;-;-;;LB,CT;192,05;192,6;<
2022-02-22;09:00:03;193,2;;4;-;-;;LB,CT;192,05;192,6;<
2022-02-22;09:00:03;194;;71;-;-;CROS;LB,OA;192,05;192,6;
2022-02-22;09:00:03;194;;5;-;-;CROS;LB,OA;192,05;192,6;
2022-02-22;09:00:03;194;;5;-;-;CROS;LB,OA;192,05;192,6;
2022-02-22;09:00:03;194;;74;-;-;CROS;LB,OA;192,05;192,6;
2022-02-22;09:00:03;194;;32;-;-;CROS;LB,OA;192,05;192,6;
2022-02-22;09:00:03;194;;32;-;-;CROS;LB,OA;192,05;192,6;
2022-02-22;09:00:03;194;;56;-;-;CROS;LB,OA;192,05;192,6;
2022-02-22;09:00:03;194;;32;-;-;CROS;LB,OA;192,05;192,6;
2022-02-22;09:00:03;194;;32;-;-;CROS;LB,OA;192,05;192,6;
2022-02-22;09:00:03;194;;32;-;-;CROS;LB,OA;192,05;192,6;
2022-02-22;09:00:03;194;;60;-;-;CROS;LB,OA;192,05;192,6;
2022-02-22;09:00:03;194;;292;-;-;CROS;LB,OA;192,05;192,6;
2022-02-22;09:00:03;194;;55;-;-;CROS;LB,OA;192,05;192,6;
2022-02-22;09:00:03;194;;56;-;-;CROS;LB,OA;192,05;192,6;
2022-02-22;09:00:03;194;;25;-;-;CROS;LB,OA;192,05;192,6;
2022-02-22;09:00:03;194;;24;-;-;CROS;LB,OA;192,05;192,6;
2022-02-22;09:00:03;194;;20;-;-;CROS;LB,OA;192,05;192,6;
2022-02-22;09:00:03;194;;103;-;-;CROS;LB,OA;192,05;192,6;
2022-02-22;09:00:03;194;;6;-;-;CROS;LB,OA;192,05;192,6;
2022-02-22;09:00:03;194;;68;-;-;CROS;LB,OA;192,05;192,6;
2022-02-22;09:00:03;194;;52;-;-;CROS;LB,OA;192,05;192,6;
2022-02-22;09:00:03;194;;150;-;-;CROS;LB,OA;192,05;192,6;
2022-02-22;09:00:03;194;;130;-;-;CROS;LB,OA;192,05;192,6;
2022-02-22;09:00:03;194;;114;-;-;CROS;LB,OA;192,05;192,6;
2022-02-22;09:00:03;194;;3;-;-;CROS;LB,OA;192,05;192,6;
2022-02-22;09:00:03;194;;191;-;-;CROS;LB,OA;192,05;192,6;
2022-02-22;09:00:03;194;;100;-;-;CROS;LB,OA;192,05;192,6;
2022-02-22;09:00:03;194;;250;-;-;CROS;LB,OA;192,05;192,6;
2022-02-22;09:00:03;194;;24;-;-;CROS;LB,OA;192,05;192,6;
2022-02-22;09:00:03;194;;60;-;-;CROS;LB,OA;192,05;192,6;
2022-02-22;09:00:03;194;;40;-;-;CROS;LB,OA;192,05;192,6;
2022-02-22;09:00:03;194;;386;-;-;CROS;LB,OA;192,05;192,6;
2022-02-22;09:00:03;194;;81;-;-;CROS;LB,OA;192,05;192,6;
2022-02-22;09:00:03;194;;60;-;-;CROS;LB,OA;192,05;192,6;
2022-02-22;09:00:03;194;;10;-;-;CROS;LB,OA;192,05;192,6;
2022-02-22;09:00:03;194;;24;-;-;CROS;LB,OA;192,05;192,6;
2022-02-22;09:00:03;194;;24;-;-;CROS;LB,OA;192,05;192,6;
2022-02-22;09:00:03;194;;24;-;-;CROS;LB,OA;192,05;192,6;
2022-02-22;09:00:03;194;;58;-;-;CROS;LB,OA;192,05;192,6;
2022-02-22;09:00:03;194;;5;-;-;CROS;LB,OA;192,05;192,6;
2022-02-22;09:00:03;194;;50;-;-;CROS;LB,OA;192,05;192,6;
2022-02-22;09:00:03;194;;21;-;-;CROS;LB,OA;192,05;192,6;
2022-02-22;09:00:03;194;;82;-;-;CROS;LB,OA;192,05;192,6;
2022-02-22;09:00:03;194;;118;-;-;CROS;LB,OA;192,05;192,6;
2022-02-22;09:00:03;194;;98;-;-;CROS;LB,OA;192,05;192,6;
2022-02-22;09:00:03;194;;63;-;-;CROS;LB,OA;192,05;192,6;
2022-02-22;09:00:03;194;;51;-;-;CROS;LB,OA;192,05;192,6;
2022-02-22;09:00:03;194;;8;-;-;CROS;LB,OA;192,05;192,6;
2022-02-22;09:00:03;194;;12;-;-;CROS;LB,OA;192,05;192,6;
2022-02-22;09:00:03;194;;110;-;-;CROS;LB,OA;192,05;192,6;
2022-02-22;09:00:03;194;;6;-;-;CROS;LB,OA;192,05;192,6;
2022-02-22;09:00:03;194;;184;-;-;CROS;LB,OA;192,05;192,6;
2022-02-22;09:00:03;194;;5;-;-;CROS;LB,OA;192,05;192,6;
2022-02-22;09:00:03;194;;73;-;-;CROS;LB,OA;192,05;192,6;
2022-02-22;09:00:03;194;;44;-;-;CROS;LB,OA;192,05;192,6;
2022-02-22;09:00:03;194;;1;-;-;CROS;LB,OA;192,05;192,6;
2022-02-22;09:00:03;194;;5;-;-;CROS;LB,OA;192,05;192,6;
2022-02-22;09:00:03;194;;28;-;-;CROS;LB,OA;192,05;192,6;
2022-02-22;09:00:03;194;;247;-;-;CROS;LB,OA;192,05;192,6;
2022-02-22;09:00:03;194;;5;-;-;CROS;LB,OA;192,05;192,6;
2022-02-22;09:00:03;194;;229;-;-;CROS;LB,OA;192,05;192,6;
2022-02-22;09:00:03;194;;112;-;-;CROS;LB,OA;192,05;192,6;
2022-02-22;09:00:03;194;;97;-;-;CROS;LB,OA;192,05;192,6;
2022-02-22;09:00:03;194;;40;-;-;CROS;LB,OA;192,05;192,6;
2022-02-22;09:00:03;194;;70;-;-;CROS;LB,OA;192,05;192,6;
2022-02-22;09:00:03;194;;10;-;-;CROS;LB,OA;192,05;192,6;
2022-02-22;09:00:03;194;;20;-;-;CROS;LB,OA;192,05;192,6;
2022-02-22;09:00:03;194;;1;-;-;CROS;LB,OA;192,05;192,6;
2022-02-22;09:00:03;194;;22;-;-;CROS;LB,OA;192,05;192,6;
2022-02-22;09:00:03;194;;65;-;-;CROS;LB,OA;192,05;192,6;
2022-02-22;09:00:03;194;;117;-;-;CROS;LB,OA;192,05;192,6;
2022-02-22;09:00:03;194;;9;-;-;CROS;LB,OA;192,05;192,6;
2022-02-22;09:00:03;194;;3;-;-;CROS;LB,OA;192,05;192,6;
2022-02-22;09:00:03;194;;5;-;-;CROS;LB,OA;192,05;192,6;
2022-02-22;09:00:03;194;;4877;-;-;AUCT;LB,OA;192,05;192,45;
