2022-02-11;09:16:43;719,5;;74;-;-;;LB,CT;719;720,5;<
2022-02-11;09:16:38;720;;3;-;-;;LB,CT;719;720;>
2022-02-11;09:16:35;720;;27;-;-;;LB,CT;719;720;>
2022-02-11;09:16:33;719,5;;40;-;-;;LB,CT;719;720;<
2022-02-11;09:16:27;720,5;;19;-;-;;LB,CT;718,5;721;>
2022-02-11;09:16:27;720,5;;12;-;-;;LB,CT;718,5;721;>
2022-02-11;09:16:27;720,5;;19;-;-;;LB,CT;718,5;721;>
2022-02-11;09:16:27;720;;47;-;-;;LB,CT;719,5;720,5;>
2022-02-11;09:16:21;719,5;;8;-;-;;LB,CT;718,5;719,5;>
2022-02-11;09:16:21;719,5;;39;-;-;;LB,CT;718,5;719,5;>
2022-02-11;09:16:21;719,5;;3;-;-;;LB,CT;718,5;719,5;>
2022-02-11;09:16:21;719,5;;5;-;-;;LB,CT;718,5;719,5;>
2022-02-11;09:16:21;719;;10;-;-;;LB,CT;718,5;719,5;>
2022-02-11;09:16:21;719;;28;-;-;;LB,CT;718,5;719,5;>
2022-02-11;09:16:18;717,5;;1;-;-;;LB,CT;717,5;719;<
2022-02-11;09:16:14;717,5;;50;-;-;;LB,CT;717;719,5;>
2022-02-11;09:16:05;716,5;;2;-;-;STRO;OB,ON,PRIC,ALGO;715,5;717,5;>
2022-02-11;09:15:56;716,5;;4;-;-;;LB,CT;715,5;716,5;>
2022-02-11;09:15:53;716,5;;1;-;-;;LB,CT;715,5;716,5;>
2022-02-11;09:15:47;716,5;;4;-;-;;LB,CT;715,5;716,5;>
2022-02-11;09:15:37;716,5;;1;-;-;;LB,CT;716,5;717,5;<
2022-02-11;09:15:36;716,5;;8;-;-;;LB,CT;715;716,5;>
2022-02-11;09:15:36;716,5;;13;-;-;;LB,CT;715;716,5;>
2022-02-11;09:15:36;716,5;;4;-;-;;LB,CT;715;716,5;>
2022-02-11;09:15:36;716,5;;1;-;-;;LB,CT;715;716,5;>
2022-02-11;09:15:26;716;;12;-;-;;LB,CT;715;716,5;>
2022-02-11;09:15:22;716;;6;-;-;;LB,CT;715;716;>
2022-02-11;09:15:16;715;;21;-;-;;LB,CT;715;716,5;<
2022-02-11;09:15:16;715;;70;-;-;;LB,CT;715;716,5;<
2022-02-11;09:15:11;716;;10;-;-;;LB,CT;715;716,5;>
2022-02-11;09:15:11;716;;62;-;-;;LB,CT;715;716,5;>
2022-02-11;09:15:11;716;;11;-;-;;LB,CT;715;716,5;>
2022-02-11;09:15:09;715,5;;10;-;-;;LB,CT;713,5;715,5;>
2022-02-11;09:15:09;715,5;;8;-;-;;LB,CT;713,5;715,5;>
2022-02-11;09:15:09;715,5;;20;-;-;;LB,CT;713,5;715,5;>
2022-02-11;09:15:09;715,5;;10;-;-;;LB,CT;713,5;715,5;>
2022-02-11;09:15:09;715;;1;-;-;STRO;OB,ON,PRIC,ALGO;713;715,5;<
2022-02-11;09:15:08;715;;10;-;-;;LB,CT;713;715,5;<
2022-02-11;09:15:07;714;;3;-;-;;LB,CT;713;715,5;<
2022-02-11;09:15:07;714;;10;-;-;;LB,CT;713;715,5;<
2022-02-11;09:15:07;714,5;;75;-;-;;LB,CT;714,5;716;<
2022-02-11;09:15:07;714,5;;45;-;-;;LB,CT;714,5;716;<
2022-02-11;09:15:04;715,5;;5;-;-;;LB,CT;714,5;716;>
2022-02-11;09:15:04;715,5;;11;-;-;;LB,CT;714,5;716;>
2022-02-11;09:15:04;715,5;;14;-;-;;LB,CT;714,5;716;>
2022-02-11;09:15:02;715;;14;-;-;;LB,CT;714;715;>
2022-02-11;09:15:02;715;;14;-;-;;LB,CT;714;715;>
2022-02-11;09:15:01;714,5;;700;-;-;;LB,CT;714,5;716;<
2022-02-11;09:15:00;715;;5;-;-;;LB,CT;714,5;716;<
2022-02-11;09:15:00;715;;10;-;-;;LB,CT;716,5;717,5;<
2022-02-11;09:15:00;715;;27;-;-;;LB,CT;716,5;717,5;<
2022-02-11;09:15:00;715;;6;-;-;;LB,CT;716,5;717,5;<
2022-02-11;09:15:00;715;;2;-;-;;LB,CT;716,5;717,5;<
2022-02-11;09:15:00;715;;25;-;-;;LB,CT;716,5;717,5;<
2022-02-11;09:15:00;716;;25;-;-;;LB,CT;716,5;717,5;<
2022-02-11;09:15:00;716;;328;-;-;;LB,CT;716,5;717,5;<
2022-02-11;09:15:00;716;;387;-;-;;LB,CT;716,5;717,5;<
2022-02-11;09:15:00;716;;2;-;-;;LB,CT;716,5;717,5;<
2022-02-11;09:15:00;716;;25;-;-;;LB,CT;716,5;717,5;<
2022-02-11;09:15:00;716;;116;-;-;;LB,CT;716,5;717,5;<
2022-02-11;09:15:00;716;;1;-;-;;LB,CT;716,5;717,5;<
2022-02-11;09:15:00;716,5;;50;-;-;;LB,CT;716,5;717,5;<
2022-02-11;09:14:50;716,5;;12;-;-;;LB,CT;716;718;<
2022-02-11;09:14:50;716,5;;38;-;-;;LB,CT;716,5;718;<
2022-02-11;09:14:15;718;;13;-;-;;LB,CT;716;718;>
2022-02-11;09:14:14;717;;17;-;-;;LB,CT;717;718,5;<
2022-02-11;09:14:14;717;;4;-;-;;LB,CT;717;718,5;<
2022-02-11;09:14:14;717;;6;-;-;;LB,CT;717;719;<
2022-02-11;09:14:14;717,5;;53;-;-;;LB,CT;717;719;<
2022-02-11;09:14:14;717,5;;21;-;-;;LB,CT;717;719;<
2022-02-11;09:14:12;719;;14;-;-;;LB,CT;717,5;719,5;>
2022-02-11;09:14:06;718;;30;-;-;;LB,CT;717;719;<
2022-02-11;09:14:06;718;;23;-;-;;LB,CT;717;719;<
2022-02-11;09:14:06;718;;20;-;-;;LB,CT;717;719;<
2022-02-11;09:14:06;718;;45;-;-;;LB,CT;718;719,5;<
2022-02-11;09:14:06;718;;28;-;-;;LB,CT;718;719,5;<
2022-02-11;09:14:06;719;;2;-;-;;LB,CT;718;719,5;>
2022-02-11;09:14:06;719;;29;-;-;;LB,CT;718;719,5;>
2022-02-11;09:14:01;718,5;;20;-;-;;LB,CT;718;718,5;>
2022-02-11;09:13:58;718,5;;16;-;-;;LB,CT;718;719;>
2022-02-11;09:13:58;718;;50;-;-;;LB,CT;718;718,5;<
2022-02-11;09:13:58;718;;10;-;-;HID;DB,CT;718;718,5;<
2022-02-11;09:13:58;718;;50;-;-;;LB,CT;718;718,5;<
2022-02-11;09:13:58;718;;50;-;-;;LB,CT;718;718,5;<
2022-02-11;09:13:58;718;;8;-;-;;LB,CT;718;718,5;<
2022-02-11;09:13:58;718;;2;-;-;;LB,CT;718;718,5;<
2022-02-11;09:13:58;718;;42;-;-;;LB,CT;718;718,5;<
2022-02-11;09:13:58;718;;8;-;-;;LB,CT;718;718,5;<
2022-02-11;09:13:55;718;;30;-;-;;LB,CT;717;718;>
2022-02-11;09:13:47;718,5;;8;-;-;;LB,CT;717;719,5;>
2022-02-11;09:13:43;718;;23;-;-;;LB,CT;717;719;<
2022-02-11;09:13:43;718;;16;-;-;;LB,CT;717;719;<
2022-02-11;09:13:43;718;;59;-;-;;LB,CT;717;719;<
2022-02-11;09:13:43;718;;29;-;-;;LB,CT;717;719;<
2022-02-11;09:13:43;718;;1;-;-;;LB,CT;717;719;<
2022-02-11;09:13:31;719,5;;2;-;-;;LB,CT;718;719,5;>
2022-02-11;09:13:26;720;;3;-;-;;LB,CT;718,5;720;>
2022-02-11;09:13:26;720;;12;-;-;;LB,CT;718,5;720;>
2022-02-11;09:13:21;720;;25;-;-;;LB,CT;719;720;>
2022-02-11;09:13:21;720;;25;-;-;;LB,CT;719;720;>
2022-02-11;09:13:20;719,5;;11;-;-;;LB,CT;719;720;>
2022-02-11;09:13:20;719,5;;14;-;-;;LB,CT;719;720;>
2022-02-11;09:13:15;719,5;;25;-;-;;LB,CT;718;719,5;>
2022-02-11;09:13:08;718;;50;-;-;;LB,CT;717,5;719;>
2022-02-11;09:13:08;718;;50;-;-;;LB,CT;717,5;719;>
2022-02-11;09:13:01;716;;16;-;-;;LB,CT;714,5;716;>
2022-02-11;09:13:01;716;;10;-;-;;LB,CT;714,5;716;>
2022-02-11;09:13:00;715;;6;-;-;STRO;OB,ON,PRIC,ALGO;714,5;716;>
2022-02-11;09:13:00;715,5;;50;-;-;;LB,CT;713,5;715,5;>
2022-02-11;09:13:00;715,5;;7;-;-;;LB,CT;713,5;715,5;>
2022-02-11;09:12:56;715;;15;-;-;;LB,CT;713;715;>
2022-02-11;09:12:56;715;;6;-;-;;LB,CT;713;715;>
2022-02-11;09:12:55;715;;1;-;-;;LB,CT;713;715;<
2022-02-11;09:12:55;715;;45;-;-;;LB,CT;713;715;>
2022-02-11;09:12:55;714,5;;4;-;-;;LB,CT;713;715;>
2022-02-11;09:12:55;714,5;;1;-;-;;LB,CT;713;714,5;<
2022-02-11;09:12:49;715,5;;3;-;-;;LB,CT;714,5;715,5;>
2022-02-11;09:12:49;715,5;;121;-;-;;LB,CT;714,5;715,5;>
2022-02-11;09:12:49;715;;9;-;-;;LB,CT;714,5;715,5;>
2022-02-11;09:12:49;715;;6;-;-;;LB,CT;714,5;715,5;>
2022-02-11;09:12:36;715;;1;-;-;;LB,CT;714,5;715;>
2022-02-11;09:12:35;715;;1;-;-;;LB,CT;714,5;715;>
2022-02-11;09:12:26;715;;1;-;-;;LB,CT;714,5;715;>
2022-02-11;09:12:23;715;;1;-;-;;LB,CT;714,5;715;>
2022-02-11;09:12:21;715;;5;-;-;;LB,CT;714,5;715;>
2022-02-11;09:12:11;715;;3;-;-;;LB,CT;715;715,5;<
2022-02-11;09:12:11;715;;21;-;-;;LB,CT;715;715,5;<
2022-02-11;09:12:00;715;;2;-;-;;LB,CT;714,5;715,5;>
2022-02-11;09:12:00;715;;52;-;-;;LB,CT;714,5;715,5;>
2022-02-11;09:12:00;715;;48;-;-;;LB,CT;714,5;715,5;>
2022-02-11;09:11:49;714,5;;1;-;-;STRO;OB,ON,PRIC,ALGO;714;715;>
2022-02-11;09:11:49;714,5;;14;-;-;;LB,CT;714;714,5;>
2022-02-11;09:11:36;715;;7;-;-;;LB,CT;713;715;>
2022-02-11;09:11:36;715;;2;-;-;;LB,CT;713;715;>
2022-02-11;09:11:24;715;;3;-;-;STRO;OB,ON,PRIC,ALGO;713;715;>
2022-02-11;09:11:24;715;;21;-;-;;LB,CT;713;715;>
2022-02-11;09:11:24;715;;12;-;-;;LB,CT;713;715;>
2022-02-11;09:11:24;715;;14;-;-;;LB,CT;713;715;>
2022-02-11;09:11:24;714;;2;-;-;;LB,CT;714;715;<
2022-02-11;09:11:24;714;;1;-;-;;LB,CT;714;715;<
2022-02-11;09:11:24;714;;1;-;-;;LB,CT;714;715;<
2022-02-11;09:11:24;714,5;;14;-;-;;LB,CT;714;715;<
2022-02-11;09:11:23;715,5;;1;-;-;;LB,CT;714,5;715,5;>
2022-02-11;09:11:21;715;;6;-;-;;LB,CT;714,5;716;<
2022-02-11;09:11:21;715;;8;-;-;;LB,CT;714,5;716;<
2022-02-11;09:11:21;715;;5;-;-;;LB,CT;714,5;716;<
2022-02-11;09:11:21;715;;46;-;-;;LB,CT;714,5;716;<
2022-02-11;09:11:21;715;;1;-;-;;LB,CT;714,5;716;<
2022-02-11;09:11:21;715,5;;16;-;-;;LB,CT;715;716;<
2022-02-11;09:11:21;715,5;;14;-;-;;LB,CT;715;716;<
2022-02-11;09:11:21;715,5;;10;-;-;;LB,CT;715;716;<
2022-02-11;09:11:21;715,5;;8;-;-;;LB,CT;715;716;<
2022-02-11;09:11:11;715,5;;17;-;-;;LB,CT;715,5;717;<
2022-02-11;09:11:11;715,5;;20;-;-;;LB,CT;715,5;717;<
2022-02-11;09:11:11;717;;3;-;-;;LB,CT;715,5;717;>
2022-02-11;09:11:11;717;;2;-;-;;LB,CT;715,5;717;>
2022-02-11;09:11:05;716;;1;-;-;;LB,CT;716;717;<
2022-02-11;09:10:51;717,5;;5;-;-;;LB,CT;715,5;717,5;>
2022-02-11;09:10:46;717,5;;2;-;-;;LB,CT;715,5;717,5;>
2022-02-11;09:10:43;716;;35;-;-;;LB,CT;715,5;717,5;<
2022-02-11;09:10:42;717;;10;-;-;;LB,CT;717;718;<
2022-02-11;09:10:42;717;;50;-;-;;LB,CT;717;718;<
2022-02-11;09:10:38;718;;5;-;-;;LB,CT;717;718;>
2022-02-11;09:10:30;717,5;;6;-;-;;LB,CT;716;719;<
2022-02-11;09:10:30;717,5;;19;-;-;;LB,CT;716;719;<
2022-02-11;09:10:30;718;;3;-;-;;LB,CT;716;719;<
2022-02-11;09:10:28;719;;3;-;-;;LB,CT;718;720,5;<
2022-02-11;09:10:24;720;;34;-;-;;LB,CT;719;720;>
2022-02-11;09:10:24;720;;102;-;-;;LB,CT;719;720;>
2022-02-11;09:10:24;720;;1;-;-;;LB,CT;719;720;>
2022-02-11;09:10:24;720;;20;-;-;;LB,CT;719;720;>
2022-02-11;09:10:22;719,5;;16;-;-;;LB,CT;717,5;719,5;>
2022-02-11;09:10:22;719,5;;34;-;-;;LB,CT;717,5;719,5;>
2022-02-11;09:10:22;719,5;;9;-;-;;LB,CT;717,5;719,5;>
2022-02-11;09:10:22;719,5;;9;-;-;;LB,CT;717,5;719,5;>
2022-02-11;09:10:22;719,5;;71;-;-;;LB,CT;717,5;719,5;>
2022-02-11;09:10:22;719,5;;8;-;-;;LB,CT;717,5;719,5;>
2022-02-11;09:10:21;718,5;;18;-;-;;LB,CT;718,5;719,5;<
2022-02-11;09:10:20;719;;10;-;-;;LB,CT;718,5;719,5;<
2022-02-11;09:10:19;719;;41;-;-;;LB,CT;718;719;>
2022-02-11;09:10:19;719;;53;-;-;;LB,CT;718;719;>
2022-02-11;09:10:19;719;;5;-;-;;LB,CT;718;719;>
2022-02-11;09:10:15;719;;2;-;-;;LB,CT;718;719;>
2022-02-11;09:10:15;719;;2;-;-;;LB,CT;718;719;>
2022-02-11;09:10:04;719;;1;-;-;;LB,CT;718;719,5;<
2022-02-11;09:09:52;718,5;;14;-;-;;LB,CT;717,5;718,5;>
2022-02-11;09:09:52;718,5;;45;-;-;;LB,CT;717,5;718,5;>
2022-02-11;09:09:46;717,5;;10;-;-;;LB,CT;715,5;717,5;>
2022-02-11;09:09:45;717;;2;-;-;;LB,CT;715,5;717;>
2022-02-11;09:09:45;717;;50;-;-;;LB,CT;715,5;717;>
2022-02-11;09:09:44;716,5;;2;-;-;;LB,CT;715;716,5;>
2022-02-11;09:09:43;716,5;;3;-;-;;LB,CT;715;716,5;>
2022-02-11;09:09:43;716;;18;-;-;;LB,CT;714,5;716,5;>
2022-02-11;09:09:43;715,5;;27;-;-;;LB,CT;714,5;715,5;>
2022-02-11;09:09:41;715,5;;1;-;-;;LB,CT;714,5;715,5;>
2022-02-11;09:09:33;714,5;;15;-;-;;LB,CT;714,5;716;<
2022-02-11;09:09:33;714,5;;25;-;-;;LB,CT;714,5;716;<
2022-02-11;09:09:32;715,5;;13;-;-;;LB,CT;714,5;715,5;>
2022-02-11;09:09:29;715;;49;-;-;OTCN;OB,OF,RPRI,N;714,5;716;>
2022-02-11;09:09:26;715;;233;-;-;OTCN;OB,OF,RPRI,N;714;716;>
2022-02-11;09:09:26;715,5;;41;-;-;;LB,CT;714;716;>
2022-02-11;09:09:26;715,5;;47;-;-;;LB,CT;714;716;>
2022-02-11;09:09:26;715,5;;43;-;-;;LB,CT;714;716;>
2022-02-11;09:09:25;715;;10;-;-;;LB,CT;713;715;>
2022-02-11;09:09:25;715;;4;-;-;;LB,CT;713;715;>
2022-02-11;09:09:25;715;;30;-;-;;LB,CT;713;715;>
2022-02-11;09:09:23;714;;8;-;-;;LB,CT;712,5;714;>
2022-02-11;09:09:23;714;;20;-;-;;LB,CT;712,5;714;>
2022-02-11;09:09:23;714;;30;-;-;;LB,CT;712,5;714;>
2022-02-11;09:09:19;712,5;;1;-;-;;LB,CT;712,5;714;<
2022-02-11;09:09:16;712,5;;7;-;-;;LB,CT;712,5;714;<
2022-02-11;09:09:12;714;;12;-;-;;LB,CT;712,5;715,5;>
2022-02-11;09:09:12;714;;50;-;-;;LB,CT;712,5;715,5;>
2022-02-11;09:09:12;714;;38;-;-;;LB,CT;712,5;715,5;>
2022-02-11;09:09:12;714;;12;-;-;;LB,CT;712,5;715,5;>
2022-02-11;09:09:12;714;;11;-;-;;LB,CT;712,5;715,5;>
2022-02-11;09:09:10;713,5;;34;-;-;;LB,CT;712;713,5;>
2022-02-11;09:09:05;713;;111;-;-;;LB,CT;712;714;<
2022-02-11;09:09:05;713;;75;-;-;;LB,CT;712;714;<
2022-02-11;09:09:05;713;;5;-;-;;LB,CT;712;714;<
2022-02-11;09:09:00;714;;2;-;-;;LB,CT;713;715;<
2022-02-11;09:09:00;714;;170;-;-;;LB,CT;713;715;<
2022-02-11;09:09:00;714;;20;-;-;;LB,CT;713;715;<
2022-02-11;09:08:58;714;;19;-;-;;LB,CT;713;715,5;<
2022-02-11;09:08:50;714;;16;-;-;;LB,CT;714,5;716,5;<
2022-02-11;09:08:50;714,5;;8;-;-;;LB,CT;714,5;716,5;<
2022-02-11;09:08:50;714,5;;57;-;-;;LB,CT;714,5;716,5;<
2022-02-11;09:08:50;714,5;;800;-;-;;LB,CT;714,5;716,5;<
2022-02-11;09:08:50;715;;19;-;-;;LB,CT;715;717;<
2022-02-11;09:08:50;715;;10;-;-;;LB,CT;715;717;<
2022-02-11;09:08:50;715;;73;-;-;;LB,CT;715;717;<
2022-02-11;09:08:50;715;;1;-;-;;LB,CT;715;717;<
2022-02-11;09:08:48;715;;9;-;-;;LB,CT;715,5;717;<
2022-02-11;09:08:48;715;;1;-;-;;LB,CT;715,5;717;<
2022-02-11;09:08:48;715,5;;20;-;-;;LB,CT;715,5;717;<
2022-02-11;09:08:45;715,5;;27;-;-;;LB,CT;715;717;>
2022-02-11;09:08:44;715,5;;15;-;-;;LB,CT;715;717;>
2022-02-11;09:08:44;715,5;;22;-;-;;LB,CT;715;717;>
2022-02-11;09:08:44;715,5;;1;-;-;;LB,CT;715;715,5;>
2022-02-11;09:08:40;716;;108;-;-;CROS;PA,UA;715;717;
2022-02-11;09:08:40;716;;108;-;-;AOD;PA,UA;715;717;
2022-02-11;09:08:40;715,5;;10;-;-;;LB,CT;715,5;717;<
2022-02-11;09:08:40;715,5;;29;-;-;;LB,CT;715,5;717;<
2022-02-11;09:08:40;715,5;;1;-;-;;LB,CT;715,5;717;<
2022-02-11;09:08:35;715,5;;20;-;-;;LB,CT;715,5;717;<
2022-02-11;09:08:28;716;;6;-;-;;LB,CT;715,5;717,5;<
2022-02-11;09:08:25;716,5;;3;-;-;STRO;OB,ON,PRIC,ALGO;715,5;717;<
2022-02-11;09:08:22;716,5;;16;-;-;;LB,CT;715,5;717;<
2022-02-11;09:08:22;716,5;;14;-;-;;LB,CT;715,5;717;<
2022-02-11;09:08:22;716,5;;36;-;-;;LB,CT;715,5;717;<
2022-02-11;09:08:21;717;;3;-;-;;LB,CT;715,5;717;>
2022-02-11;09:08:20;716;;1;-;-;;LB,CT;716;717;<
2022-02-11;09:08:17;717;;4;-;-;;LB,CT;716;717;>
2022-02-11;09:08:12;716,5;;50;-;-;;LB,CT;715;716,5;>
2022-02-11;09:08:12;716,5;;20;-;-;;LB,CT;715;716,5;>
2022-02-11;09:08:12;716,5;;100;-;-;;LB,CT;715;716,5;>
2022-02-11;09:08:12;716,5;;11;-;-;;LB,CT;715;716,5;>
2022-02-11;09:08:12;716,5;;4;-;-;;LB,CT;715;716,5;>
2022-02-11;09:08:10;716;;3;-;-;STRO;OB,ON,PRIC,ALGO;714,5;717;<
2022-02-11;09:08:08;715;;208;-;-;HID;DB,CT;714,5;716;<
2022-02-11;09:08:08;715;;100;-;-;;LB,CT;714,5;716;<
2022-02-11;09:08:08;715;;100;-;-;;LB,CT;714,5;716;<
2022-02-11;09:08:08;715;;103;-;-;HID;DB,CT;714,5;716;<
2022-02-11;09:08:08;715;;39;-;-;HID;DB,CT;714,5;716;<
2022-02-11;09:08:08;715;;27;-;-;;LB,CT;714,5;716;<
2022-02-11;09:08:08;715;;5;-;-;;LB,CT;714,5;716;<
2022-02-11;09:08:08;715;;100;-;-;;LB,CT;714,5;716;<
2022-02-11;09:08:08;715;;5;-;-;;LB,CT;714,5;716;<
2022-02-11;09:08:08;715;;50;-;-;;LB,CT;714,5;716;<
2022-02-11;09:08:08;715;;5;-;-;;LB,CT;714,5;716;<
2022-02-11;09:08:08;715;;5;-;-;;LB,CT;714,5;716;<
2022-02-11;09:08:08;715;;92;-;-;;LB,CT;714,5;716;<
2022-02-11;09:08:08;715;;47;-;-;;LB,CT;714,5;716;<
2022-02-11;09:08:08;715;;7;-;-;;LB,CT;714,5;716;<
2022-02-11;09:08:08;715;;10;-;-;;LB,CT;714,5;716;<
2022-02-11;09:08:08;715;;110;-;-;;LB,CT;714,5;716;<
2022-02-11;09:08:08;715;;30;-;-;;LB,CT;714,5;716;<
2022-02-11;09:08:08;715;;20;-;-;;LB,CT;714,5;716;<
2022-02-11;09:08:07;716;;2;-;-;;LB,CT;715;717;<
2022-02-11;09:08:07;716;;48;-;-;;LB,CT;715;717;<
2022-02-11;09:08:07;716;;5;-;-;;LB,CT;715;717;<
2022-02-11;09:08:07;716;;2;-;-;;LB,CT;715;717;<
2022-02-11;09:08:07;716,5;;37;-;-;;LB,CT;716,5;718;<
2022-02-11;09:08:01;718;;4;-;-;;LB,CT;716,5;718;>
2022-02-11;09:07:59;718;;2;-;-;;LB,CT;716,5;718;>
2022-02-11;09:07:57;716,5;;13;-;-;;LB,CT;716,5;718;<
2022-02-11;09:07:56;717;;25;-;-;;LB,CT;717;718,5;<
2022-02-11;09:07:56;717;;6;-;-;;LB,CT;717;718,5;<
2022-02-11;09:07:56;718;;3;-;-;;LB,CT;717;718,5;>
2022-02-11;09:07:55;718;;6;-;-;;LB,CT;717;718;>
2022-02-11;09:07:54;717,5;;35;-;-;;LB,CT;717,5;718,5;<
2022-02-11;09:07:54;717,5;;18;-;-;;LB,CT;717,5;718,5;<
2022-02-11;09:07:54;717,5;;50;-;-;;LB,CT;717,5;718,5;<
2022-02-11;09:07:54;718;;28;-;-;;LB,CT;717,5;718,5;<
2022-02-11;09:07:54;718;;5;-;-;;LB,CT;717,5;718,5;<
2022-02-11;09:07:50;718,5;;4;-;-;;LB,CT;718;718,5;>
2022-02-11;09:07:45;718,5;;2;-;-;;LB,CT;718;718,5;>
2022-02-11;09:07:45;718,5;;5;-;-;;LB,CT;718;718,5;>
2022-02-11;09:07:44;718,5;;7;-;-;;LB,CT;718;719,5;>
2022-02-11;09:07:39;719,5;;1;-;-;;LB,CT;717,5;719;>
2022-02-11;09:07:39;719;;19;-;-;;LB,CT;717,5;719;>
2022-02-11;09:07:38;718;;25;-;-;;LB,CT;718;719;<
2022-02-11;09:07:37;719;;5;-;-;;LB,CT;718;719;>
2022-02-11;09:07:36;719;;20;-;-;;LB,CT;718;719;>
2022-02-11;09:07:36;718;;16;-;-;;LB,CT;717,5;719;<
2022-02-11;09:07:35;718;;10;-;-;;LB,CT;718;719;<
2022-02-11;09:07:35;718;;1;-;-;;LB,CT;718;719;<
2022-02-11;09:07:29;719;;1;-;-;;LB,CT;717,5;719;>
2022-02-11;09:07:29;719;;5;-;-;;LB,CT;717,5;719;>
2022-02-11;09:07:26;718;;13;-;-;;LB,CT;717;719,5;<
2022-02-11;09:07:26;718,5;;25;-;-;;LB,CT;719;720,5;<
2022-02-11;09:07:26;718,5;;49;-;-;;LB,CT;719;720,5;<
2022-02-11;09:07:26;719;;136;-;-;;LB,CT;719;720,5;<
2022-02-11;09:07:26;720,5;;1;-;-;;LB,CT;719;720,5;>
2022-02-11;09:07:23;720,5;;12;-;-;;LB,CT;719;721;>
2022-02-11;09:07:23;720,5;;17;-;-;;LB,CT;719;721;>
2022-02-11;09:07:12;718,5;;1;-;-;;LB,CT;718,5;720,5;<
2022-02-11;09:07:09;720,5;;9;-;-;;LB,CT;718,5;720,5;>
2022-02-11;09:07:03;720;;50;-;-;;LB,CT;718;720,5;<
2022-02-11;09:07:03;719;;8;-;-;;LB,CT;718;721,5;<
2022-02-11;09:07:00;722,5;;16;-;-;;LB,CT;719;722,5;>
2022-02-11;09:07:00;722;;11;-;-;;LB,CT;719;722,5;>
2022-02-11;09:06:59;721,5;;19;-;-;;LB,CT;720,5;723;>
2022-02-11;09:06:59;718,5;;44;-;-;;LB,CT;720,5;723;<
2022-02-11;09:06:59;718,5;;45;-;-;;LB,CT;720,5;723;<
2022-02-11;09:06:59;719;;14;-;-;;LB,CT;720,5;723;<
2022-02-11;09:06:59;719;;49;-;-;;LB,CT;720,5;723;<
2022-02-11;09:06:59;719;;20;-;-;;LB,CT;720,5;723;<
2022-02-11;09:06:59;719;;45;-;-;;LB,CT;720,5;723;<
2022-02-11;09:06:59;719,5;;29;-;-;;LB,CT;720,5;723;<
2022-02-11;09:06:59;720;;48;-;-;;LB,CT;720,5;723;<
2022-02-11;09:06:59;720;;56;-;-;;LB,CT;720,5;723;<
2022-02-11;09:06:59;720,5;;50;-;-;;LB,CT;720,5;723;<
2022-02-11;09:06:57;722;;46;-;-;;LB,CT;720;722;>
2022-02-11;09:06:57;722;;4;-;-;;LB,CT;720;722;>
2022-02-11;09:06:53;722;;2;-;-;;LB,CT;719,5;722;>
2022-02-11;09:06:51;722;;8;-;-;;LB,CT;719,5;722;>
2022-02-11;09:06:48;720,5;;5;-;-;;LB,CT;718,5;720,5;>
2022-02-11;09:06:48;720,5;;10;-;-;;LB,CT;718,5;720,5;>
2022-02-11;09:06:48;719,5;;11;-;-;;LB,CT;717;719,5;>
2022-02-11;09:06:48;719,5;;13;-;-;;LB,CT;717;719,5;>
2022-02-11;09:06:48;719,5;;4;-;-;;LB,CT;717;719,5;>
2022-02-11;09:06:40;719,5;;1;-;-;;LB,CT;716,5;719,5;>
2022-02-11;09:06:34;718,5;;8;-;-;;LB,CT;716,5;718,5;>
2022-02-11;09:06:34;718,5;;8;-;-;;LB,CT;716,5;718,5;>
2022-02-11;09:06:34;718,5;;4;-;-;;LB,CT;716,5;718,5;>
2022-02-11;09:06:34;718;;107;-;-;;LB,CT;716,5;718,5;>
2022-02-11;09:06:34;718;;28;-;-;;LB,CT;716,5;718,5;>
2022-02-11;09:06:34;718;;32;-;-;;LB,CT;716,5;718,5;>
2022-02-11;09:06:31;716,5;;33;-;-;;LB,CT;716;718,5;<
2022-02-11;09:06:31;716,5;;17;-;-;;LB,CT;716,5;718,5;<
2022-02-11;09:06:29;718,5;;2;-;-;;LB,CT;716;718,5;>
2022-02-11;09:06:29;718;;10;-;-;;LB,CT;716;719,5;<
2022-02-11;09:06:29;718;;10;-;-;;LB,CT;718;719,5;<
2022-02-11;09:06:29;718;;6;-;-;;LB,CT;718;719,5;<
2022-02-11;09:06:29;718;;1;-;-;;LB,CT;718;719,5;<
2022-02-11;09:06:29;718;;7;-;-;;LB,CT;718;719,5;<
2022-02-11;09:06:29;718;;6;-;-;;LB,CT;718;719,5;<
2022-02-11;09:06:29;718;;2;-;-;;LB,CT;718;719,5;<
2022-02-11;09:06:28;720;;47;-;-;;LB,CT;718;720;>
2022-02-11;09:06:28;718,5;;6;-;-;;LB,CT;718,5;720;<
2022-02-11;09:06:28;718,5;;8;-;-;;LB,CT;718,5;720;<
2022-02-11;09:06:27;719;;27;-;-;;LB,CT;718,5;720;<
2022-02-11;09:06:27;719;;50;-;-;;LB,CT;718,5;720;<
2022-02-11;09:06:23;721,5;;1;-;-;;LB,CT;718,5;721,5;>
2022-02-11;09:06:21;719;;15;-;-;;LB,CT;719;721,5;<
2022-02-11;09:06:21;720;;10;-;-;;LB,CT;721;722,5;<
2022-02-11;09:06:21;720;;75;-;-;;LB,CT;721;722,5;<
2022-02-11;09:06:21;720;;60;-;-;;LB,CT;721;722,5;<
2022-02-11;09:06:21;720;;200;-;-;;LB,CT;721;722,5;<
2022-02-11;09:06:21;721;;112;-;-;;LB,CT;721;722,5;<
2022-02-11;09:06:21;721;;103;-;-;;LB,CT;721;722,5;<
2022-02-11;09:06:21;721;;74;-;-;;LB,CT;721;722,5;<
2022-02-11;09:06:21;721;;111;-;-;;LB,CT;721;722,5;<
2022-02-11;09:06:21;721;;25;-;-;;LB,CT;721;722,5;<
2022-02-11;09:06:21;721,5;;1;-;-;;LB,CT;721,5;722,5;<
2022-02-11;09:06:21;722,5;;14;-;-;;LB,CT;721,5;722,5;>
2022-02-11;09:06:20;722;;1;-;-;;LB,CT;722,5;724;<
2022-02-11;09:06:20;722;;6;-;-;;LB,CT;722,5;724;<
2022-02-11;09:06:20;722;;1;-;-;;LB,CT;722,5;724;<
2022-02-11;09:06:20;722;;242;-;-;;LB,CT;722,5;724;<
2022-02-11;09:06:20;722;;58;-;-;;LB,CT;722,5;724;<
2022-02-11;09:06:20;722;;34;-;-;;LB,CT;722,5;724;<
2022-02-11;09:06:20;722,5;;97;-;-;;LB,CT;722,5;724;>
2022-02-11;09:06:20;722,5;;53;-;-;;LB,CT;722,5;724;<
2022-02-11;09:06:20;722,5;;50;-;-;;LB,CT;722,5;724;<
2022-02-11;09:06:19;723;;14;-;-;;LB,CT;723;724,5;<
2022-02-11;09:06:17;724,5;;1;-;-;;LB,CT;723;724,5;>
2022-02-11;09:06:15;724;;10;-;-;;LB,CT;723;724,5;<
2022-02-11;09:06:14;723,5;;20;-;-;;LB,CT;722,5;724,5;<
2022-02-11;09:06:14;723,5;;45;-;-;;LB,CT;722,5;724,5;<
2022-02-11;09:06:14;723,5;;5;-;-;;LB,CT;722,5;724,5;<
2022-02-11;09:06:14;723,5;;9;-;-;;LB,CT;722,5;724,5;<
2022-02-11;09:06:14;725;;1;-;-;;LB,CT;723,5;724;>
2022-02-11;09:06:14;724;;1;-;-;;LB,CT;723,5;724;>
2022-02-11;09:06:11;724,5;;56;-;-;;LB,CT;723,5;725;<
2022-02-11;09:06:11;724,5;;33;-;-;;LB,CT;723,5;725;<
2022-02-11;09:06:09;724,5;;17;-;-;;LB,CT;724,5;725,5;<
2022-02-11;09:06:04;724,5;;13;-;-;;LB,CT;724,5;726;<
2022-02-11;09:06:04;725,5;;110;-;-;;LB,CT;724,5;726;<
2022-02-11;09:06:04;725,5;;20;-;-;;LB,CT;724,5;726;>
2022-02-11;09:06:04;725,5;;20;-;-;;LB,CT;724,5;726;>
2022-02-11;09:06:04;725,5;;100;-;-;;LB,CT;724,5;726;>
2022-02-11;09:06:01;723,5;;1;-;-;;LB,CT;724;725,5;<
2022-02-11;09:06:01;723,5;;2;-;-;;LB,CT;724;725,5;<
2022-02-11;09:06:01;724;;1;-;-;;LB,CT;724;725,5;<
2022-02-11;09:05:58;726;;140;-;-;;LB,CT;724;726;>
2022-02-11;09:05:58;726;;20;-;-;;LB,CT;724;726;>
2022-02-11;09:05:58;725,5;;46;-;-;;LB,CT;724;726;>
2022-02-11;09:05:58;725;;43;-;-;;LB,CT;724;726;>
2022-02-11;09:05:55;723,25;;13;-;-;CROS;PA,UA;722;724,5;
2022-02-11;09:05:55;723,25;;13;-;-;AOD;PA,UA;722;724,5;
2022-02-11;09:05:55;723,5;;2;-;-;;LB,CT;722,5;724,5;>
2022-02-11;09:05:55;723,5;;26;-;-;;LB,CT;722,5;724,5;>
2022-02-11;09:05:45;722;;9;-;-;;LB,CT;722;724;<
2022-02-11;09:05:45;722;;63;-;-;;LB,CT;722;724;<
2022-02-11;09:05:45;722;;15;-;-;;LB,CT;722;724;<
2022-02-11;09:05:45;722;;7;-;-;;LB,CT;722;724;<
2022-02-11;09:05:45;723,5;;13;-;-;;LB,CT;722;724;<
2022-02-11;09:05:45;724;;60;-;-;;LB,CT;722;724;>
2022-02-11;09:05:45;723,5;;20;-;-;;LB,CT;722;724;>
2022-02-11;09:05:41;723;;5;-;-;;LB,CT;723;724,5;>
2022-02-11;09:05:41;723;;45;-;-;;LB,CT;723;724,5;<
2022-02-11;09:05:39;725;;2;-;-;;LB,CT;722;725;>
2022-02-11;09:05:39;725;;5;-;-;;LB,CT;722;724;>
2022-02-11;09:05:39;725;;10;-;-;;LB,CT;722;724;>
2022-02-11;09:05:39;725;;2;-;-;;LB,CT;722;724;>
2022-02-11;09:05:39;724;;33;-;-;;LB,CT;722;724;>
2022-02-11;09:05:34;724;;1;-;-;;LB,CT;722;724;>
2022-02-11;09:05:31;723,5;;25;-;-;;LB,CT;722;724,5;<
2022-02-11;09:05:29;723;;47;-;-;;LB,CT;723;724;>
2022-02-11;09:05:29;723;;3;-;-;;LB,CT;723;724;<
2022-02-11;09:05:29;725;;3;-;-;;LB,CT;723;725;>
2022-02-11;09:05:25;724,5;;2;-;-;;LB,CT;723;724,5;>
2022-02-11;09:05:23;722,5;;18;-;-;;LB,CT;722,5;724,5;<
2022-02-11;09:05:21;725;;19;-;-;;LB,CT;722,5;725,5;<
2022-02-11;09:05:21;725;;356;-;-;;LB,CT;722,5;725,5;<
2022-02-11;09:05:21;725;;15;-;-;;LB,CT;723;725,5;>
2022-02-11;09:05:21;725;;64;-;-;;LB,CT;723;725,5;>
2022-02-11;09:05:21;725;;10;-;-;;LB,CT;723;725,5;>
2022-02-11;09:05:21;725;;5;-;-;;LB,CT;723;725,5;>
2022-02-11;09:05:18;724,5;;5;-;-;;LB,CT;723;725;<
2022-02-11;09:05:14;725;;3;-;-;;LB,CT;722,5;725;>
2022-02-11;09:05:14;724,5;;7;-;-;;LB,CT;722,5;725;>
2022-02-11;09:05:14;724,5;;1;-;-;;LB,CT;722,5;724,5;>
2022-02-11;09:05:13;722,5;;32;-;-;;LB,CT;722,5;724,5;<
2022-02-11;09:05:13;723;;16;-;-;;LB,CT;722,5;724,5;<
2022-02-11;09:05:13;723;;2;-;-;;LB,CT;722,5;724,5;<
2022-02-11;09:05:05;724,5;;2;-;-;;LB,CT;722,5;724,5;>
2022-02-11;09:05:00;724;;15;-;-;;LB,CT;722,5;725,5;<
2022-02-11;09:04:56;726;;50;-;-;;LB,CT;723;726;>
2022-02-11;09:04:55;725;;17;-;-;STRO;OB,ON,PRIC,ALGO;722,5;726;>
2022-02-11;09:04:55;725;;33;-;-;;LB,CT;722,5;726;>
2022-02-11;09:04:53;725;;10;-;-;;LB,CT;722;725;>
2022-02-11;09:04:52;725;;8;-;-;;LB,CT;722;724;>
2022-02-11;09:04:52;724;;2;-;-;;LB,CT;722;724;>
2022-02-11;09:04:51;724;;9;-;-;;LB,CT;722;724;>
2022-02-11;09:04:51;724;;1;-;-;;LB,CT;722;724;>
2022-02-11;09:04:51;724;;10;-;-;;LB,CT;722;724;>
2022-02-11;09:04:50;724;;10;-;-;;LB,CT;721,5;724;>
2022-02-11;09:04:47;723,5;;29;-;-;STRO;OB,ON,PRIC,ALGO;721,5;724;>
2022-02-11;09:04:47;724;;21;-;-;HID;DB,CT;721,5;724;>
2022-02-11;09:04:47;724;;25;-;-;;LB,CT;721,5;724;>
2022-02-11;09:04:47;723,5;;25;-;-;;LB,CT;721,5;724;>
2022-02-11;09:04:43;723,5;;138;-;-;STRO;OB,ON,PRIC,ALGO;721,5;724;>
2022-02-11;09:04:41;724;;175;-;-;HID;DB,CT;721,5;724;>
2022-02-11;09:04:41;724;;25;-;-;;LB,CT;721,5;724;>
2022-02-11;09:04:41;722,5;;5;-;-;;LB,CT;721,5;724;<
2022-02-11;09:04:39;723,5;;25;-;-;;LB,CT;722,5;725;<
2022-02-11;09:04:34;725,5;;25;-;-;;LB,CT;723,5;726;<
2022-02-11;09:04:34;725,5;;15;-;-;;LB,CT;723,5;724,5;<
2022-02-11;09:04:34;724,5;;10;-;-;;LB,CT;723,5;724,5;>
2022-02-11;09:04:33;724,5;;90;-;-;;LB,CT;724;724,5;>
2022-02-11;09:04:33;724;;20;-;-;;LB,CT;722;724;>
2022-02-11;09:04:32;723,5;;25;-;-;;LB,CT;721;724;<
2022-02-11;09:04:30;723;;39;-;-;;LB,CT;721,5;724,5;>
2022-02-11;09:04:30;723;;61;-;-;;LB,CT;721,5;724,5;>
2022-02-11;09:04:30;722,5;;27;-;-;;LB,CT;721,5;722,5;>
2022-02-11;09:04:30;722;;13;-;-;;LB,CT;721,5;722,5;>
2022-02-11;09:04:30;721,5;;60;-;-;;LB,CT;721,5;722,5;<
2022-02-11;09:04:25;722,5;;200;-;-;;LB,CT;721;722,5;>
2022-02-11;09:04:24;721,5;;90;-;-;;LB,CT;721;722;<
2022-02-11;09:04:24;721,5;;90;-;-;;LB,CT;721;722;<
2022-02-11;09:04:24;722;;8;-;-;;LB,CT;721;722;>
2022-02-11;09:04:24;722;;8;-;-;;LB,CT;721;722;>
2022-02-11;09:04:24;722;;1;-;-;;LB,CT;721;722;>
2022-02-11;09:04:23;722;;1;-;-;;LB,CT;721,5;722;>
2022-02-11;09:04:17;722;;22;-;-;;LB,CT;719,5;721,5;>
2022-02-11;09:04:17;721,5;;50;-;-;;LB,CT;719,5;721,5;>
2022-02-11;09:04:12;722;;1;-;-;;LB,CT;719;722;>
2022-02-11;09:04:06;722,5;;13;-;-;;LB,CT;719;723;>
2022-02-11;09:04:06;722,5;;37;-;-;;LB,CT;719;723;>
2022-02-11;09:04:06;722,5;;90;-;-;;LB,CT;722,5;724,5;<
2022-02-11;09:04:06;723,5;;100;-;-;;LB,CT;722;723,5;>
2022-02-11;09:04:06;722,5;;55;-;-;;LB,CT;722;723,5;<
2022-02-11;09:04:06;723;;90;-;-;;LB,CT;722;723,5;<
2022-02-11;09:04:06;722,5;;16;-;-;;LB,CT;722;723,5;>
2022-02-11;09:04:06;722,5;;50;-;-;;LB,CT;722;723,5;>
2022-02-11;09:04:06;722;;90;-;-;;LB,CT;722;722,5;<
2022-02-11;09:04:06;722;;40;-;-;;LB,CT;722;722,5;<
2022-02-11;09:04:06;722;;50;-;-;;LB,CT;722;722,5;<
2022-02-11;09:04:04;722;;40;-;-;;LB,CT;722;722,5;<
2022-02-11;09:04:04;722;;50;-;-;;LB,CT;722;722,5;<
2022-02-11;09:04:04;722;;59;-;-;;LB,CT;722;722,5;<
2022-02-11;09:04:04;722;;31;-;-;;LB,CT;722;722,5;<
2022-02-11;09:04:04;722;;70;-;-;;LB,CT;722;722,5;<
2022-02-11;09:04:04;722;;71;-;-;;LB,CT;721;722;<
2022-02-11;09:04:04;721;;90;-;-;;LB,CT;721;722;<
2022-02-11;09:04:04;721,5;;30;-;-;;LB,CT;721;722;<
2022-02-11;09:04:04;721,5;;60;-;-;;LB,CT;721;722;<
2022-02-11;09:04:04;721,5;;60;-;-;;LB,CT;721;722;<
2022-02-11;09:04:04;721,5;;30;-;-;;LB,CT;721;722;<
2022-02-11;09:04:04;720;;45;-;-;STRO;OB,ON,PRIC,ALGO;720;722,5;>
2022-02-11;09:04:04;720;;81;-;-;;LB,CT;720;722,5;>
2022-02-11;09:04:04;720;;73;-;-;;LB,CT;720;722,5;>
2022-02-11;09:04:04;718,5;;29;-;-;;LB,CT;720;722,5;<
2022-02-11;09:04:04;719,5;;37;-;-;;LB,CT;720;722,5;<
2022-02-11;09:04:04;720;;1;-;-;;LB,CT;720;722,5;<
2022-02-11;09:03:58;721,5;;20;-;-;;LB,CT;720;723;>
2022-02-11;09:03:58;721,5;;5;-;-;;LB,CT;720;723;<
2022-02-11;09:03:56;724,5;;10;-;-;;LB,CT;721,5;724,5;>
2022-02-11;09:03:54;722;;1;-;-;;LB,CT;722;724;<
2022-02-11;09:03:54;722;;2;-;-;;LB,CT;722;724;<
2022-02-11;09:03:54;722,5;;87;-;-;;LB,CT;722;724;>
2022-02-11;09:03:54;722,5;;47;-;-;;LB,CT;722;724;<
2022-02-11;09:03:54;722,5;;25;-;-;;LB,CT;722;724;<
2022-02-11;09:03:54;723;;28;-;-;;LB,CT;722;724;<
2022-02-11;09:03:54;723;;4;-;-;;LB,CT;722;724;<
2022-02-11;09:03:54;723;;9;-;-;;LB,CT;722;724;<
2022-02-11;09:03:53;725;;1;-;-;;LB,CT;723;725;>
2022-02-11;09:03:52;725;;10;-;-;;LB,CT;723;725;>
2022-02-11;09:03:50;723,5;;10;-;-;;LB,CT;723;725;>
2022-02-11;09:03:50;725,5;;1;-;-;STRO;OB,ON,PRIC,ALGO;723;726;<
2022-02-11;09:03:49;725;;1;-;-;;LB,CT;723;725,5;<
2022-02-11;09:03:49;724;;14;-;-;;LB,CT;723;725,5;<
2022-02-11;09:03:49;724;;41;-;-;;LB,CT;723;725,5;<
2022-02-11;09:03:49;724,5;;12;-;-;;LB,CT;723;725,5;<
2022-02-11;09:03:37;725,5;;34;-;-;STRO;OB,ON,PRIC,ALGO;724;726;<
2022-02-11;09:03:35;725,5;;1;-;-;STRO;OB,ON,PRIC,ALGO;725;726;<
2022-02-11;09:03:35;725,5;;90;-;-;;LB,CT;725;726;<
2022-02-11;09:03:29;726;;3;-;-;;LB,CT;724;726;>
2022-02-11;09:03:28;726;;4;-;-;;LB,CT;723,5;726;>
2022-02-11;09:03:28;726;;1;-;-;;LB,CT;723,5;726;>
2022-02-11;09:03:21;723,5;;25;-;-;;LB,CT;723,5;727,5;<
2022-02-11;09:03:21;724;;48;-;-;;LB,CT;723,5;727,5;>
2022-02-11;09:03:21;727;;25;-;-;;LB,CT;725,5;728,5;<
2022-02-11;09:03:20;728;;25;-;-;;LB,CT;723,5;728;>
2022-02-11;09:03:20;726,5;;42;-;-;;LB,CT;723,5;728,5;<
2022-02-11;09:03:19;728,5;;10;-;-;;LB,CT;723,5;727,5;>
2022-02-11;09:03:19;727,5;;56;-;-;;LB,CT;723,5;727,5;>
2022-02-11;09:03:19;727,5;;20;-;-;;LB,CT;723,5;727,5;>
2022-02-11;09:03:19;724,5;;5;-;-;;LB,CT;723,5;728;<
2022-02-11;09:03:19;725;;25;-;-;;LB,CT;723,5;728;<
2022-02-11;09:03:18;728;;50;-;-;;LB,CT;725;728,5;<
2022-02-11;09:03:18;727,5;;48;-;-;;LB,CT;727,5;730;<
2022-02-11;09:03:18;727,5;;63;-;-;;LB,CT;727,5;730;<
2022-02-11;09:03:17;729,5;;125;-;-;;LB,CT;726,5;729,5;>
2022-02-11;09:03:17;728;;411;-;-;;LB,CT;726;728;>
2022-02-11;09:03:15;726;;50;-;-;;LB,CT;723,5;727,5;>
2022-02-11;09:03:13;726,5;;42;-;-;;LB,CT;724;727;>
2022-02-11;09:03:13;725,5;;58;-;-;;LB,CT;724;727;>
2022-02-11;09:03:13;725;;10;-;-;;LB,CT;720,5;724;>
2022-02-11;09:03:13;725;;7;-;-;;LB,CT;720,5;724;>
2022-02-11;09:03:13;725;;1;-;-;;LB,CT;720,5;724;>
2022-02-11;09:03:13;724,5;;45;-;-;;LB,CT;720,5;724;>
2022-02-11;09:03:13;724,5;;50;-;-;;LB,CT;720,5;724;>
2022-02-11;09:03:13;724;;24;-;-;;LB,CT;720,5;724;>
2022-02-11;09:03:13;724;;1;-;-;;LB,CT;720,5;724;>
2022-02-11;09:03:12;723,5;;7;-;-;;LB,CT;721;724;>
2022-02-11;09:03:12;723,5;;120;-;-;;LB,CT;721;724;>
2022-02-11;09:03:12;723,5;;1;-;-;;LB,CT;721;724;>
2022-02-11;09:03:12;723,5;;10;-;-;;LB,CT;721;724;>
2022-02-11;09:03:12;723,5;;2;-;-;;LB,CT;721;724;>
2022-02-11;09:03:12;723,5;;1;-;-;;LB,CT;721;724;>
2022-02-11;09:03:12;723,5;;2;-;-;;LB,CT;721;724;>
2022-02-11;09:03:12;723,5;;519;-;-;;LB,CT;721;724;>
2022-02-11;09:03:12;723,5;;34;-;-;;LB,CT;721;724;>
2022-02-11;09:03:12;723,5;;2;-;-;;LB,CT;721;724;>
2022-02-11;09:03:12;723,5;;10;-;-;;LB,CT;721;724;>
2022-02-11;09:03:12;723,5;;5;-;-;;LB,CT;721;724;>
2022-02-11;09:03:12;723,5;;2;-;-;;LB,CT;721;724;>
2022-02-11;09:03:12;723,5;;18;-;-;;LB,CT;721;724;>
2022-02-11;09:03:12;723,5;;41;-;-;;LB,CT;721;724;>
2022-02-11;09:03:12;723,5;;3;-;-;;LB,CT;721;724;>
2022-02-11;09:03:12;723,5;;10;-;-;;LB,CT;721;724;>
2022-02-11;09:03:11;722;;138;-;-;;LB,CT;719,5;722;>
2022-02-11;09:03:11;722;;50;-;-;;LB,CT;719,5;722;>
2022-02-11;09:03:11;721,5;;33;-;-;;LB,CT;719,5;721,5;>
2022-02-11;09:03:11;721,5;;27;-;-;;LB,CT;719,5;721,5;>
2022-02-11;09:03:10;719,5;;10;-;-;;LB,CT;719,5;722;<
2022-02-11;09:03:10;719,5;;20;-;-;;LB,CT;719,5;722;<
2022-02-11;09:03:09;720,5;;120;-;-;;LB,CT;717,5;720,5;>
2022-02-11;09:03:09;720,5;;58;-;-;;LB,CT;717,5;720,5;>
2022-02-11;09:03:09;720,5;;67;-;-;;LB,CT;717,5;720,5;>
2022-02-11;09:03:09;719;;10;-;-;;LB,CT;717,5;720,5;>
2022-02-11;09:03:09;719;;200;-;-;;LB,CT;717,5;720,5;>
2022-02-11;09:03:09;718,5;;127;-;-;;LB,CT;717,5;720,5;>
2022-02-11;09:03:09;718,5;;20;-;-;;LB,CT;717,5;720,5;>
2022-02-11;09:03:09;718,5;;56;-;-;;LB,CT;717,5;720,5;>
2022-02-11;09:03:03;718;;15;-;-;STRO;OB,ON,PRIC,ALGO;716;718,5;>
2022-02-11;09:03:00;718;;27;-;-;;LB,CT;715,5;718,5;>
2022-02-11;09:02:59;718;;5;-;-;;LB,CT;715;718;>
2022-02-11;09:02:58;718;;41;-;-;;LB,CT;715;718;>
2022-02-11;09:02:58;718;;9;-;-;;LB,CT;715;718;>
2022-02-11;09:02:55;717;;20;-;-;;LB,CT;715;718;<
2022-02-11;09:02:53;716;;25;-;-;;LB,CT;715;718;>
2022-02-11;09:02:53;716,5;;22;-;-;;LB,CT;715;718;<
2022-02-11;09:02:53;718;;239;-;-;;LB,CT;716;718;<
2022-02-11;09:02:53;718;;11;-;-;;LB,CT;716;718;>
2022-02-11;09:02:52;718;;2;-;-;;LB,CT;716;718;>
2022-02-11;09:02:45;718,5;;48;-;-;;LB,CT;716;718,5;>
2022-02-11;09:02:45;718,5;;2;-;-;;LB,CT;716;718,5;>
2022-02-11;09:02:42;718,5;;14;-;-;;LB,CT;715;718;>
2022-02-11;09:02:42;718;;57;-;-;;LB,CT;715;718;>
2022-02-11;09:02:42;718;;10;-;-;;LB,CT;715;718;>
2022-02-11;09:02:42;718;;9;-;-;;LB,CT;715;718;>
2022-02-11;09:02:42;718;;10;-;-;;LB,CT;715;718;>
2022-02-11;09:02:25;715;;1;-;-;;LB,CT;714,5;715;>
2022-02-11;09:02:25;715;;9;-;-;;LB,CT;715;718;<
2022-02-11;09:02:24;715;;1;-;-;;LB,CT;715;716,5;<
2022-02-11;09:02:24;715;;1;-;-;;LB,CT;715;716,5;<
2022-02-11;09:02:24;715;;1;-;-;;LB,CT;715;716,5;<
2022-02-11;09:02:24;716,5;;1;-;-;;LB,CT;715;716,5;>
2022-02-11;09:02:23;715,5;;1;-;-;;LB,CT;715,5;717,5;<
2022-02-11;09:02:16;718;;3;-;-;;LB,CT;715,5;718,5;<
2022-02-11;09:02:15;717;;61;-;-;;LB,CT;717;719;<
2022-02-11;09:02:14;719;;6;-;-;;LB,CT;717;719;>
2022-02-11;09:02:11;719;;10;-;-;;LB,CT;717;719;>
2022-02-11;09:02:04;717,5;;35;-;-;;LB,CT;717;720;>
2022-02-11;09:02:04;717,5;;103;-;-;;LB,CT;717;720;>
2022-02-11;09:02:04;718;;14;-;-;;LB,CT;717;720;>
2022-02-11;09:02:04;718;;16;-;-;STRO;OB,ON,PRIC,ALGO;718;720;<
2022-02-11;09:02:04;717;;103;-;-;HID;DB,CT;718;720;<
2022-02-11;09:02:04;717;;132;-;-;;LB,CT;718;720;<
2022-02-11;09:02:04;717;;84;-;-;;LB,CT;718;720;<
2022-02-11;09:02:04;717;;48;-;-;;LB,CT;718;720;<
2022-02-11;09:02:04;718;;10;-;-;;LB,CT;718;720;<
2022-02-11;09:02:03;718,5;;14;-;-;;LB,CT;718;720;<
2022-02-11;09:01:57;719,5;;46;-;-;;LB,CT;718,5;719,5;>
2022-02-11;09:01:57;719;;200;-;-;;LB,CT;718,5;719,5;<
2022-02-11;09:01:57;719,5;;19;-;-;;LB,CT;718,5;719,5;>
2022-02-11;09:01:50;719;;5;-;-;;LB,CT;718;721;>
2022-02-11;09:01:50;719,5;;2;-;-;;LB,CT;718;719,5;>
2022-02-11;09:01:49;719;;1;-;-;;LB,CT;719;722;<
2022-02-11;09:01:49;719;;50;-;-;;LB,CT;719;722;<
2022-02-11;09:01:48;722;;5;-;-;;LB,CT;720;723;<
2022-02-11;09:01:48;722;;85;-;-;;LB,CT;720;723;<
2022-02-11;09:01:48;722;;10;-;-;;LB,CT;720;723;>
2022-02-11;09:01:44;722;;12;-;-;STRO;OB,ON,PRIC,ALGO;719,5;723;<
2022-02-11;09:01:38;721,5;;5;-;-;;LB,CT;717,5;722,5;<
2022-02-11;09:01:38;718;;15;-;-;STRO;OB,ON,PRIC,ALGO;717,5;722;<
2022-02-11;09:01:38;719;;200;-;-;;LB,CT;717,5;722;<
2022-02-11;09:01:38;719,5;;25;-;-;;LB,CT;717,5;722;<
2022-02-11;09:01:38;720;;23;-;-;;LB,CT;717,5;722;<
2022-02-11;09:01:38;721;;36;-;-;;LB,CT;717,5;722;<
2022-02-11;09:01:38;721;;1;-;-;;LB,CT;717,5;722;<
2022-02-11;09:01:38;722;;47;-;-;;LB,CT;721;723;>
2022-02-11;09:01:36;722,5;;7;-;-;;LB,CT;719;722,5;>
2022-02-11;09:01:36;722,5;;13;-;-;;LB,CT;719;722,5;>
2022-02-11;09:01:36;721,5;;67;-;-;;LB,CT;719;722,5;<
2022-02-11;09:01:36;721,5;;2;-;-;;LB,CT;719;722,5;<
2022-02-11;09:01:36;722;;991;-;-;;LB,CT;719;722,5;>
2022-02-11;09:01:35;722;;9;-;-;;LB,CT;718;721,5;>
2022-02-11;09:01:35;722;;4;-;-;;LB,CT;718;721,5;>
2022-02-11;09:01:35;721,5;;49;-;-;;LB,CT;718;721,5;>
2022-02-11;09:01:35;721,5;;7;-;-;;LB,CT;718;721,5;>
2022-02-11;09:01:34;717,5;;15;-;-;;LB,CT;718;721;<
2022-02-11;09:01:34;718;;11;-;-;;LB,CT;718;721;<
2022-02-11;09:01:34;718,5;;20;-;-;;LB,CT;718;721;<
2022-02-11;09:01:31;720;;50;-;-;;LB,CT;717,5;720;>
2022-02-11;09:01:31;720;;50;-;-;;LB,CT;717,5;720;>
2022-02-11;09:01:31;720;;27;-;-;;LB,CT;717,5;720;>
2022-02-11;09:01:30;719;;134;-;-;;LB,CT;716,5;719;>
2022-02-11;09:01:30;719;;66;-;-;;LB,CT;716,5;719;>
2022-02-11;09:01:30;719;;65;-;-;;LB,CT;716,5;719;>
2022-02-11;09:01:28;718,5;;37;-;-;;LB,CT;716;718;>
2022-02-11;09:01:28;718;;50;-;-;;LB,CT;716;718;>
2022-02-11;09:01:28;718;;39;-;-;;LB,CT;716;718;>
2022-02-11;09:01:27;717;;100;-;-;;LB,CT;716;718;>
2022-02-11;09:01:27;717;;15;-;-;;LB,CT;716;718;>
2022-02-11;09:01:26;715,5;;13;-;-;;LB,CT;713,5;717;>
2022-02-11;09:01:24;715;;28;-;-;;LB,CT;713,5;715,5;>
2022-02-11;09:01:24;715;;27;-;-;;LB,CT;713,5;715,5;>
2022-02-11;09:01:24;714,5;;5;-;-;;LB,CT;713,5;715,5;<
2022-02-11;09:01:15;713;;11;-;-;STRO;OB,ON,PRIC,ALGO;712;715,5;>
2022-02-11;09:01:15;713;;41;-;-;;LB,CT;712;715,5;>
2022-02-11;09:01:15;713;;27;-;-;;LB,CT;713,5;715,5;<
2022-02-11;09:01:15;713;;10;-;-;;LB,CT;713,5;715,5;<
2022-02-11;09:01:15;713,5;;50;-;-;;LB,CT;713,5;715,5;<
2022-02-11;09:01:15;715;;28;-;-;;LB,CT;712,5;715;>
2022-02-11;09:01:15;715;;5;-;-;;LB,CT;712,5;715;>
2022-02-11;09:01:11;713,5;;19;-;-;;LB,CT;713;715;>
2022-02-11;09:01:11;713,5;;33;-;-;;LB,CT;713;715;<
2022-02-11;09:01:11;713,5;;48;-;-;;LB,CT;713;715;<
2022-02-11;09:01:11;713,5;;19;-;-;;LB,CT;713;715;<
2022-02-11;09:01:11;714;;122;-;-;;LB,CT;713;715;>
2022-02-11;09:01:10;715;;21;-;-;;LB,CT;712;714,5;>
2022-02-11;09:01:10;714,5;;35;-;-;;LB,CT;712;714,5;>
2022-02-11;09:01:10;714,5;;2;-;-;;LB,CT;712;714,5;>
2022-02-11;09:01:08;714;;1;-;-;;LB,CT;711,5;714;>
2022-02-11;09:01:08;713,5;;41;-;-;;LB,CT;711,5;713,5;>
2022-02-11;09:01:08;713;;25;-;-;;LB,CT;711,5;713,5;<
2022-02-11;09:01:07;711,5;;40;-;-;;LB,CT;711,5;713,5;<
2022-02-11;09:01:07;711,5;;40;-;-;;LB,CT;711,5;713,5;<
2022-02-11;09:01:07;711,5;;43;-;-;HID;DB,CT;711,5;713,5;<
2022-02-11;09:01:07;711,5;;40;-;-;;LB,CT;711,5;713,5;<
2022-02-11;09:01:07;711,5;;52;-;-;HID;DB,CT;712;714,5;<
2022-02-11;09:01:07;711,5;;12;-;-;HID;DB,CT;712;714,5;<
2022-02-11;09:01:07;711,5;;1;-;-;;LB,CT;712;714,5;<
2022-02-11;09:01:07;711,5;;70;-;-;;LB,CT;712;714,5;<
2022-02-11;09:01:07;711,5;;4;-;-;;LB,CT;712;714,5;<
2022-02-11;09:01:07;711,5;;27;-;-;;LB,CT;712;714,5;<
2022-02-11;09:01:07;712;;30;-;-;;LB,CT;712;714,5;<
2022-02-11;09:01:07;712;;46;-;-;;LB,CT;712;714,5;<
2022-02-11;09:01:07;712;;28;-;-;;LB,CT;712;714,5;<
2022-02-11;09:01:03;715;;13;-;-;;LB,CT;712;715;>
2022-02-11;09:01:01;715;;5;-;-;;LB,CT;712;715;>
2022-02-11;09:01:01;715;;5;-;-;;LB,CT;712;715;>
2022-02-11;09:00:56;711,5;;13;-;-;;LB,CT;712,5;715;<
2022-02-11;09:00:56;712;;29;-;-;;LB,CT;712,5;715;<
2022-02-11;09:00:56;712;;13;-;-;;LB,CT;712,5;715;<
2022-02-11;09:00:56;712,5;;20;-;-;;LB,CT;712,5;715;<
2022-02-11;09:00:56;712,5;;25;-;-;;LB,CT;712,5;715;<
2022-02-11;09:00:54;715;;20;-;-;;LB,CT;712;715;>
2022-02-11;09:00:53;712;;20;-;-;;LB,CT;712;715;<
2022-02-11;09:00:53;712;;7;-;-;;LB,CT;712;715;<
2022-02-11;09:00:53;714;;6;-;-;;LB,CT;712;715;>
2022-02-11;09:00:53;714,5;;12;-;-;;LB,CT;712;715;>
2022-02-11;09:00:53;714,5;;15;-;-;;LB,CT;712;715;>
2022-02-11;09:00:45;713;;129;-;-;;LB,CT;713;716,5;<
2022-02-11;09:00:45;713;;14;-;-;;LB,CT;713;716,5;<
2022-02-11;09:00:45;713;;17;-;-;;LB,CT;714;717;<
2022-02-11;09:00:45;713,5;;9;-;-;;LB,CT;714;717;<
2022-02-11;09:00:45;713,5;;25;-;-;;LB,CT;714;717;<
2022-02-11;09:00:45;714;;27;-;-;;LB,CT;714;717;<
2022-02-11;09:00:45;714;;72;-;-;;LB,CT;714;717;<
2022-02-11;09:00:44;716,5;;7;-;-;;LB,CT;714;716,5;>
2022-02-11;09:00:44;716,5;;18;-;-;;LB,CT;714;716,5;>
2022-02-11;09:00:44;716,5;;59;-;-;;LB,CT;714;716,5;>
2022-02-11;09:00:42;716;;41;-;-;;LB,CT;713;716,5;>
2022-02-11;09:00:42;716;;53;-;-;;LB,CT;713;716,5;>
2022-02-11;09:00:40;715;;2;-;-;;LB,CT;712;715;>
2022-02-11;09:00:40;715;;50;-;-;;LB,CT;712;715;>
2022-02-11;09:00:40;715;;2002;-;-;;LB,CT;712;715;>
2022-02-11;09:00:40;715;;77;-;-;;LB,CT;712;715;>
2022-02-11;09:00:40;715;;464;-;-;;LB,CT;712;715;>
2022-02-11;09:00:40;715;;52;-;-;;LB,CT;712;715;>
2022-02-11;09:00:40;715;;145;-;-;;LB,CT;712;715;>
2022-02-11;09:00:40;714,5;;55;-;-;;LB,CT;712;715;<
2022-02-11;09:00:39;714;;29;-;-;;LB,CT;711,5;714;>
2022-02-11;09:00:39;714;;15;-;-;;LB,CT;711,5;714;>
2022-02-11;09:00:39;714;;8;-;-;;LB,CT;711,5;714;>
2022-02-11;09:00:39;714;;2;-;-;;LB,CT;711,5;714;>
2022-02-11;09:00:27;714,5;;11;-;-;;LB,CT;709,5;714,5;>
2022-02-11;09:00:26;710;;38;-;-;;LB,CT;706;710;>
2022-02-11;09:00:24;708,5;;11;-;-;;LB,CT;705,5;710;<
2022-02-11;09:00:24;708,5;;30;-;-;;LB,CT;705,5;710;<
2022-02-11;09:00:23;706,5;;30;-;-;;LB,CT;705,5;711;>
2022-02-11;09:00:23;709;;8;-;-;;LB,CT;704,5;709;>
2022-02-11;09:00:23;709;;39;-;-;;LB,CT;704,5;709;>
2022-02-11;09:00:23;709;;10;-;-;;LB,CT;704,5;709;>
2022-02-11;09:00:23;708,5;;46;-;-;;LB,CT;704,5;707;>
2022-02-11;09:00:23;707;;5;-;-;;LB,CT;704,5;707;>
2022-02-11;09:00:23;706,5;;49;-;-;;LB,CT;704,5;707;>
2022-02-11;09:00:23;705,5;;40;-;-;;LB,CT;704,5;707;>
2022-02-11;09:00:23;705,5;;6;-;-;;LB,CT;704,5;707;>
2022-02-11;09:00:23;704,5;;10;-;-;;LB,CT;704,5;707;>
2022-02-11;09:00:23;705;;74;-;-;;LB,CT;704,5;707;>
2022-02-11;09:00:22;704;;22;-;-;;LB,CT;704;705,5;<
2022-02-11;09:00:22;704;;50;-;-;;LB,CT;704;705,5;<
2022-02-11;09:00:21;703;;9;-;-;;LB,CT;703;705,5;<
2022-02-11;09:00:21;703;;5;-;-;;LB,CT;703;705,5;<
2022-02-11;09:00:21;704;;32;-;-;;LB,CT;705;705,5;<
2022-02-11;09:00:21;704;;12;-;-;;LB,CT;705;705,5;<
2022-02-11;09:00:21;705;;5;-;-;;LB,CT;705;705,5;<
2022-02-11;09:00:21;705;;2;-;-;;LB,CT;705;705,5;<
2022-02-11;09:00:21;705;;38;-;-;;LB,CT;705;705,5;<
2022-02-11;09:00:15;708,5;;2;-;-;;LB,CT;705,5;708,5;>
2022-02-11;09:00:13;709;;70;-;-;;LB,CT;705,5;708,5;>
2022-02-11;09:00:13;707;;1;-;-;;LB,CT;705,5;708,5;<
2022-02-11;09:00:13;707;;158;-;-;;LB,CT;705,5;708,5;<
2022-02-11;09:00:13;707,5;;200;-;-;;LB,CT;705,5;708,5;<
2022-02-11;09:00:13;708;;98;-;-;;LB,CT;705,5;708,5;<
2022-02-11;09:00:13;709;;1;-;-;;LB,CT;705,5;708,5;<
2022-02-11;09:00:04;711;;8;-;-;STRO;OB,ON,PRIC,ALGO;709;710,5;>
2022-02-11;09:00:08;710,5;;35;-;-;;LB,CT;709;710,5;>
2022-02-11;09:00:08;710,5;;20;-;-;;LB,CT;709;710,5;>
2022-02-11;09:00:03;715;;1;-;-;CROS;LB,OA;709;710,5;>
2022-02-11;09:00:03;715;;100;-;-;CROS;LB,OA;709;710,5;>
2022-02-11;09:00:03;715;;1;-;-;CROS;LB,OA;709;710,5;>
2022-02-11;09:00:03;715;;14;-;-;CROS;LB,OA;709;710,5;>
2022-02-11;09:00:03;715;;3;-;-;CROS;LB,OA;709;710,5;>
2022-02-11;09:00:03;715;;2;-;-;CROS;LB,OA;709;710,5;>
2022-02-11;09:00:03;715;;1;-;-;CROS;LB,OA;709;710,5;>
2022-02-11;09:00:03;715;;8;-;-;CROS;LB,OA;709;710,5;>
2022-02-11;09:00:03;715;;3;-;-;CROS;LB,OA;709;710,5;>
2022-02-11;09:00:03;715;;1;-;-;CROS;LB,OA;709;710,5;>
2022-02-11;09:00:03;715;;25;-;-;CROS;LB,OA;709;710,5;>
2022-02-11;09:00:03;715;;89;-;-;CROS;LB,OA;709;710,5;>
2022-02-11;09:00:03;715;;18;-;-;CROS;LB,OA;709;710,5;>
2022-02-11;09:00:03;715;;500;-;-;CROS;LB,OA;709;710,5;>
2022-02-11;09:00:03;715;;60;-;-;CROS;LB,OA;709;710,5;>
2022-02-11;09:00:03;715;;13;-;-;CROS;LB,OA;709;710,5;>
2022-02-11;09:00:03;715;;18;-;-;CROS;LB,OA;709;710,5;>
2022-02-11;09:00:03;715;;35;-;-;CROS;LB,OA;709;710,5;>
2022-02-11;09:00:03;715;;36;-;-;CROS;LB,OA;709;710,5;>
2022-02-11;09:00:03;715;;23;-;-;CROS;LB,OA;709;710,5;>
2022-02-11;09:00:03;715;;169;-;-;CROS;LB,OA;709;710,5;>
2022-02-11;09:00:03;715;;258;-;-;CROS;LB,OA;709;710,5;>
2022-02-11;09:00:03;715;;43;-;-;CROS;LB,OA;709;710,5;>
2022-02-11;09:00:03;715;;7;-;-;CROS;LB,OA;709;710,5;>
2022-02-11;09:00:03;715;;1;-;-;CROS;LB,OA;709;710,5;>
2022-02-11;09:00:03;715;;4;-;-;CROS;LB,OA;709;710,5;>
2022-02-11;09:00:03;715;;2;-;-;CROS;LB,OA;709;710,5;>
2022-02-11;09:00:03;715;;4;-;-;CROS;LB,OA;709;710,5;>
2022-02-11;09:00:03;715;;5;-;-;CROS;LB,OA;709;710,5;>
2022-02-11;09:00:03;715;;7;-;-;CROS;LB,OA;709;710,5;>
2022-02-11;09:00:03;715;;1;-;-;CROS;LB,OA;709;710,5;>
2022-02-11;09:00:03;715;;44;-;-;CROS;LB,OA;709;710,5;>
2022-02-11;09:00:03;715;;6;-;-;CROS;LB,OA;709;710,5;>
2022-02-11;09:00:03;715;;13;-;-;CROS;LB,OA;709;710,5;>
2022-02-11;09:00:03;715;;1;-;-;CROS;LB,OA;709;710,5;>
2022-02-11;09:00:03;715;;3;-;-;CROS;LB,OA;709;710,5;>
2022-02-11;09:00:03;715;;2;-;-;CROS;LB,OA;709;710,5;>
2022-02-11;09:00:03;715;;5;-;-;CROS;LB,OA;709;710,5;>
2022-02-11;09:00:03;715;;15;-;-;CROS;LB,OA;709;710,5;>
2022-02-11;09:00:03;715;;61;-;-;CROS;LB,OA;709;710,5;>
2022-02-11;09:00:03;715;;7;-;-;CROS;LB,OA;709;710,5;>
2022-02-11;09:00:03;715;;1;-;-;CROS;LB,OA;709;710,5;>
2022-02-11;09:00:03;715;;5;-;-;CROS;LB,OA;709;710,5;>
2022-02-11;09:00:03;715;;10;-;-;CROS;LB,OA;709;710,5;>
2022-02-11;09:00:03;715;;2;-;-;CROS;LB,OA;709;710,5;>
2022-02-11;09:00:03;715;;10;-;-;CROS;LB,OA;709;710,5;>
2022-02-11;09:00:03;715;;13;-;-;CROS;LB,OA;709;710,5;>
2022-02-11;09:00:03;715;;3;-;-;CROS;LB,OA;709;710,5;>
2022-02-11;09:00:03;715;;9;-;-;CROS;LB,OA;709;710,5;>
2022-02-11;09:00:03;715;;16;-;-;CROS;LB,OA;709;710,5;>
2022-02-11;09:00:03;715;;10;-;-;CROS;LB,OA;709;710,5;>
2022-02-11;09:00:03;715;;2;-;-;CROS;LB,OA;709;710,5;>
2022-02-11;09:00:03;715;;23;-;-;CROS;LB,OA;709;710,5;>
2022-02-11;09:00:03;715;;2;-;-;CROS;LB,OA;709;710,5;>
2022-02-11;09:00:03;715;;1;-;-;CROS;LB,OA;709;710,5;>
2022-02-11;09:00:03;715;;1;-;-;CROS;LB,OA;709;710,5;>
2022-02-11;09:00:03;715;;14;-;-;CROS;LB,OA;709;710,5;>
2022-02-11;09:00:03;715;;2;-;-;CROS;LB,OA;709;710,5;>
2022-02-11;09:00:03;715;;1;-;-;CROS;LB,OA;709;710,5;>
2022-02-11;09:00:03;715;;24;-;-;CROS;LB,OA;709;710,5;>
2022-02-11;09:00:03;715;;4;-;-;CROS;LB,OA;709;710,5;>
2022-02-11;09:00:03;715;;6;-;-;CROS;LB,OA;709;710,5;>
2022-02-11;09:00:03;715;;3;-;-;CROS;LB,OA;709;710,5;>
2022-02-11;09:00:03;715;;15;-;-;CROS;LB,OA;709;710,5;>
2022-02-11;09:00:03;715;;1;-;-;CROS;LB,OA;709;710,5;>
2022-02-11;09:00:03;715;;2;-;-;CROS;LB,OA;709;710,5;>
2022-02-11;09:00:03;715;;50;-;-;CROS;LB,OA;709;710,5;>
2022-02-11;09:00:03;715;;15;-;-;CROS;LB,OA;709;710,5;>
2022-02-11;09:00:03;715;;1;-;-;CROS;LB,OA;709;710,5;>
2022-02-11;09:00:03;715;;10;-;-;CROS;LB,OA;709;710,5;>
2022-02-11;09:00:03;715;;10;-;-;CROS;LB,OA;709;710,5;>
2022-02-11;09:00:03;715;;30;-;-;CROS;LB,OA;709;710,5;>
2022-02-11;09:00:03;715;;20;-;-;CROS;LB,OA;709;710,5;>
2022-02-11;09:00:03;715;;2;-;-;CROS;LB,OA;709;710,5;>
2022-02-11;09:00:03;715;;5;-;-;CROS;LB,OA;709;710,5;>
2022-02-11;09:00:03;715;;3;-;-;CROS;LB,OA;709;710,5;>
2022-02-11;09:00:03;715;;7;-;-;CROS;LB,OA;709;710,5;>
2022-02-11;09:00:03;715;;50;-;-;CROS;LB,OA;709;710,5;>
2022-02-11;09:00:03;715;;2;-;-;CROS;LB,OA;709;710,5;>
2022-02-11;09:00:03;715;;15;-;-;CROS;LB,OA;709;710,5;>
2022-02-11;09:00:03;715;;2;-;-;CROS;LB,OA;709;710,5;>
2022-02-11;09:00:03;715;;40;-;-;CROS;LB,OA;709;710,5;>
2022-02-11;09:00:03;715;;4;-;-;CROS;LB,OA;709;710,5;>
2022-02-11;09:00:03;715;;3;-;-;CROS;LB,OA;709;710,5;>
2022-02-11;09:00:03;715;;10;-;-;CROS;LB,OA;709;710,5;>
2022-02-11;09:00:03;715;;4;-;-;CROS;LB,OA;709;710,5;>
2022-02-11;09:00:03;715;;3;-;-;CROS;LB,OA;709;710,5;>
2022-02-11;09:00:03;715;;4;-;-;CROS;LB,OA;709;710,5;>
2022-02-11;09:00:03;715;;250;-;-;CROS;LB,OA;709;710,5;>
2022-02-11;09:00:03;715;;130;-;-;CROS;LB,OA;709;710,5;>
2022-02-11;09:00:03;715;;15;-;-;CROS;LB,OA;709;710,5;>
2022-02-11;09:00:03;715;;5;-;-;CROS;LB,OA;709;710,5;>
2022-02-11;09:00:03;715;;2;-;-;CROS;LB,OA;709;710,5;>
2022-02-11;09:00:03;715;;2;-;-;CROS;LB,OA;709;710,5;>
2022-02-11;09:00:03;715;;75;-;-;CROS;LB,OA;709;710,5;>
2022-02-11;09:00:03;715;;3;-;-;CROS;LB,OA;709;710,5;>
2022-02-11;09:00:03;715;;17;-;-;CROS;LB,OA;709;710,5;>
2022-02-11;09:00:03;715;;3;-;-;CROS;LB,OA;709;710,5;>
2022-02-11;09:00:03;715;;7;-;-;CROS;LB,OA;709;710,5;>
2022-02-11;09:00:03;715;;1;-;-;CROS;LB,OA;709;710,5;>
2022-02-11;09:00:03;715;;14;-;-;CROS;LB,OA;709;710,5;>
2022-02-11;09:00:03;715;;3;-;-;CROS;LB,OA;709;710,5;>
2022-02-11;09:00:03;715;;17;-;-;CROS;LB,OA;709;710,5;>
2022-02-11;09:00:03;715;;3;-;-;CROS;LB,OA;709;710,5;>
2022-02-11;09:00:03;715;;3;-;-;CROS;LB,OA;709;710,5;>
2022-02-11;09:00:03;715;;13;-;-;CROS;LB,OA;709;710,5;>
2022-02-11;09:00:03;715;;3;-;-;CROS;LB,OA;709;710,5;>
2022-02-11;09:00:03;715;;2;-;-;CROS;LB,OA;709;710,5;>
2022-02-11;09:00:03;715;;1;-;-;CROS;LB,OA;709;710,5;>
2022-02-11;09:00:03;715;;28;-;-;CROS;LB,OA;709;710,5;>
2022-02-11;09:00:03;715;;2;-;-;CROS;LB,OA;709;710,5;>
2022-02-11;09:00:03;715;;3;-;-;CROS;LB,OA;709;710,5;>
2022-02-11;09:00:03;715;;2;-;-;CROS;LB,OA;709;710,5;>
2022-02-11;09:00:03;715;;7;-;-;CROS;LB,OA;709;710,5;>
2022-02-11;09:00:03;715;;6;-;-;CROS;LB,OA;709;710,5;>
2022-02-11;09:00:03;715;;1;-;-;CROS;LB,OA;709;710,5;>
2022-02-11;09:00:03;715;;2;-;-;CROS;LB,OA;709;710,5;>
2022-02-11;09:00:03;715;;50;-;-;CROS;LB,OA;709;710,5;>
2022-02-11;09:00:03;715;;4;-;-;CROS;LB,OA;709;710,5;>
2022-02-11;09:00:03;715;;13;-;-;CROS;LB,OA;709;710,5;>
2022-02-11;09:00:03;715;;10;-;-;CROS;LB,OA;709;710,5;>
2022-02-11;09:00:03;715;;10;-;-;CROS;LB,OA;709;710,5;>
2022-02-11;09:00:03;715;;15;-;-;CROS;LB,OA;709;710,5;>
2022-02-11;09:00:03;715;;2;-;-;CROS;LB,OA;709;710,5;>
2022-02-11;09:00:03;715;;13;-;-;CROS;LB,OA;709;710,5;>
2022-02-11;09:00:03;715;;80;-;-;CROS;LB,OA;709;710,5;>
2022-02-11;09:00:03;715;;20;-;-;CROS;LB,OA;709;710,5;>
2022-02-11;09:00:03;715;;5;-;-;CROS;LB,OA;709;710,5;>
2022-02-11;09:00:03;715;;25;-;-;CROS;LB,OA;709;710,5;>
2022-02-11;09:00:03;715;;35;-;-;CROS;LB,OA;709;710,5;>
2022-02-11;09:00:03;715;;10;-;-;CROS;LB,OA;709;710,5;>
2022-02-11;09:00:03;715;;6;-;-;CROS;LB,OA;709;710,5;>
2022-02-11;09:00:03;715;;1;-;-;CROS;LB,OA;709;710,5;>
2022-02-11;09:00:03;715;;1;-;-;CROS;LB,OA;709;710,5;>
2022-02-11;09:00:03;715;;10;-;-;CROS;LB,OA;709;710,5;>
2022-02-11;09:00:03;715;;1;-;-;CROS;LB,OA;709;710,5;>
2022-02-11;09:00:03;715;;3;-;-;CROS;LB,OA;709;710,5;>
2022-02-11;09:00:03;715;;10;-;-;CROS;LB,OA;709;710,5;>
2022-02-11;09:00:03;715;;5;-;-;CROS;LB,OA;709;710,5;>
2022-02-11;09:00:03;715;;2;-;-;CROS;LB,OA;709;710,5;>
2022-02-11;09:00:03;715;;2;-;-;CROS;LB,OA;709;710,5;>
2022-02-11;09:00:03;715;;15;-;-;CROS;LB,OA;709;710,5;>
2022-02-11;09:00:03;715;;14;-;-;CROS;LB,OA;709;710,5;>
2022-02-11;09:00:03;715;;1;-;-;CROS;LB,OA;709;710,5;>
2022-02-11;09:00:03;715;;2;-;-;CROS;LB,OA;709;710,5;>
2022-02-11;09:00:03;715;;1;-;-;CROS;LB,OA;709;710,5;>
2022-02-11;09:00:03;715;;6;-;-;CROS;LB,OA;709;710,5;>
2022-02-11;09:00:03;715;;1;-;-;CROS;LB,OA;709;710,5;>
2022-02-11;09:00:03;715;;5;-;-;CROS;LB,OA;709;710,5;>
2022-02-11;09:00:03;715;;1;-;-;CROS;LB,OA;709;710,5;>
2022-02-11;09:00:03;715;;3;-;-;CROS;LB,OA;709;710,5;>
2022-02-11;09:00:03;715;;2;-;-;CROS;LB,OA;709;710,5;>
2022-02-11;09:00:03;715;;3;-;-;CROS;LB,OA;709;710,5;>
2022-02-11;09:00:03;715;;3;-;-;CROS;LB,OA;709;710,5;>
2022-02-11;09:00:03;715;;1;-;-;CROS;LB,OA;709;710,5;>
2022-02-11;09:00:03;715;;6;-;-;CROS;LB,OA;709;710,5;>
2022-02-11;09:00:03;715;;4;-;-;CROS;LB,OA;709;710,5;>
2022-02-11;09:00:03;715;;2;-;-;CROS;LB,OA;709;710,5;>
2022-02-11;09:00:03;715;;2;-;-;CROS;LB,OA;709;710,5;>
2022-02-11;09:00:03;715;;10;-;-;CROS;LB,OA;709;710,5;>
2022-02-11;09:00:03;715;;1;-;-;CROS;LB,OA;709;710,5;>
2022-02-11;09:00:03;715;;2;-;-;CROS;LB,OA;709;710,5;>
2022-02-11;09:00:03;715;;5;-;-;CROS;LB,OA;709;710,5;>
2022-02-11;09:00:03;715;;34;-;-;CROS;LB,OA;709;710,5;>
2022-02-11;09:00:03;715;;7;-;-;CROS;LB,OA;709;710,5;>
2022-02-11;09:00:03;715;;3;-;-;CROS;LB,OA;709;710,5;>
2022-02-11;09:00:03;715;;1;-;-;CROS;LB,OA;709;710,5;>
2022-02-11;09:00:03;715;;27;-;-;CROS;LB,OA;709;710,5;>
2022-02-11;09:00:03;715;;3;-;-;CROS;LB,OA;709;710,5;>
2022-02-11;09:00:03;715;;5;-;-;CROS;LB,OA;709;710,5;>
2022-02-11;09:00:03;715;;28;-;-;CROS;LB,OA;709;710,5;>
2022-02-11;09:00:03;715;;3;-;-;CROS;LB,OA;709;710,5;>
2022-02-11;09:00:03;715;;2;-;-;CROS;LB,OA;709;710,5;>
2022-02-11;09:00:03;715;;2;-;-;CROS;LB,OA;709;710,5;>
2022-02-11;09:00:03;715;;2;-;-;CROS;LB,OA;709;710,5;>
2022-02-11;09:00:03;715;;1;-;-;CROS;LB,OA;709;710,5;>
2022-02-11;09:00:03;715;;7;-;-;CROS;LB,OA;709;710,5;>
2022-02-11;09:00:03;715;;41;-;-;CROS;LB,OA;709;710,5;>
2022-02-11;09:00:03;715;;5;-;-;CROS;LB,OA;709;710,5;>
2022-02-11;09:00:03;715;;2;-;-;CROS;LB,OA;709;710,5;>
2022-02-11;09:00:03;715;;1;-;-;CROS;LB,OA;709;710,5;>
2022-02-11;09:00:03;715;;6;-;-;CROS;LB,OA;709;710,5;>
2022-02-11;09:00:03;715;;15;-;-;CROS;LB,OA;709;710,5;>
2022-02-11;09:00:03;715;;1;-;-;CROS;LB,OA;709;710,5;>
2022-02-11;09:00:03;715;;15;-;-;CROS;LB,OA;709;710,5;>
2022-02-11;09:00:03;715;;3;-;-;CROS;LB,OA;709;710,5;>
2022-02-11;09:00:03;715;;1;-;-;CROS;LB,OA;709;710,5;>
2022-02-11;09:00:03;715;;3;-;-;CROS;LB,OA;709;710,5;>
2022-02-11;09:00:03;715;;15;-;-;CROS;LB,OA;709;710,5;>
2022-02-11;09:00:03;715;;6;-;-;CROS;LB,OA;709;710,5;>
2022-02-11;09:00:03;715;;69;-;-;CROS;LB,OA;709;710,5;>
2022-02-11;09:00:03;715;;1;-;-;CROS;LB,OA;709;710,5;>
2022-02-11;09:00:03;715;;2;-;-;CROS;LB,OA;709;710,5;>
2022-02-11;09:00:03;715;;4;-;-;CROS;LB,OA;709;710,5;>
2022-02-11;09:00:03;715;;1;-;-;CROS;LB,OA;709;710,5;>
2022-02-11;09:00:03;715;;50;-;-;CROS;LB,OA;709;710,5;>
2022-02-11;09:00:03;715;;40;-;-;CROS;LB,OA;709;710,5;>
2022-02-11;09:00:03;715;;3;-;-;CROS;LB,OA;709;710,5;>
2022-02-11;09:00:03;715;;1;-;-;CROS;LB,OA;709;710,5;>
2022-02-11;09:00:03;715;;1;-;-;CROS;LB,OA;709;710,5;>
2022-02-11;09:00:03;715;;15;-;-;CROS;LB,OA;709;710,5;>
2022-02-11;09:00:03;715;;103;-;-;CROS;LB,OA;709;710,5;>
2022-02-11;09:00:03;715;;6;-;-;CROS;LB,OA;709;710,5;>
2022-02-11;09:00:03;715;;1;-;-;CROS;LB,OA;709;710,5;>
2022-02-11;09:00:03;715;;1;-;-;CROS;LB,OA;709;710,5;>
2022-02-11;09:00:03;715;;1;-;-;CROS;LB,OA;709;710,5;>
2022-02-11;09:00:03;715;;5;-;-;CROS;LB,OA;709;710,5;>
2022-02-11;09:00:03;715;;2;-;-;CROS;LB,OA;709;710,5;>
2022-02-11;09:00:03;715;;13;-;-;CROS;LB,OA;709;710,5;>
2022-02-11;09:00:03;715;;2;-;-;CROS;LB,OA;709;710,5;>
2022-02-11;09:00:03;715;;4;-;-;CROS;LB,OA;709;710,5;>
2022-02-11;09:00:03;715;;13;-;-;CROS;LB,OA;709;710,5;>
2022-02-11;09:00:03;715;;1;-;-;CROS;LB,OA;709;710,5;>
2022-02-11;09:00:03;715;;2;-;-;CROS;LB,OA;709;710,5;>
2022-02-11;09:00:03;715;;13;-;-;CROS;LB,OA;709;710,5;>
2022-02-11;09:00:03;715;;22;-;-;CROS;LB,OA;709;710,5;>
2022-02-11;09:00:03;715;;1;-;-;CROS;LB,OA;709;710,5;>
2022-02-11;09:00:03;715;;4;-;-;CROS;LB,OA;709;710,5;>
2022-02-11;09:00:03;715;;3;-;-;CROS;LB,OA;709;710,5;>
2022-02-11;09:00:03;715;;1;-;-;CROS;LB,OA;709;710,5;>
2022-02-11;09:00:03;715;;1;-;-;CROS;LB,OA;709;710,5;>
2022-02-11;09:00:03;715;;10;-;-;CROS;LB,OA;709;710,5;>
2022-02-11;09:00:03;715;;4;-;-;CROS;LB,OA;709;710,5;>
2022-02-11;09:00:03;715;;2;-;-;CROS;LB,OA;709;710,5;>
2022-02-11;09:00:03;715;;2;-;-;CROS;LB,OA;709;710,5;>
2022-02-11;09:00:03;715;;3;-;-;CROS;LB,OA;709;710,5;>
2022-02-11;09:00:03;715;;2;-;-;CROS;LB,OA;709;710,5;>
2022-02-11;09:00:03;715;;10;-;-;CROS;LB,OA;709;710,5;>
2022-02-11;09:00:03;715;;10;-;-;CROS;LB,OA;709;710,5;>
2022-02-11;09:00:03;715;;3;-;-;CROS;LB,OA;709;710,5;>
2022-02-11;09:00:03;715;;3;-;-;CROS;LB,OA;709;710,5;>
2022-02-11;09:00:03;715;;2;-;-;CROS;LB,OA;709;710,5;>
2022-02-11;09:00:03;715;;27;-;-;CROS;LB,OA;709;710,5;>
2022-02-11;09:00:03;715;;1;-;-;CROS;LB,OA;709;710,5;>
2022-02-11;09:00:03;715;;12;-;-;CROS;LB,OA;709;710,5;>
2022-02-11;09:00:03;715;;1;-;-;CROS;LB,OA;709;710,5;>
2022-02-11;09:00:03;715;;5;-;-;CROS;LB,OA;709;710,5;>
2022-02-11;09:00:03;715;;2;-;-;CROS;LB,OA;709;710,5;>
2022-02-11;09:00:03;715;;5;-;-;CROS;LB,OA;709;710,5;>
2022-02-11;09:00:03;715;;3;-;-;CROS;LB,OA;709;710,5;>
2022-02-11;09:00:03;715;;6;-;-;CROS;LB,OA;709;710,5;>
2022-02-11;09:00:03;715;;1;-;-;CROS;LB,OA;709;710,5;>
2022-02-11;09:00:03;715;;2;-;-;CROS;LB,OA;709;710,5;>
2022-02-11;09:00:03;715;;7;-;-;CROS;LB,OA;709;710,5;>
2022-02-11;09:00:03;715;;11;-;-;CROS;LB,OA;709;710,5;>
2022-02-11;09:00:03;715;;1;-;-;CROS;LB,OA;709;710,5;>
2022-02-11;09:00:03;715;;3;-;-;CROS;LB,OA;709;710,5;>
2022-02-11;09:00:03;715;;2;-;-;CROS;LB,OA;709;710,5;>
2022-02-11;09:00:03;715;;3;-;-;CROS;LB,OA;709;710,5;>
2022-02-11;09:00:03;715;;11;-;-;CROS;LB,OA;709;710,5;>
2022-02-11;09:00:03;715;;1;-;-;CROS;LB,OA;709;710,5;>
2022-02-11;09:00:03;715;;2;-;-;CROS;LB,OA;709;710,5;>
2022-02-11;09:00:03;715;;1;-;-;CROS;LB,OA;709;710,5;>
2022-02-11;09:00:03;715;;19;-;-;CROS;LB,OA;709;710,5;>
2022-02-11;09:00:03;715;;2;-;-;CROS;LB,OA;709;710,5;>
2022-02-11;09:00:03;715;;15;-;-;CROS;LB,OA;709;710,5;>
2022-02-11;09:00:03;715;;2;-;-;CROS;LB,OA;709;710,5;>
2022-02-11;09:00:03;715;;1;-;-;CROS;LB,OA;709;710,5;>
2022-02-11;09:00:03;715;;2;-;-;CROS;LB,OA;709;710,5;>
2022-02-11;09:00:03;715;;7;-;-;CROS;LB,OA;709;710,5;>
2022-02-11;09:00:03;715;;2;-;-;CROS;LB,OA;709;710,5;>
2022-02-11;09:00:03;715;;27;-;-;CROS;LB,OA;709;710,5;>
2022-02-11;09:00:03;715;;5;-;-;CROS;LB,OA;709;710,5;>
2022-02-11;09:00:03;715;;1;-;-;CROS;LB,OA;709;710,5;>
2022-02-11;09:00:03;715;;7;-;-;CROS;LB,OA;709;710,5;>
2022-02-11;09:00:03;715;;6;-;-;CROS;LB,OA;709;710,5;>
2022-02-11;09:00:03;715;;1;-;-;CROS;LB,OA;709;710,5;>
2022-02-11;09:00:03;715;;1;-;-;CROS;LB,OA;709;710,5;>
2022-02-11;09:00:03;715;;1;-;-;CROS;LB,OA;709;710,5;>
2022-02-11;09:00:03;715;;50;-;-;CROS;LB,OA;709;710,5;>
2022-02-11;09:00:03;715;;7;-;-;CROS;LB,OA;709;710,5;>
2022-02-11;09:00:03;715;;10;-;-;CROS;LB,OA;709;710,5;>
2022-02-11;09:00:03;715;;2;-;-;CROS;LB,OA;709;710,5;>
2022-02-11;09:00:03;715;;7;-;-;CROS;LB,OA;709;710,5;>
2022-02-11;09:00:03;715;;9;-;-;CROS;LB,OA;709;710,5;>
2022-02-11;09:00:03;715;;20;-;-;CROS;LB,OA;709;710,5;>
2022-02-11;09:00:03;715;;5;-;-;CROS;LB,OA;709;710,5;>
2022-02-11;09:00:03;715;;3;-;-;CROS;LB,OA;709;710,5;>
2022-02-11;09:00:03;715;;1;-;-;CROS;LB,OA;709;710,5;>
2022-02-11;09:00:03;715;;1;-;-;CROS;LB,OA;709;710,5;>
2022-02-11;09:00:03;715;;10;-;-;CROS;LB,OA;709;710,5;>
2022-02-11;09:00:03;715;;5;-;-;CROS;LB,OA;709;710,5;>
2022-02-11;09:00:03;715;;15;-;-;CROS;LB,OA;709;710,5;>
2022-02-11;09:00:03;715;;13;-;-;CROS;LB,OA;709;710,5;>
2022-02-11;09:00:03;715;;6;-;-;CROS;LB,OA;709;710,5;>
2022-02-11;09:00:03;715;;3;-;-;CROS;LB,OA;709;710,5;>
2022-02-11;09:00:03;715;;1;-;-;CROS;LB,OA;709;710,5;>
2022-02-11;09:00:03;715;;2;-;-;CROS;LB,OA;709;710,5;>
2022-02-11;09:00:03;715;;6;-;-;CROS;LB,OA;709;710,5;>
2022-02-11;09:00:03;715;;1;-;-;CROS;LB,OA;709;710,5;>
2022-02-11;09:00:03;715;;2;-;-;CROS;LB,OA;709;710,5;>
2022-02-11;09:00:03;715;;13;-;-;CROS;LB,OA;709;710,5;>
2022-02-11;09:00:03;715;;15;-;-;CROS;LB,OA;709;710,5;>
2022-02-11;09:00:03;715;;4;-;-;CROS;LB,OA;709;710,5;>
2022-02-11;09:00:03;715;;3;-;-;CROS;LB,OA;709;710,5;>
2022-02-11;09:00:03;715;;4;-;-;CROS;LB,OA;709;710,5;>
2022-02-11;09:00:03;715;;27;-;-;CROS;LB,OA;709;710,5;>
2022-02-11;09:00:03;715;;11;-;-;CROS;LB,OA;709;710,5;>
2022-02-11;09:00:03;715;;5;-;-;CROS;LB,OA;709;710,5;>
2022-02-11;09:00:03;715;;1;-;-;CROS;LB,OA;709;710,5;>
2022-02-11;09:00:03;715;;8;-;-;CROS;LB,OA;709;710,5;>
2022-02-11;09:00:03;715;;2;-;-;CROS;LB,OA;709;710,5;>
2022-02-11;09:00:03;715;;3;-;-;CROS;LB,OA;709;710,5;>
2022-02-11;09:00:03;715;;2;-;-;CROS;LB,OA;709;710,5;>
2022-02-11;09:00:03;715;;1;-;-;CROS;LB,OA;709;710,5;>
2022-02-11;09:00:03;715;;6;-;-;CROS;LB,OA;709;710,5;>
2022-02-11;09:00:03;715;;2;-;-;CROS;LB,OA;709;710,5;>
2022-02-11;09:00:03;715;;1;-;-;CROS;LB,OA;709;710,5;>
2022-02-11;09:00:03;715;;1;-;-;CROS;LB,OA;709;710,5;>
2022-02-11;09:00:03;715;;4;-;-;CROS;LB,OA;709;710,5;>
2022-02-11;09:00:03;715;;1;-;-;CROS;LB,OA;709;710,5;>
2022-02-11;09:00:03;715;;41;-;-;CROS;LB,OA;709;710,5;>
2022-02-11;09:00:03;715;;3;-;-;CROS;LB,OA;709;710,5;>
2022-02-11;09:00:03;715;;6;-;-;CROS;LB,OA;709;710,5;>
2022-02-11;09:00:03;715;;1;-;-;CROS;LB,OA;709;710,5;>
2022-02-11;09:00:03;715;;2;-;-;CROS;LB,OA;709;710,5;>
2022-02-11;09:00:03;715;;1;-;-;CROS;LB,OA;709;710,5;>
2022-02-11;09:00:03;715;;17;-;-;CROS;LB,OA;709;710,5;>
2022-02-11;09:00:03;715;;383;-;-;CROS;LB,OA;709;710,5;>
2022-02-11;09:00:03;715;;317;-;-;CROS;LB,OA;709;710,5;>
2022-02-11;09:00:03;715;;12;-;-;CROS;LB,OA;709;710,5;>
2022-02-11;09:00:03;715;;13;-;-;CROS;LB,OA;709;710,5;>
2022-02-11;09:00:03;715;;5;-;-;CROS;LB,OA;709;710,5;>
2022-02-11;09:00:03;715;;41;-;-;CROS;LB,OA;709;710,5;>
2022-02-11;09:00:03;715;;7;-;-;CROS;LB,OA;709;710,5;>
2022-02-11;09:00:03;715;;1;-;-;CROS;LB,OA;709;710,5;>
2022-02-11;09:00:03;715;;7;-;-;CROS;LB,OA;709;710,5;>
2022-02-11;09:00:03;715;;1;-;-;CROS;LB,OA;709;710,5;>
2022-02-11;09:00:03;715;;1;-;-;CROS;LB,OA;709;710,5;>
2022-02-11;09:00:03;715;;15;-;-;CROS;LB,OA;709;710,5;>
2022-02-11;09:00:03;715;;6;-;-;CROS;LB,OA;709;710,5;>
2022-02-11;09:00:03;715;;11;-;-;CROS;LB,OA;709;710,5;>
2022-02-11;09:00:03;715;;21;-;-;CROS;LB,OA;709;710,5;>
2022-02-11;09:00:03;715;;10;-;-;CROS;LB,OA;709;710,5;>
2022-02-11;09:00:03;715;;1;-;-;CROS;LB,OA;709;710,5;>
2022-02-11;09:00:03;715;;8;-;-;CROS;LB,OA;709;710,5;>
2022-02-11;09:00:03;715;;5;-;-;CROS;LB,OA;709;710,5;>
2022-02-11;09:00:03;715;;32;-;-;CROS;LB,OA;709;710,5;>
2022-02-11;09:00:03;715;;8;-;-;CROS;LB,OA;709;710,5;>
2022-02-11;09:00:03;715;;22;-;-;CROS;LB,OA;709;710,5;>
2022-02-11;09:00:03;715;;11;-;-;CROS;LB,OA;709;710,5;>
2022-02-11;09:00:03;715;;17;-;-;CROS;LB,OA;709;710,5;>
2022-02-11;09:00:03;715;;50;-;-;CROS;LB,OA;709;710,5;>
2022-02-11;09:00:03;715;;11;-;-;CROS;LB,OA;709;710,5;>
2022-02-11;09:00:03;715;;15;-;-;CROS;LB,OA;709;710,5;>
2022-02-11;09:00:03;715;;1;-;-;CROS;LB,OA;709;710,5;>
2022-02-11;09:00:03;715;;9;-;-;CROS;LB,OA;709;710,5;>
2022-02-11;09:00:03;715;;7;-;-;CROS;LB,OA;709;710,5;>
2022-02-11;09:00:03;715;;10;-;-;CROS;LB,OA;709;710,5;>
2022-02-11;09:00:03;715;;32;-;-;CROS;LB,OA;709;710,5;>
2022-02-11;09:00:03;715;;15;-;-;CROS;LB,OA;709;710,5;>
2022-02-11;09:00:03;715;;29;-;-;CROS;LB,OA;709;710,5;>
2022-02-11;09:00:03;715;;58;-;-;CROS;LB,OA;709;710,5;>
2022-02-11;09:00:03;715;;318;-;-;CROS;LB,OA;709;710,5;>
2022-02-11;09:00:03;715;;38;-;-;CROS;LB,OA;709;710,5;>
2022-02-11;09:00:03;715;;4;-;-;CROS;LB,OA;709;710,5;>
2022-02-11;09:00:03;715;;46;-;-;CROS;LB,OA;709;710,5;>
2022-02-11;09:00:03;715;;2;-;-;CROS;LB,OA;709;710,5;>
2022-02-11;09:00:03;715;;5;-;-;CROS;LB,OA;709;710,5;>
2022-02-11;09:00:03;715;;2;-;-;CROS;LB,OA;709;710,5;>
2022-02-11;09:00:03;715;;4;-;-;CROS;LB,OA;709;710,5;>
2022-02-11;09:00:03;715;;100;-;-;CROS;LB,OA;709;710,5;>
2022-02-11;09:00:03;715;;1;-;-;CROS;LB,OA;709;710,5;>
2022-02-11;09:00:03;715;;2;-;-;CROS;LB,OA;709;710,5;>
2022-02-11;09:00:03;715;;2;-;-;CROS;LB,OA;709;710,5;>
2022-02-11;09:00:03;715;;11;-;-;CROS;LB,OA;709;710,5;>
2022-02-11;09:00:03;715;;60;-;-;CROS;LB,OA;709;710,5;>
2022-02-11;09:00:03;715;;10;-;-;CROS;LB,OA;709;710,5;>
2022-02-11;09:00:03;715;;2;-;-;CROS;LB,OA;709;710,5;>
2022-02-11;09:00:03;715;;2;-;-;CROS;LB,OA;709;710,5;>
2022-02-11;09:00:03;715;;10;-;-;CROS;LB,OA;709;710,5;>
2022-02-11;09:00:03;715;;6;-;-;CROS;LB,OA;709;710,5;>
2022-02-11;09:00:03;715;;44;-;-;CROS;LB,OA;709;710,5;>
2022-02-11;09:00:03;715;;27;-;-;CROS;LB,OA;709;710,5;>
2022-02-11;09:00:03;715;;89;-;-;CROS;LB,OA;709;710,5;>
2022-02-11;09:00:03;715;;2;-;-;CROS;LB,OA;709;710,5;>
2022-02-11;09:00:03;715;;50;-;-;CROS;LB,OA;709;710,5;>
2022-02-11;09:00:03;715;;1;-;-;CROS;LB,OA;709;710,5;>
2022-02-11;09:00:03;715;;49;-;-;CROS;LB,OA;709;710,5;>
2022-02-11;09:00:03;715;;1;-;-;CROS;LB,OA;709;710,5;>
2022-02-11;09:00:03;715;;1;-;-;CROS;LB,OA;709;710,5;>
2022-02-11;09:00:03;715;;4;-;-;CROS;LB,OA;709;710,5;>
2022-02-11;09:00:03;715;;5;-;-;CROS;LB,OA;709;710,5;>
2022-02-11;09:00:03;715;;15;-;-;CROS;LB,OA;709;710,5;>
2022-02-11;09:00:03;715;;3;-;-;CROS;LB,OA;709;710,5;>
2022-02-11;09:00:03;715;;12;-;-;CROS;LB,OA;709;710,5;>
2022-02-11;09:00:03;715;;14;-;-;CROS;LB,OA;709;710,5;>
2022-02-11;09:00:03;715;;41;-;-;CROS;LB,OA;709;710,5;>
2022-02-11;09:00:03;715;;30;-;-;CROS;LB,OA;709;710,5;>
2022-02-11;09:00:03;715;;40;-;-;CROS;LB,OA;709;710,5;>
2022-02-11;09:00:03;715;;4;-;-;CROS;LB,OA;709;710,5;>
2022-02-11;09:00:03;715;;61;-;-;CROS;LB,OA;709;710,5;>
2022-02-11;09:00:03;715;;25;-;-;CROS;LB,OA;709;710,5;>
2022-02-11;09:00:03;715;;14;-;-;CROS;LB,OA;709;710,5;>
2022-02-11;09:00:03;715;;1;-;-;CROS;LB,OA;709;710,5;>
2022-02-11;09:00:03;715;;7;-;-;CROS;LB,OA;709;710,5;>
2022-02-11;09:00:03;715;;10;-;-;CROS;LB,OA;709;710,5;>
2022-02-11;09:00:03;715;;44;-;-;CROS;LB,OA;709;710,5;>
2022-02-11;09:00:03;715;;7;-;-;CROS;LB,OA;709;710,5;>
2022-02-11;09:00:03;715;;42;-;-;CROS;LB,OA;709;710,5;>
2022-02-11;09:00:03;715;;15;-;-;CROS;LB,OA;709;710,5;>
2022-02-11;09:00:03;715;;32;-;-;CROS;LB,OA;709;710,5;>
2022-02-11;09:00:03;715;;17;-;-;CROS;LB,OA;709;710,5;>
2022-02-11;09:00:03;715;;25;-;-;CROS;LB,OA;709;710,5;>
2022-02-11;09:00:03;715;;58;-;-;CROS;LB,OA;709;710,5;>
2022-02-11;09:00:03;715;;42;-;-;CROS;LB,OA;709;710,5;>
2022-02-11;09:00:03;715;;2;-;-;CROS;LB,OA;709;710,5;>
2022-02-11;09:00:03;715;;125;-;-;CROS;LB,OA;709;710,5;>
2022-02-11;09:00:03;715;;23;-;-;CROS;LB,OA;709;710,5;>
2022-02-11;09:00:03;715;;149;-;-;CROS;LB,OA;709;710,5;>
2022-02-11;09:00:03;715;;90;-;-;CROS;LB,OA;709;710,5;>
2022-02-11;09:00:03;715;;231;-;-;CROS;LB,OA;709;710,5;>
2022-02-11;09:00:03;715;;8;-;-;CROS;LB,OA;709;710,5;>
2022-02-11;09:00:03;715;;2;-;-;CROS;LB,OA;709;710,5;>
2022-02-11;09:00:03;715;;1;-;-;CROS;LB,OA;709;710,5;>
2022-02-11;09:00:03;715;;18;-;-;CROS;LB,OA;709;710,5;>
2022-02-11;09:00:03;715;;11;-;-;CROS;LB,OA;709;710,5;>
2022-02-11;09:00:03;715;;11;-;-;CROS;LB,OA;709;710,5;>
2022-02-11;09:00:03;715;;313;-;-;CROS;LB,OA;709;710,5;>
2022-02-11;09:00:03;715;;13;-;-;CROS;LB,OA;709;710,5;>
2022-02-11;09:00:03;715;;10;-;-;CROS;LB,OA;709;710,5;>
2022-02-11;09:00:03;715;;1;-;-;CROS;LB,OA;709;710,5;>
2022-02-11;09:00:03;715;;17;-;-;CROS;LB,OA;709;710,5;>
2022-02-11;09:00:03;715;;645;-;-;CROS;LB,OA;709;710,5;>
2022-02-11;09:00:03;715;;13;-;-;CROS;LB,OA;709;710,5;>
2022-02-11;09:00:03;715;;14;-;-;CROS;LB,OA;709;710,5;>
2022-02-11;09:00:03;715;;5;-;-;CROS;LB,OA;709;710,5;>
2022-02-11;09:00:03;715;;2;-;-;CROS;LB,OA;709;710,5;>
2022-02-11;09:00:03;715;;92;-;-;CROS;LB,OA;709;710,5;>
2022-02-11;09:00:03;715;;41;-;-;CROS;LB,OA;709;710,5;>
2022-02-11;09:00:03;715;;1;-;-;CROS;LB,OA;709;710,5;>
2022-02-11;09:00:03;715;;1;-;-;CROS;LB,OA;709;710,5;>
2022-02-11;09:00:03;715;;1;-;-;CROS;LB,OA;709;710,5;>
2022-02-11;09:00:03;715;;57;-;-;CROS;LB,OA;709;710,5;>
2022-02-11;09:00:03;715;;10;-;-;CROS;LB,OA;709;710,5;>
2022-02-11;09:00:03;715;;5;-;-;CROS;LB,OA;709;710,5;>
2022-02-11;09:00:03;715;;14;-;-;CROS;LB,OA;709;710,5;>
2022-02-11;09:00:03;715;;259;-;-;CROS;LB,OA;709;710,5;>
2022-02-11;09:00:07;710,5;;25;-;-;;LB,CT;709;710,5;>
2022-02-11;09:00:04;711,5;;13;-;-;;LB,CT;709;711,5;>
2022-02-11;09:00:04;708;;2;-;-;;LB,CT;708;711;<
2022-02-11;09:00:03;709;;11;-;-;;LB,CT;708;709;>
2022-02-11;09:00:03;708,5;;34;-;-;;LB,CT;708;709;<
2022-02-11;09:00:03;709;;14;-;-;;LB,CT;708;709;>
2022-02-11;09:00:03;710;;18;-;-;;LB,CT;708;709;>
2022-02-11;09:00:03;710;;14;-;-;;LB,CT;711;715;<
2022-02-11;09:00:03;710;;10;-;-;;LB,CT;711;715;<
2022-02-11;09:00:03;710;;1;-;-;;LB,CT;711;715;<
2022-02-11;09:00:03;710;;1;-;-;;LB,CT;711;715;<
2022-02-11;09:00:03;710;;2;-;-;;LB,CT;711;715;<
2022-02-11;09:00:03;710;;3;-;-;;LB,CT;711;715;<
2022-02-11;09:00:03;710;;1;-;-;;LB,CT;711;715;<
2022-02-11;09:00:03;710,5;;29;-;-;;LB,CT;711;715;<
2022-02-11;09:00:03;710,5;;25;-;-;;LB,CT;711;715;<
2022-02-11;09:00:03;711;;8;-;-;;LB,CT;711;715;<
2022-02-11;09:00:03;711;;17;-;-;;LB,CT;711;715;<
2022-02-11;09:00:03;713;;47;-;-;;LB,CT;714,5;715;<
2022-02-11;09:00:03;713;;53;-;-;;LB,CT;714,5;715;<
2022-02-11;09:00:03;714,5;;1;-;-;;LB,CT;714,5;715;<
2022-02-11;09:00:03;715;;9202;-;-;AUCT;LB,OA;714,5;715;
