2022-02-11;09:15:44;89;;155;-;-;;LB,CT;89;89,1;<
2022-02-11;09:15:41;89,04;;97;-;-;;LB,CT;88,9;89;>
2022-02-11;09:15:41;89,02;;226;-;-;;LB,CT;88,9;89;>
2022-02-11;09:15:41;89;;129;-;-;;LB,CT;88,9;89;>
2022-02-11;09:15:41;89;;94;-;-;;LB,CT;88,9;89;>
2022-02-11;09:15:15;88,98;;15;-;-;;LB,CT;88,92;89,02;<
2022-02-11;09:15:11;88,96;;314;-;-;;LB,CT;88,9;89,02;<
2022-02-11;09:15:11;88,96;;271;-;-;;LB,CT;88,9;89,02;<
2022-02-11;09:15:11;88,96;;429;-;-;;LB,CT;88,9;89,02;<
2022-02-11;09:15:10;88,96;;381;-;-;;LB,CT;88,96;89,02;<
2022-02-11;09:15:10;88,96;;137;-;-;;LB,CT;88,96;89,02;<
2022-02-11;09:15:10;88,96;;92;-;-;;LB,CT;88,9;88,98;>
2022-02-11;09:15:06;88,98;;50;-;-;;LB,CT;88,88;88,98;>
2022-02-11;09:15:06;88,98;;700;-;-;;LB,CT;88,88;88,98;>
2022-02-11;09:14:58;88,94;;410;-;-;;LB,CT;88,86;88,98;<
2022-02-11;09:14:58;88,94;;90;-;-;;LB,CT;88,86;88,98;>
2022-02-11;09:14:58;88,94;;69;-;-;HID;DB,CT;88,86;88,98;<
2022-02-11;09:14:58;88,94;;700;-;-;HID;DB,CT;88,86;88,98;<
2022-02-11;09:14:58;88,94;;111;-;-;HID;DB,CT;88,86;88,98;<
2022-02-11;09:14:58;88,94;;389;-;-;;LB,CT;88,86;88,98;<
2022-02-11;09:14:58;88,94;;111;-;-;;LB,CT;88,76;88,86;<
2022-02-11;09:14:58;88,94;;500;-;-;;LB,CT;88,76;88,86;<
2022-02-11;09:14:58;88,94;;500;-;-;;LB,CT;88,76;88,86;<
2022-02-11;09:14:58;88,94;;500;-;-;;LB,CT;88,76;88,86;<
2022-02-11;09:14:58;88,94;;484;-;-;HID;DB,CT;88,76;88,86;<
2022-02-11;09:14:58;88,94;;515;-;-;HID;DB,CT;88,76;88,86;<
2022-02-11;09:14:58;88,94;;500;-;-;HID;DB,CT;88,76;88,86;<
2022-02-11;09:14:58;88,94;;500;-;-;;LB,CT;88,76;88,86;<
2022-02-11;09:14:58;88,94;;233;-;-;;LB,CT;88,76;88,86;>
2022-02-11;09:14:58;88,94;;511;-;-;;LB,CT;88,76;88,86;>
2022-02-11;09:14:58;88,94;;430;-;-;;LB,CT;88,76;88,86;>
2022-02-11;09:14:58;88,94;;98;-;-;;LB,CT;88,76;88,86;>
2022-02-11;09:14:58;88,94;;700;-;-;;LB,CT;88,76;88,86;>
2022-02-11;09:14:58;88,92;;144;-;-;;LB,CT;88,76;88,86;>
2022-02-11;09:14:58;88,92;;490;-;-;;LB,CT;88,76;88,86;>
2022-02-11;09:14:58;88,92;;98;-;-;;LB,CT;88,76;88,86;>
2022-02-11;09:14:58;88,9;;518;-;-;;LB,CT;88,76;88,86;>
2022-02-11;09:14:58;88,9;;699;-;-;;LB,CT;88,76;88,86;>
2022-02-11;09:14:58;88,86;;700;-;-;;LB,CT;88,76;88,86;>
2022-02-11;09:14:48;88,82;;118;-;-;;LB,CT;88,82;88,9;<
2022-02-11;09:14:48;88,82;;11;-;-;;LB,CT;88,82;88,9;<
2022-02-11;09:14:48;88,82;;94;-;-;;LB,CT;88,82;88,9;<
2022-02-11;09:14:48;88,82;;44;-;-;;LB,CT;88,82;88,9;<
2022-02-11;09:14:42;88,9;;1;-;-;;LB,CT;88,82;88,9;>
2022-02-11;09:14:40;88,84;;125;-;-;;LB,CT;88,82;88,9;<
2022-02-11;09:14:39;88,9;;77;-;-;;LB,CT;88,92;89,02;<
2022-02-11;09:14:39;88,9;;20;-;-;;LB,CT;88,92;89,02;<
2022-02-11;09:14:39;88,9;;383;-;-;;LB,CT;88,92;89,02;<
2022-02-11;09:14:27;88,98;;316;-;-;;LB,CT;88,92;89,02;>
2022-02-11;09:14:27;88,98;;96;-;-;;LB,CT;88,92;89,02;>
2022-02-11;09:14:27;88,98;;132;-;-;;LB,CT;88,84;88,94;>
2022-02-11;09:14:27;88,94;;700;-;-;;LB,CT;88,84;88,94;>
2022-02-11;09:14:22;88,84;;50;-;-;;LB,CT;88,84;88,94;<
2022-02-11;09:14:00;88,88;;5;-;-;;LB,CT;88,88;88,94;<
2022-02-11;09:14:00;88,94;;175;-;-;;LB,CT;88,92;88,98;<
2022-02-11;09:14:00;88,96;;8;-;-;;LB,CT;88,92;88,98;<
2022-02-11;09:13:57;89;;5;-;-;;LB,CT;88,94;89;>
2022-02-11;09:13:57;89;;750;-;-;;LB,CT;88,94;89;>
2022-02-11;09:13:57;89;;10;-;-;;LB,CT;88,94;89;>
2022-02-11;09:13:57;88,98;;49;-;-;;LB,CT;88,94;89;>
2022-02-11;09:13:57;88,92;;242;-;-;;LB,CT;88,92;88,98;>
2022-02-11;09:13:57;88,92;;250;-;-;;LB,CT;88,92;88,98;<
2022-02-11;09:13:53;88,98;;1;-;-;;LB,CT;88,92;88,98;>
2022-02-11;09:13:44;88,94;;407;-;-;;LB,CT;88,88;88,94;>
2022-02-11;09:13:44;88,94;;39;-;-;;LB,CT;88,88;88,94;>
2022-02-11;09:13:29;88,78;;280;-;-;;LB,CT;88,78;88,88;<
2022-02-11;09:13:29;88,78;;700;-;-;;LB,CT;88,78;88,88;<
2022-02-11;09:13:29;88,82;;383;-;-;;LB,CT;88,84;88,92;<
2022-02-11;09:13:29;88,82;;437;-;-;;LB,CT;88,84;88,92;<
2022-02-11;09:13:29;88,84;;429;-;-;;LB,CT;88,84;88,92;<
2022-02-11;09:13:29;88,84;;35;-;-;;LB,CT;88,84;88,92;<
2022-02-11;09:13:20;88,88;;28;-;-;CROS;PA,UA;88,84;88,92;
2022-02-11;09:13:20;88,88;;28;-;-;AOD;PA,UA;88,84;88,92;
2022-02-11;09:13:16;88,86;;598;-;-;;LB,CT;88,86;88,92;<
2022-02-11;09:13:16;88,86;;29;-;-;;LB,CT;88,86;88,92;<
2022-02-11;09:13:11;88,84;;453;-;-;;LB,CT;88,82;88,92;<
2022-02-11;09:13:11;88,84;;111;-;-;;LB,CT;88,82;88,92;<
2022-02-11;09:13:11;88,84;;175;-;-;;LB,CT;88,82;88,92;<
2022-02-11;09:13:10;88,86;;174;-;-;;LB,CT;88,84;88,96;<
2022-02-11;09:13:10;88,86;;29;-;-;;LB,CT;88,84;88,96;<
2022-02-11;09:13:05;88,9;;343;-;-;;LB,CT;88,9;88,98;<
2022-02-11;09:13:05;88,9;;622;-;-;;LB,CT;88,9;88,98;<
2022-02-11;09:12:57;88,8;;421;-;-;;LB,CT;88,78;88,84;>
2022-02-11;09:12:57;88,78;;471;-;-;;LB,CT;88,78;88,84;>
2022-02-11;09:12:47;88,64;;165;-;-;;LB,CT;88,66;88,76;<
2022-02-11;09:12:47;88,68;;700;-;-;;LB,CT;88,66;88,76;<
2022-02-11;09:12:47;88,72;;397;-;-;;LB,CT;88,66;88,76;<
2022-02-11;09:12:37;88,76;;200;-;-;;LB,CT;88,7;88,76;>
2022-02-11;09:12:07;88,66;;21;-;-;;LB,CT;88,66;88,74;<
2022-02-11;09:12:07;88,66;;5;-;-;;LB,CT;88,66;88,74;<
2022-02-11;09:11:55;88,72;;11;-;-;;LB,CT;88,64;88,72;>
2022-02-11;09:11:52;88,72;;74;-;-;;LB,CT;88,64;88,72;>
2022-02-11;09:11:48;88,68;;275;-;-;;LB,CT;88,68;88,74;<
2022-02-11;09:11:40;88,68;;29;-;-;;LB,CT;88,68;88,78;<
2022-02-11;09:11:29;88,7;;244;-;-;;LB,CT;88,64;88,74;>
2022-02-11;09:11:29;88,7;;522;-;-;;LB,CT;88,64;88,74;>
2022-02-11;09:11:29;88,7;;100;-;-;;LB,CT;88,64;88,74;>
2022-02-11;09:11:29;88,64;;29;-;-;;LB,CT;88,64;88,7;<
2022-02-11;09:11:28;88,68;;700;-;-;;LB,CT;88,66;88,7;<
2022-02-11;09:11:28;88,68;;434;-;-;;LB,CT;88,66;88,7;>
2022-02-11;09:11:28;88,66;;5;-;-;;LB,CT;88,66;88,7;>
2022-02-11;09:11:25;88,62;;57;-;-;;LB,CT;88,6;88,66;>
2022-02-11;09:11:25;88,6;;388;-;-;;LB,CT;88,52;88,58;>
2022-02-11;09:11:25;88,58;;50;-;-;;LB,CT;88,52;88,58;>
2022-02-11;09:11:25;88,58;;50;-;-;;LB,CT;88,52;88,58;>
2022-02-11;09:11:25;88,58;;700;-;-;;LB,CT;88,52;88,58;>
2022-02-11;09:11:23;88,58;;450;-;-;;LB,CT;88,56;88,6;>
2022-02-11;09:11:23;88,56;;238;-;-;;LB,CT;88,56;88,6;>
2022-02-11;09:11:22;88,5;;130;-;-;;LB,CT;88,5;88,56;<
2022-02-11;09:11:04;88,52;;6;-;-;;LB,CT;88,44;88,52;>
2022-02-11;09:10:26;88,56;;8;-;-;;LB,CT;88,48;88,62;<
2022-02-11;09:10:24;88,56;;322;-;-;;LB,CT;88,58;88,66;<
2022-02-11;09:10:24;88,58;;772;-;-;;LB,CT;88,58;88,66;<
2022-02-11;09:10:24;88,58;;294;-;-;;LB,CT;88,58;88,66;<
2022-02-11;09:10:24;88,58;;293;-;-;;LB,CT;88,58;88,66;<
2022-02-11;09:10:23;88,62;;126;-;-;;LB,CT;88,62;88,68;<
2022-02-11;09:10:23;88,62;;110;-;-;;LB,CT;88,62;88,68;<
2022-02-11;09:10:23;88,62;;863;-;-;;LB,CT;88,62;88,68;<
2022-02-11;09:10:06;88,6;;10;-;-;;LB,CT;88,54;88,6;>
2022-02-11;09:10:06;88,6;;100;-;-;;LB,CT;88,54;88,6;>
2022-02-11;09:10:05;88,58;;110;-;-;;LB,CT;88,54;88,6;>
2022-02-11;09:10:05;88,54;;293;-;-;;LB,CT;88,54;88,6;<
2022-02-11;09:10:05;88,54;;111;-;-;;LB,CT;88,54;88,6;<
2022-02-11;09:10:05;88,54;;110;-;-;;LB,CT;88,54;88,6;<
2022-02-11;09:10:05;88,54;;5;-;-;;LB,CT;88,54;88,6;<
2022-02-11;09:10:02;88,56;;127;-;-;;LB,CT;88,56;88,6;<
2022-02-11;09:10:02;88,56;;29;-;-;;LB,CT;88,56;88,6;<
2022-02-11;09:10:01;88,6;;6;-;-;;LB,CT;88,56;88,62;>
2022-02-11;09:09:52;88,56;;284;-;-;;LB,CT;88,5;88,6;<
2022-02-11;09:09:50;88,58;;48;-;-;;LB,CT;88,56;88,62;<
2022-02-11;09:09:50;88,58;;345;-;-;;LB,CT;88,56;88,62;<
2022-02-11;09:09:50;88,62;;700;-;-;;LB,CT;88,56;88,62;>
2022-02-11;09:09:50;88,58;;1;-;-;;LB,CT;88,56;88,62;<
2022-02-11;09:09:50;88,58;;377;-;-;;LB,CT;88,56;88,62;<
2022-02-11;09:09:50;88,6;;358;-;-;;LB,CT;88,56;88,62;<
2022-02-11;09:09:50;88,6;;32;-;-;;LB,CT;88,56;88,62;<
2022-02-11;09:09:42;88,6;;2;-;-;;LB,CT;88,56;88,64;>
2022-02-11;09:09:35;88,5;;287;-;-;STRO;OB,ON,PRIC,ALGO;88,48;88,58;>
2022-02-11;09:09:21;88,46;;276;-;-;;LB,CT;88,44;88,52;>
2022-02-11;09:09:21;88,42;;396;-;-;;LB,CT;88,32;88,4;>
2022-02-11;09:09:21;88,42;;700;-;-;;LB,CT;88,32;88,4;>
2022-02-11;09:09:21;88,4;;421;-;-;;LB,CT;88,32;88,4;>
2022-02-11;09:09:11;88,4;;56;-;-;;LB,CT;88,3;88,4;>
2022-02-11;09:09:04;88,3;;260;-;-;;LB,CT;88,26;88,36;<
2022-02-11;09:08:49;88,36;;216;-;-;;LB,CT;88,2;88,36;<
2022-02-11;09:08:49;88,36;;25;-;-;;LB,CT;88,2;88,36;<
2022-02-11;09:08:49;88,36;;25;-;-;;LB,CT;88,2;88,36;<
2022-02-11;09:08:49;88,36;;260;-;-;;LB,CT;88,36;88,44;<
2022-02-11;09:08:49;88,4;;254;-;-;;LB,CT;88,36;88,44;<
2022-02-11;09:08:44;88,46;;55;-;-;;LB,CT;88,42;88,5;>
2022-02-11;09:08:44;88,46;;196;-;-;;LB,CT;88,42;88,5;>
2022-02-11;09:08:44;88,46;;127;-;-;;LB,CT;88,42;88,5;>
2022-02-11;09:08:44;88,46;;34;-;-;;LB,CT;88,42;88,5;<
2022-02-11;09:08:44;88,46;;388;-;-;;LB,CT;88,42;88,5;<
2022-02-11;09:08:40;88,5;;22;-;-;;LB,CT;88,5;88,56;<
2022-02-11;09:08:40;88,5;;34;-;-;;LB,CT;88,5;88,56;<
2022-02-11;09:08:30;88,45;;6;-;-;CROS;PA,UA;88,4;88,5;
2022-02-11;09:08:30;88,45;;6;-;-;AOD;PA,UA;88,4;88,5;
2022-02-11;09:08:28;88,48;;14;-;-;;LB,CT;88,38;88,48;>
2022-02-11;09:08:20;88,38;;189;-;-;;LB,CT;88,34;88,46;<
2022-02-11;09:08:17;88,44;;17;-;-;;LB,CT;88,38;88,44;>
2022-02-11;09:08:12;88,4;;95;-;-;;LB,CT;88,38;88,44;<
2022-02-11;09:08:12;88,4;;65;-;-;;LB,CT;88,38;88,44;<
2022-02-11;09:08:12;88,4;;3;-;-;;LB,CT;88,38;88,44;<
2022-02-11;09:08:11;88,44;;167;-;-;;LB,CT;88,4;88,44;<
2022-02-11;09:08:11;88,42;;179;-;-;;LB,CT;88,42;88,48;<
2022-02-11;09:08:11;88,44;;449;-;-;;LB,CT;88,44;88,5;<
2022-02-11;09:08:11;88,46;;156;-;-;;LB,CT;88,44;88,5;<
2022-02-11;09:08:11;88,46;;36;-;-;;LB,CT;88,44;88,5;<
2022-02-11;09:08:10;88,48;;179;-;-;;LB,CT;88,48;88,58;<
2022-02-11;09:08:02;88,6;;284;-;-;;LB,CT;88,5;88,64;<
2022-02-11;09:08:02;88,62;;10;-;-;;LB,CT;88,5;88,64;<
2022-02-11;09:07:57;88,6;;332;-;-;;LB,CT;88,52;88,62;<
2022-02-11;09:07:57;88,6;;220;-;-;;LB,CT;88,52;88,62;<
2022-02-11;09:07:57;88,58;;120;-;-;;LB,CT;88,52;88,62;<
2022-02-11;09:07:57;88,58;;1451;-;-;;LB,CT;88,52;88,62;<
2022-02-11;09:07:57;88,58;;2500;-;-;;LB,CT;88,52;88,62;<
2022-02-11;09:07:51;88,44;;300;-;-;;LB,CT;88,42;88,54;<
2022-02-11;09:07:51;88,44;;198;-;-;;LB,CT;88,42;88,54;<
2022-02-11;09:07:50;88,48;;61;-;-;;LB,CT;88,44;88,58;<
2022-02-11;09:07:50;88,48;;23;-;-;;LB,CT;88,44;88,58;<
2022-02-11;09:07:50;88,48;;7;-;-;;LB,CT;88,44;88,58;<
2022-02-11;09:07:50;88,48;;30;-;-;;LB,CT;88,44;88,58;<
2022-02-11;09:07:43;88,48;;385;-;-;;LB,CT;88,48;88,62;<
2022-02-11;09:07:43;88,58;;237;-;-;;LB,CT;88,48;88,62;<
2022-02-11;09:07:43;88,58;;38;-;-;;LB,CT;88,48;88,62;<
2022-02-11;09:07:43;88,58;;1149;-;-;;LB,CT;88,48;88,62;<
2022-02-11;09:07:43;88,58;;113;-;-;;LB,CT;88,44;88,58;>
2022-02-11;09:07:43;88,58;;700;-;-;;LB,CT;88,44;88,58;>
2022-02-11;09:07:40;88,44;;26;-;-;;LB,CT;88,44;88,58;<
2022-02-11;09:07:33;88,5;;451;-;-;;LB,CT;88,42;88,58;<
2022-02-11;09:07:29;88,56;;319;-;-;;LB,CT;88,56;88,66;<
2022-02-11;09:07:26;88,54;;391;-;-;;LB,CT;88,54;88,64;<
2022-02-11;09:07:26;88,54;;111;-;-;;LB,CT;88,54;88,64;<
2022-02-11;09:07:26;88,54;;700;-;-;;LB,CT;88,54;88,64;<
2022-02-11;09:07:25;88,54;;166;-;-;;LB,CT;88,52;88,64;<
2022-02-11;09:07:25;88,54;;411;-;-;;LB,CT;88,52;88,64;<
2022-02-11;09:07:17;88,66;;48;-;-;STRO;OB,ON,PRIC,ALGO;88,58;88,7;>
2022-02-11;09:07:17;88,7;;634;-;-;;LB,CT;88,58;88,7;>
2022-02-11;09:07:17;88,66;;418;-;-;;LB,CT;88,58;88,7;>
2022-02-11;09:07:08;88,62;;180;-;-;;LB,CT;88,52;88,62;>
2022-02-11;09:07:05;88,52;;70;-;-;;LB,CT;88,52;88,62;<
2022-02-11;09:07:05;88,52;;80;-;-;;LB,CT;88,52;88,62;<
2022-02-11;09:07:04;88,5;;208;-;-;;LB,CT;88,5;88,6;<
2022-02-11;09:07:04;88,5;;145;-;-;;LB,CT;88,5;88,6;<
2022-02-11;09:07:03;88,5;;57;-;-;;LB,CT;88,5;88,6;<
2022-02-11;09:07:02;88,5;;37;-;-;;LB,CT;88,5;88,6;<
2022-02-11;09:07:01;88,52;;2;-;-;;LB,CT;88,5;88,6;<
2022-02-11;09:07:00;88,6;;221;-;-;;LB,CT;88,52;88,64;<
2022-02-11;09:07:00;88,6;;65;-;-;;LB,CT;88,52;88,64;<
2022-02-11;09:07:00;88,62;;260;-;-;;LB,CT;88,62;88,7;<
2022-02-11;09:06:42;88,6;;32;-;-;;LB,CT;88,6;88,74;<
2022-02-11;09:06:40;88,7;;119;-;-;;LB,CT;88,7;88,82;<
2022-02-11;09:06:40;88,72;;149;-;-;;LB,CT;88,7;88,82;<
2022-02-11;09:06:40;88,72;;54;-;-;;LB,CT;88,7;88,82;<
2022-02-11;09:06:38;88,72;;34;-;-;;LB,CT;88,72;88,88;<
2022-02-11;09:06:37;88,72;;23;-;-;;LB,CT;88,72;88,82;<
2022-02-11;09:06:37;88,74;;132;-;-;;LB,CT;88,72;88,82;<
2022-02-11;09:06:37;88,74;;70;-;-;;LB,CT;88,72;88,82;<
2022-02-11;09:06:37;88,74;;112;-;-;;LB,CT;88,72;88,82;<
2022-02-11;09:06:37;88,74;;447;-;-;;LB,CT;88,72;88,82;<
2022-02-11;09:06:35;88,8;;500;-;-;;LB,CT;88,62;88,82;>
2022-02-11;09:06:35;88,8;;483;-;-;;LB,CT;88,62;88,82;>
2022-02-11;09:06:35;88,78;;399;-;-;;LB,CT;88,62;88,82;>
2022-02-11;09:06:35;88,76;;6;-;-;;LB,CT;88,62;88,82;>
2022-02-11;09:06:35;88,72;;700;-;-;;LB,CT;88,62;88,82;>
2022-02-11;09:06:34;88,6;;29;-;-;;LB,CT;88,6;88,72;<
2022-02-11;09:06:12;88,56;;1;-;-;;LB,CT;88,56;88,68;<
2022-02-11;09:06:12;88,68;;5;-;-;;LB,CT;88,56;88,72;>
2022-02-11;09:06:05;88,52;;134;-;-;;LB,CT;88,52;88,66;<
2022-02-11;09:06:02;88,52;;45;-;-;;LB,CT;88,52;88,66;<
2022-02-11;09:06:02;88,5;;47;-;-;;LB,CT;88,5;88,66;<
2022-02-11;09:06:02;88,5;;6;-;-;;LB,CT;88,5;88,66;<
2022-02-11;09:06:00;88,56;;9;-;-;;LB,CT;88,5;88,66;<
2022-02-11;09:05:55;88,62;;259;-;-;;LB,CT;88,52;88,7;<
2022-02-11;09:05:39;88,74;;2;-;-;;LB,CT;88,62;88,76;<
2022-02-11;09:05:25;88,64;;288;-;-;;LB,CT;88,62;88,7;<
2022-02-11;09:05:25;88,64;;154;-;-;;LB,CT;88,62;88,7;<
2022-02-11;09:05:20;88,66;;308;-;-;;LB,CT;88,66;88,76;<
2022-02-11;09:05:20;88,66;;95;-;-;;LB,CT;88,66;88,76;<
2022-02-11;09:05:20;88,68;;118;-;-;;LB,CT;88,66;88,8;<
2022-02-11;09:05:19;88,72;;260;-;-;;LB,CT;88,66;88,78;<
2022-02-11;09:05:19;88,68;;50;-;-;;LB,CT;88,66;88,78;<
2022-02-11;09:05:19;88,72;;253;-;-;;LB,CT;88,66;88,78;>
2022-02-11;09:05:19;88,72;;9;-;-;;LB,CT;88,66;88,78;<
2022-02-11;09:05:15;88,84;;16;-;-;;LB,CT;88,68;88,92;>
2022-02-11;09:05:08;88,74;;95;-;-;;LB,CT;88,58;88,74;>
2022-02-11;09:05:08;88,6;;122;-;-;;LB,CT;88,58;88,74;>
2022-02-11;09:05:08;88,6;;273;-;-;;LB,CT;88,58;88,74;>
2022-02-11;09:05:08;88,6;;331;-;-;;LB,CT;88,58;88,74;>
2022-02-11;09:05:08;88,58;;102;-;-;;LB,CT;88,58;88,74;>
2022-02-11;09:05:08;88,56;;700;-;-;;LB,CT;88,58;88,74;>
2022-02-11;09:05:08;88,56;;52;-;-;;LB,CT;88,78;88,92;<
2022-02-11;09:05:08;88,62;;330;-;-;;LB,CT;88,78;88,92;<
2022-02-11;09:05:08;88,62;;479;-;-;;LB,CT;88,78;88,92;<
2022-02-11;09:05:08;88,62;;407;-;-;;LB,CT;88,78;88,92;<
2022-02-11;09:05:08;88,64;;523;-;-;;LB,CT;88,78;88,92;<
2022-02-11;09:05:08;88,66;;129;-;-;;LB,CT;88,78;88,92;<
2022-02-11;09:05:08;88,66;;488;-;-;;LB,CT;88,78;88,92;<
2022-02-11;09:05:08;88,68;;462;-;-;;LB,CT;88,78;88,92;<
2022-02-11;09:05:08;88,7;;496;-;-;;LB,CT;88,78;88,92;<
2022-02-11;09:05:08;88,7;;430;-;-;;LB,CT;88,78;88,92;<
2022-02-11;09:05:08;88,7;;790;-;-;;LB,CT;88,78;88,92;<
2022-02-11;09:05:08;88,74;;147;-;-;;LB,CT;88,78;88,92;<
2022-02-11;09:05:08;88,76;;43;-;-;;LB,CT;88,78;88,92;<
2022-02-11;09:05:08;88,76;;10;-;-;;LB,CT;88,78;88,92;<
2022-02-11;09:05:08;88,76;;347;-;-;;LB,CT;88,78;88,92;<
2022-02-11;09:05:08;88,78;;700;-;-;;LB,CT;88,78;88,92;<
2022-02-11;09:04:42;88,76;;147;-;-;;LB,CT;88,6;88,76;<
2022-02-11;09:04:42;88,76;;353;-;-;;LB,CT;88,6;88,76;>
2022-02-11;09:04:42;88,76;;500;-;-;;LB,CT;88,6;88,76;>
2022-02-11;09:04:29;88,72;;300;-;-;;LB,CT;88,56;88,72;>
2022-02-11;09:04:29;88,72;;700;-;-;;LB,CT;88,56;88,72;>
2022-02-11;09:04:24;88,72;;2900;-;-;;LB,CT;88,58;88,72;<
2022-02-11;09:04:24;88,72;;2500;-;-;;LB,CT;88,54;88,66;>
2022-02-11;09:04:24;88,66;;200;-;-;;LB,CT;88,54;88,66;>
2022-02-11;09:04:18;88,64;;700;-;-;;LB,CT;88,56;88,66;>
2022-02-11;09:04:13;88,64;;39;-;-;;LB,CT;88,52;88,64;>
2022-02-11;09:04:10;88,64;;700;-;-;;LB,CT;88,44;88,64;>
2022-02-11;09:04:10;88,6;;200;-;-;;LB,CT;88,44;88,64;<
2022-02-11;09:04:07;88,59;;109;-;-;CROS;PA,UA;88,52;88,66;
2022-02-11;09:04:07;88,59;;109;-;-;AOD;PA,UA;88,52;88,66;
2022-02-11;09:04:03;88,62;;100;-;-;;LB,CT;88,5;88,66;>
2022-02-11;09:04:03;88,6;;328;-;-;;LB,CT;88,5;88,66;>
2022-02-11;09:04:03;88,6;;700;-;-;;LB,CT;88,5;88,66;>
2022-02-11;09:04:00;88,62;;300;-;-;;LB,CT;88,44;88,62;>
2022-02-11;09:03:50;88,56;;1;-;-;STRO;OB,ON,PRIC,ALGO;88,44;88,62;<
2022-02-11;09:03:50;88,58;;8;-;-;;LB,CT;88,44;88,62;<
2022-02-11;09:03:43;88,48;;700;-;-;;LB,CT;88,26;88,44;>
2022-02-11;09:03:43;88,46;;299;-;-;;LB,CT;88,26;88,44;>
2022-02-11;09:03:43;88,44;;700;-;-;;LB,CT;88,26;88,44;>
2022-02-11;09:03:42;88,38;;258;-;-;;LB,CT;88,28;88,44;<
2022-02-11;09:03:42;88,1;;900;-;-;;LB,CT;88,4;88,54;<
2022-02-11;09:03:42;88,16;;2000;-;-;;LB,CT;88,4;88,54;<
2022-02-11;09:03:42;88,16;;495;-;-;;LB,CT;88,4;88,54;<
2022-02-11;09:03:42;88,18;;518;-;-;;LB,CT;88,4;88,54;<
2022-02-11;09:03:42;88,2;;500;-;-;;LB,CT;88,4;88,54;<
2022-02-11;09:03:42;88,2;;200;-;-;;LB,CT;88,4;88,54;<
2022-02-11;09:03:42;88,28;;489;-;-;;LB,CT;88,4;88,54;<
2022-02-11;09:03:42;88,3;;430;-;-;;LB,CT;88,4;88,54;<
2022-02-11;09:03:42;88,3;;467;-;-;;LB,CT;88,4;88,54;<
2022-02-11;09:03:42;88,3;;500;-;-;;LB,CT;88,4;88,54;<
2022-02-11;09:03:42;88,32;;502;-;-;;LB,CT;88,4;88,54;<
2022-02-11;09:03:42;88,36;;6;-;-;;LB,CT;88,4;88,54;<
2022-02-11;09:03:42;88,36;;182;-;-;;LB,CT;88,4;88,54;<
2022-02-11;09:03:42;88,36;;580;-;-;;LB,CT;88,4;88,54;<
2022-02-11;09:03:42;88,36;;1;-;-;;LB,CT;88,4;88,54;<
2022-02-11;09:03:42;88,38;;67;-;-;;LB,CT;88,4;88,54;<
2022-02-11;09:03:42;88,38;;733;-;-;;LB,CT;88,4;88,54;<
2022-02-11;09:03:42;88,38;;11;-;-;;LB,CT;88,4;88,54;<
2022-02-11;09:03:42;88,4;;488;-;-;;LB,CT;88,4;88,54;<
2022-02-11;09:03:41;88,4;;12;-;-;;LB,CT;88,4;88,54;<
2022-02-11;09:03:40;88,4;;100;-;-;;LB,CT;88,38;88,54;<
2022-02-11;09:03:12;88,42;;665;-;-;;LB,CT;88,42;88,66;<
2022-02-11;09:03:12;88,42;;35;-;-;;LB,CT;88,42;88,66;<
2022-02-11;09:03:12;88,5;;449;-;-;;LB,CT;88,32;88,5;>
2022-02-11;09:03:12;88,44;;316;-;-;;LB,CT;88,32;88,5;>
2022-02-11;09:03:12;88,44;;700;-;-;;LB,CT;88,32;88,5;>
2022-02-11;09:03:11;88,26;;349;-;-;;LB,CT;88,26;88,48;<
2022-02-11;09:03:11;88,26;;651;-;-;;LB,CT;88,26;88,48;<
2022-02-11;09:03:08;88,26;;114;-;-;;LB,CT;88,22;88,44;<
2022-02-11;09:03:08;88,26;;200;-;-;;LB,CT;88,22;88,44;<
2022-02-11;09:02:54;88,4;;1;-;-;;LB,CT;88,2;88,4;>
2022-02-11;09:02:46;88,44;;100;-;-;;LB,CT;88,2;88,44;>
2022-02-11;09:02:38;88,28;;54;-;-;STRO;OB,ON,PRIC,ALGO;88,22;88,44;
2022-02-11;09:02:18;88,19;;11;-;-;CROS;PA,UA;88,04;88,34;
2022-02-11;09:02:18;88,19;;11;-;-;AOD;PA,UA;88,04;88,34;
2022-02-11;09:02:17;88,36;;141;-;-;;LB,CT;88,22;88,42;<
2022-02-11;09:02:17;88,36;;130;-;-;;LB,CT;88,22;88,42;<
2022-02-11;09:02:17;88,38;;367;-;-;;LB,CT;88,22;88,42;<
2022-02-11;09:02:08;88,4;;396;-;-;;LB,CT;88,36;88,54;<
2022-02-11;09:02:08;88,4;;136;-;-;;LB,CT;88,36;88,54;<
2022-02-11;09:02:08;88,42;;652;-;-;;LB,CT;88,36;88,54;<
2022-02-11;09:02:08;88,42;;498;-;-;;LB,CT;88,36;88,54;<
2022-02-11;09:02:08;88,46;;57;-;-;;LB,CT;88,42;88,58;>
2022-02-11;09:02:05;88,46;;194;-;-;;LB,CT;88,46;88,64;<
2022-02-11;09:02:05;88,46;;317;-;-;;LB,CT;88,46;88,64;<
2022-02-11;09:02:05;88,46;;11;-;-;;LB,CT;88,46;88,64;<
2022-02-11;09:02:02;88,52;;81;-;-;;LB,CT;88,3;88,46;>
2022-02-11;09:02:02;88,5;;750;-;-;;LB,CT;88,3;88,46;>
2022-02-11;09:02:02;88,5;;10903;-;-;;LB,CT;88,3;88,46;>
2022-02-11;09:02:02;88,5;;134;-;-;;LB,CT;88,3;88,46;>
2022-02-11;09:02:02;88,5;;1000;-;-;;LB,CT;88,3;88,46;>
2022-02-11;09:02:02;88,46;;454;-;-;;LB,CT;88,3;88,46;>
2022-02-11;09:02:02;88,46;;517;-;-;;LB,CT;88,3;88,46;>
2022-02-11;09:01:59;88,46;;29;-;-;;LB,CT;88,3;88,46;>
2022-02-11;09:01:58;88,38;;347;-;-;;LB,CT;88,24;88,38;>
2022-02-11;09:01:58;88,38;;1523;-;-;;LB,CT;88,24;88,38;>
2022-02-11;09:01:58;88,38;;3046;-;-;;LB,CT;88,24;88,38;>
2022-02-11;09:01:54;88,26;;303;-;-;;LB,CT;88,26;88,38;<
2022-02-11;09:01:53;88,24;;137;-;-;;LB,CT;88,16;88,38;>
2022-02-11;09:01:53;88,24;;5;-;-;;LB,CT;88,16;88,38;>
2022-02-11;09:01:53;88,12;;687;-;-;;LB,CT;88,16;88,38;<
2022-02-11;09:01:53;88,14;;700;-;-;;LB,CT;88,16;88,38;<
2022-02-11;09:01:31;88,14;;700;-;-;;LB,CT;88,1;88,24;<
2022-02-11;09:01:29;88,04;;348;-;-;;LB,CT;87,98;88,2;<
2022-02-11;09:01:29;88,06;;7;-;-;;LB,CT;87,98;88,2;<
2022-02-11;09:01:29;88,1;;114;-;-;;LB,CT;87,98;88,2;<
2022-02-11;09:01:29;88,1;;281;-;-;;LB,CT;87,98;88,2;<
2022-02-11;09:01:26;88,12;;700;-;-;;LB,CT;88,08;88,24;<
2022-02-11;09:01:26;88,22;;234;-;-;;LB,CT;88,08;88,24;>
2022-02-11;09:01:26;88,22;;45;-;-;;LB,CT;88,08;88,24;>
2022-02-11;09:01:26;88,22;;459;-;-;;LB,CT;88,08;88,24;>
2022-02-11;09:01:26;88,22;;496;-;-;;LB,CT;88,08;88,24;>
2022-02-11;09:01:22;88,12;;3300;-;-;;LB,CT;88,02;88,22;>
2022-02-11;09:01:20;88,12;;700;-;-;;LB,CT;87,96;88,14;>
2022-02-11;09:00:59;88,04;;11;-;-;;LB,CT;87,82;88,04;>
2022-02-11;09:00:58;87,9;;15;-;-;;LB,CT;87,8;88,04;<
2022-02-11;09:00:58;87,92;;119;-;-;;LB,CT;87,8;88,04;<
2022-02-11;09:00:58;87,92;;564;-;-;;LB,CT;87,8;88,04;<
2022-02-11;09:00:58;87,92;;150;-;-;;LB,CT;87,8;88,04;<
2022-02-11;09:00:58;87,92;;50;-;-;;LB,CT;87,8;88,04;<
2022-02-11;09:00:25;88,04;;335;-;-;;LB,CT;87,82;88,24;>
2022-02-11;09:00:25;88,04;;417;-;-;;LB,CT;87,82;88,24;>
2022-02-11;09:00:25;87,96;;429;-;-;;LB,CT;87,56;87,8;>
2022-02-11;09:00:25;87,96;;1;-;-;;LB,CT;87,56;87,8;>
2022-02-11;09:00:25;87,92;;1323;-;-;;LB,CT;87,56;87,8;>
2022-02-11;09:00:25;87,92;;438;-;-;;LB,CT;87,56;87,8;>
2022-02-11;09:00:25;87,86;;467;-;-;;LB,CT;87,56;87,8;>
2022-02-11;09:00:25;87,82;;3341;-;-;;LB,CT;87,56;87,8;>
2022-02-11;09:00:25;87,8;;213;-;-;;LB,CT;87,56;87,8;>
2022-02-11;09:00:24;87,82;;88;-;-;;LB,CT;87,6;87,82;>
2022-02-11;09:00:22;87,72;;700;-;-;;LB,CT;87,8;87,96;<
2022-02-11;09:00:22;87,72;;332;-;-;;LB,CT;87,8;87,96;<
2022-02-11;09:00:22;87,74;;488;-;-;;LB,CT;87,8;87,96;<
2022-02-11;09:00:22;87,76;;488;-;-;;LB,CT;87,8;87,96;<
2022-02-11;09:00:22;87,76;;155;-;-;;LB,CT;87,8;87,96;<
2022-02-11;09:00:22;87,8;;109;-;-;;LB,CT;87,8;87,96;<
2022-02-11;09:00:22;87,8;;161;-;-;;LB,CT;87,8;87,96;<
2022-02-11;09:00:22;87,8;;138;-;-;;LB,CT;87,8;87,96;<
2022-02-11;09:00:22;87,8;;129;-;-;;LB,CT;87,8;87,96;<
2022-02-11;09:00:05;87,76;;100;-;-;STRO;OB,ON,PRIC,ALGO;87,8;88,02;
2022-02-11;09:00:05;87,84;;1526;-;-;CROS;PA,UA;87,8;88,02;
2022-02-11;09:00:05;87,84;;1526;-;-;AOD;PA,UA;87,74;88,06;
2022-02-11;09:00:00;88,18;;152;-;-;CROS;LB,OA;87,78;88;>
2022-02-11;09:00:00;88,18;;2;-;-;CROS;LB,OA;87,78;88;>
2022-02-11;09:00:00;88,18;;246;-;-;CROS;LB,OA;87,78;88;>
2022-02-11;09:00:00;88,18;;354;-;-;CROS;LB,OA;87,78;88;>
2022-02-11;09:00:00;88,18;;850;-;-;CROS;LB,OA;87,78;88;>
2022-02-11;09:00:00;88,18;;6;-;-;CROS;LB,OA;87,78;88;>
2022-02-11;09:00:00;88,18;;20;-;-;CROS;LB,OA;87,78;88;>
2022-02-11;09:00:00;88,18;;5;-;-;CROS;LB,OA;87,78;88;>
2022-02-11;09:00:00;88,18;;3;-;-;CROS;LB,OA;87,78;88;>
2022-02-11;09:00:00;88,18;;9;-;-;CROS;LB,OA;87,78;88;>
2022-02-11;09:00:00;88,18;;50;-;-;CROS;LB,OA;87,78;88;>
2022-02-11;09:00:00;88,18;;20;-;-;CROS;LB,OA;87,78;88;>
2022-02-11;09:00:00;88,18;;780;-;-;CROS;LB,OA;87,78;88;>
2022-02-11;09:00:00;88,18;;6;-;-;CROS;LB,OA;87,78;88;>
2022-02-11;09:00:00;88,18;;400;-;-;CROS;LB,OA;87,78;88;>
2022-02-11;09:00:00;88,18;;2918;-;-;CROS;LB,OA;87,78;88;>
2022-02-11;09:00:00;88,18;;238;-;-;CROS;LB,OA;87,78;88;>
2022-02-11;09:00:00;88,18;;1034;-;-;CROS;LB,OA;87,78;88;>
2022-02-11;09:00:00;88,18;;810;-;-;CROS;LB,OA;87,78;88;>
2022-02-11;09:00:00;88,18;;270;-;-;CROS;LB,OA;87,78;88;>
2022-02-11;09:00:00;88,18;;30;-;-;CROS;LB,OA;87,78;88;>
2022-02-11;09:00:00;88,18;;50;-;-;CROS;LB,OA;87,78;88;>
2022-02-11;09:00:00;88,18;;10;-;-;CROS;LB,OA;87,78;88;>
2022-02-11;09:00:00;88,18;;20;-;-;CROS;LB,OA;87,78;88;>
2022-02-11;09:00:00;88,18;;24;-;-;CROS;LB,OA;87,78;88;>
2022-02-11;09:00:00;88,18;;398;-;-;CROS;LB,OA;87,78;88;>
2022-02-11;09:00:00;88,18;;700;-;-;CROS;LB,OA;87,78;88;>
2022-02-11;09:00:00;88,18;;235;-;-;CROS;LB,OA;87,78;88;>
2022-02-11;09:00:00;88,18;;56;-;-;CROS;LB,OA;87,78;88;>
2022-02-11;09:00:00;88,18;;5;-;-;CROS;LB,OA;87,78;88;>
2022-02-11;09:00:00;88,18;;4;-;-;CROS;LB,OA;87,78;88;>
2022-02-11;09:00:00;88,18;;2;-;-;CROS;LB,OA;87,78;88;>
2022-02-11;09:00:00;88,18;;112;-;-;CROS;LB,OA;87,78;88;>
2022-02-11;09:00:00;88,18;;6;-;-;CROS;LB,OA;87,78;88;>
2022-02-11;09:00:00;88,18;;6;-;-;CROS;LB,OA;87,78;88;>
2022-02-11;09:00:00;88,18;;5;-;-;CROS;LB,OA;87,78;88;>
2022-02-11;09:00:00;88,18;;39;-;-;CROS;LB,OA;87,78;88;>
2022-02-11;09:00:00;88,18;;7;-;-;CROS;LB,OA;87,78;88;>
2022-02-11;09:00:00;88,18;;25;-;-;CROS;LB,OA;87,78;88;>
2022-02-11;09:00:00;88,18;;120;-;-;CROS;LB,OA;87,78;88;>
2022-02-11;09:00:00;88,18;;11;-;-;CROS;LB,OA;87,78;88;>
2022-02-11;09:00:00;88,18;;12;-;-;CROS;LB,OA;87,78;88;>
2022-02-11;09:00:00;88,18;;1000;-;-;CROS;LB,OA;87,78;88;>
2022-02-11;09:00:00;88,18;;560;-;-;CROS;LB,OA;87,78;88;>
2022-02-11;09:00:00;88,18;;336;-;-;CROS;LB,OA;87,78;88;>
2022-02-11;09:00:00;88,18;;5;-;-;CROS;LB,OA;87,78;88;>
2022-02-11;09:00:00;88,18;;22;-;-;CROS;LB,OA;87,78;88;>
2022-02-11;09:00:00;88,18;;11;-;-;CROS;LB,OA;87,78;88;>
2022-02-11;09:00:00;88,18;;6;-;-;CROS;LB,OA;87,78;88;>
2022-02-11;09:00:00;88,18;;100;-;-;CROS;LB,OA;87,78;88;>
2022-02-11;09:00:00;88,18;;5;-;-;CROS;LB,OA;87,78;88;>
2022-02-11;09:00:00;88,18;;3;-;-;CROS;LB,OA;87,78;88;>
2022-02-11;09:00:00;88,18;;24;-;-;CROS;LB,OA;87,78;88;>
2022-02-11;09:00:00;88,18;;300;-;-;CROS;LB,OA;87,78;88;>
2022-02-11;09:00:00;88,18;;18;-;-;CROS;LB,OA;87,78;88;>
2022-02-11;09:00:00;88,18;;10;-;-;CROS;LB,OA;87,78;88;>
2022-02-11;09:00:00;88,18;;25;-;-;CROS;LB,OA;87,78;88;>
2022-02-11;09:00:00;88,18;;20;-;-;CROS;LB,OA;87,78;88;>
2022-02-11;09:00:00;88,18;;11;-;-;CROS;LB,OA;87,78;88;>
2022-02-11;09:00:00;88,18;;400;-;-;CROS;LB,OA;87,78;88;>
2022-02-11;09:00:00;88,18;;80;-;-;CROS;LB,OA;87,78;88;>
2022-02-11;09:00:00;88,18;;200;-;-;CROS;LB,OA;87,78;88;>
2022-02-11;09:00:00;88,18;;70;-;-;CROS;LB,OA;87,78;88;>
2022-02-11;09:00:00;88,18;;90;-;-;CROS;LB,OA;87,78;88;>
2022-02-11;09:00:00;88,18;;10;-;-;CROS;LB,OA;87,78;88;>
2022-02-11;09:00:00;88,18;;550;-;-;CROS;LB,OA;87,78;88;>
2022-02-11;09:00:00;88,18;;6;-;-;CROS;LB,OA;87,78;88;>
2022-02-11;09:00:00;88,18;;115;-;-;CROS;LB,OA;87,78;88;>
2022-02-11;09:00:00;88,18;;2;-;-;CROS;LB,OA;87,78;88;>
2022-02-11;09:00:00;88,18;;7;-;-;CROS;LB,OA;87,78;88;>
2022-02-11;09:00:00;88,18;;2;-;-;CROS;LB,OA;87,78;88;>
2022-02-11;09:00:00;88,18;;2;-;-;CROS;LB,OA;87,78;88;>
2022-02-11;09:00:00;88,18;;40;-;-;CROS;LB,OA;87,78;88;>
2022-02-11;09:00:00;88,18;;56;-;-;CROS;LB,OA;87,78;88;>
2022-02-11;09:00:00;88,18;;26;-;-;CROS;LB,OA;87,78;88;>
2022-02-11;09:00:00;88,18;;2;-;-;CROS;LB,OA;87,78;88;>
2022-02-11;09:00:00;88,18;;33;-;-;CROS;LB,OA;87,78;88;>
2022-02-11;09:00:00;88,18;;15;-;-;CROS;LB,OA;87,78;88;>
2022-02-11;09:00:00;88,18;;200;-;-;CROS;LB,OA;87,78;88;>
2022-02-11;09:00:00;88,18;;44;-;-;CROS;LB,OA;87,78;88;>
2022-02-11;09:00:00;88,18;;5;-;-;CROS;LB,OA;87,78;88;>
2022-02-11;09:00:00;88,18;;10;-;-;CROS;LB,OA;87,78;88;>
2022-02-11;09:00:00;88,18;;5;-;-;CROS;LB,OA;87,78;88;>
2022-02-11;09:00:00;88,18;;2;-;-;CROS;LB,OA;87,78;88;>
2022-02-11;09:00:00;88,18;;44;-;-;CROS;LB,OA;87,78;88;>
2022-02-11;09:00:00;88,18;;112;-;-;CROS;LB,OA;87,78;88;>
2022-02-11;09:00:00;88,18;;5;-;-;CROS;LB,OA;87,78;88;>
2022-02-11;09:00:00;88,18;;3;-;-;CROS;LB,OA;87,78;88;>
2022-02-11;09:00:00;88,18;;63;-;-;CROS;LB,OA;87,78;88;>
2022-02-11;09:00:00;88,18;;49;-;-;CROS;LB,OA;87,78;88;>
2022-02-11;09:00:00;88,18;;11;-;-;CROS;LB,OA;87,78;88;>
2022-02-11;09:00:00;88,18;;25;-;-;CROS;LB,OA;87,78;88;>
2022-02-11;09:00:00;88,18;;40;-;-;CROS;LB,OA;87,78;88;>
2022-02-11;09:00:00;88,18;;4;-;-;CROS;LB,OA;87,78;88;>
2022-02-11;09:00:00;88,18;;1;-;-;CROS;LB,OA;87,78;88;>
2022-02-11;09:00:00;88,18;;100;-;-;CROS;LB,OA;87,78;88;>
2022-02-11;09:00:00;88,18;;1;-;-;CROS;LB,OA;87,78;88;>
2022-02-11;09:00:00;88,18;;560;-;-;CROS;LB,OA;87,78;88;>
2022-02-11;09:00:00;88,18;;11;-;-;CROS;LB,OA;87,78;88;>
2022-02-11;09:00:00;88,18;;2;-;-;CROS;LB,OA;87,78;88;>
2022-02-11;09:00:00;88,18;;2;-;-;CROS;LB,OA;87,78;88;>
2022-02-11;09:00:00;88,18;;22;-;-;CROS;LB,OA;87,78;88;>
2022-02-11;09:00:00;88,18;;10;-;-;CROS;LB,OA;87,78;88;>
2022-02-11;09:00:00;88,18;;80;-;-;CROS;LB,OA;87,78;88;>
2022-02-11;09:00:00;88,18;;5;-;-;CROS;LB,OA;87,78;88;>
2022-02-11;09:00:00;88,18;;1;-;-;CROS;LB,OA;87,78;88;>
2022-02-11;09:00:00;88,18;;1;-;-;CROS;LB,OA;87,78;88;>
2022-02-11;09:00:00;88,18;;1;-;-;CROS;LB,OA;87,78;88;>
2022-02-11;09:00:00;88,18;;107;-;-;CROS;LB,OA;87,78;88;>
2022-02-11;09:00:00;88,18;;117;-;-;CROS;LB,OA;87,78;88;>
2022-02-11;09:00:00;88,18;;2;-;-;CROS;LB,OA;87,78;88;>
2022-02-11;09:00:00;88,18;;8;-;-;CROS;LB,OA;87,78;88;>
2022-02-11;09:00:00;88,18;;33;-;-;CROS;LB,OA;87,78;88;>
2022-02-11;09:00:00;88,18;;224;-;-;CROS;LB,OA;87,78;88;>
2022-02-11;09:00:00;88,18;;77;-;-;CROS;LB,OA;87,78;88;>
2022-02-11;09:00:00;88,18;;35;-;-;CROS;LB,OA;87,78;88;>
2022-02-11;09:00:00;88,18;;3;-;-;CROS;LB,OA;87,78;88;>
2022-02-11;09:00:00;88,18;;2;-;-;CROS;LB,OA;87,78;88;>
2022-02-11;09:00:00;88,18;;280;-;-;CROS;LB,OA;87,78;88;>
2022-02-11;09:00:00;88,18;;224;-;-;CROS;LB,OA;87,78;88;>
2022-02-11;09:00:00;88,18;;3;-;-;CROS;LB,OA;87,78;88;>
2022-02-11;09:00:00;88,18;;5;-;-;CROS;LB,OA;87,78;88;>
2022-02-11;09:00:00;88,18;;1;-;-;CROS;LB,OA;87,78;88;>
2022-02-11;09:00:00;88,18;;100;-;-;CROS;LB,OA;87,78;88;>
2022-02-11;09:00:00;88,18;;134;-;-;CROS;LB,OA;87,78;88;>
2022-02-11;09:00:00;88,18;;40;-;-;CROS;LB,OA;87,78;88;>
2022-02-11;09:00:00;88,18;;12;-;-;CROS;LB,OA;87,78;88;>
2022-02-11;09:00:00;88,18;;500;-;-;CROS;LB,OA;87,78;88;>
2022-02-11;09:00:00;88,18;;3;-;-;CROS;LB,OA;87,78;88;>
2022-02-11;09:00:00;88,18;;22;-;-;CROS;LB,OA;87,78;88;>
2022-02-11;09:00:00;88,18;;8;-;-;CROS;LB,OA;87,78;88;>
2022-02-11;09:00:00;88,18;;1;-;-;CROS;LB,OA;87,78;88;>
2022-02-11;09:00:00;88,18;;6;-;-;CROS;LB,OA;87,78;88;>
2022-02-11;09:00:00;88,18;;111;-;-;CROS;LB,OA;87,78;88;>
2022-02-11;09:00:00;88,18;;55;-;-;CROS;LB,OA;87,78;88;>
2022-02-11;09:00:00;88,18;;13;-;-;CROS;LB,OA;87,78;88;>
2022-02-11;09:00:00;88,18;;10;-;-;CROS;LB,OA;87,78;88;>
2022-02-11;09:00:00;88,18;;16;-;-;CROS;LB,OA;87,78;88;>
2022-02-11;09:00:00;88,18;;20;-;-;CROS;LB,OA;87,78;88;>
2022-02-11;09:00:00;88,18;;15;-;-;CROS;LB,OA;87,78;88;>
2022-02-11;09:00:00;88,18;;33;-;-;CROS;LB,OA;87,78;88;>
2022-02-11;09:00:00;88,18;;15;-;-;CROS;LB,OA;87,78;88;>
2022-02-11;09:00:00;88,18;;13;-;-;CROS;LB,OA;87,78;88;>
2022-02-11;09:00:00;88,18;;1;-;-;CROS;LB,OA;87,78;88;>
2022-02-11;09:00:00;88,18;;76;-;-;CROS;LB,OA;87,78;88;>
2022-02-11;09:00:00;88,18;;224;-;-;CROS;LB,OA;87,78;88;>
2022-02-11;09:00:00;88,18;;437;-;-;CROS;LB,OA;87,78;88;>
2022-02-11;09:00:00;88,18;;4;-;-;CROS;LB,OA;87,78;88;>
2022-02-11;09:00:00;88,18;;10;-;-;CROS;LB,OA;87,78;88;>
2022-02-11;09:00:00;88,18;;225;-;-;CROS;LB,OA;87,78;88;>
2022-02-11;09:00:00;88,18;;31;-;-;CROS;LB,OA;87,78;88;>
2022-02-11;09:00:00;88,18;;30;-;-;CROS;LB,OA;87,78;88;>
2022-02-11;09:00:00;88,18;;12;-;-;CROS;LB,OA;87,78;88;>
2022-02-11;09:00:00;88,18;;5;-;-;CROS;LB,OA;87,78;88;>
2022-02-11;09:00:00;88,18;;28;-;-;CROS;LB,OA;87,78;88;>
2022-02-11;09:00:00;88,18;;1;-;-;CROS;LB,OA;87,78;88;>
2022-02-11;09:00:00;88,18;;5;-;-;CROS;LB,OA;87,78;88;>
2022-02-11;09:00:00;88,18;;3;-;-;CROS;LB,OA;87,78;88;>
2022-02-11;09:00:00;88,18;;15;-;-;CROS;LB,OA;87,78;88;>
2022-02-11;09:00:00;88,18;;10;-;-;CROS;LB,OA;87,78;88;>
2022-02-11;09:00:00;88,18;;5;-;-;CROS;LB,OA;87,78;88;>
2022-02-11;09:00:00;88,18;;1;-;-;CROS;LB,OA;87,78;88;>
2022-02-11;09:00:00;88,18;;4;-;-;CROS;LB,OA;87,78;88;>
2022-02-11;09:00:00;88,18;;4;-;-;CROS;LB,OA;87,78;88;>
2022-02-11;09:00:00;88,18;;2;-;-;CROS;LB,OA;87,78;88;>
2022-02-11;09:00:00;88,18;;2;-;-;CROS;LB,OA;87,78;88;>
2022-02-11;09:00:00;88,18;;100;-;-;CROS;LB,OA;87,78;88;>
2022-02-11;09:00:00;88,18;;5;-;-;CROS;LB,OA;87,78;88;>
2022-02-11;09:00:00;88,18;;10;-;-;CROS;LB,OA;87,78;88;>
2022-02-11;09:00:00;88,18;;34;-;-;CROS;LB,OA;87,78;88;>
2022-02-11;09:00:00;88,18;;296;-;-;CROS;LB,OA;87,78;88;>
2022-02-11;09:00:00;88,18;;1;-;-;CROS;LB,OA;87,78;88;>
2022-02-11;09:00:00;88,18;;6;-;-;CROS;LB,OA;87,78;88;>
2022-02-11;09:00:00;88,18;;20;-;-;CROS;LB,OA;87,78;88;>
2022-02-11;09:00:00;88,18;;120;-;-;CROS;LB,OA;87,78;88;>
2022-02-11;09:00:00;88,18;;10;-;-;CROS;LB,OA;87,78;88;>
2022-02-11;09:00:00;88,18;;8;-;-;CROS;LB,OA;87,78;88;>
2022-02-11;09:00:00;88,18;;102;-;-;CROS;LB,OA;87,78;88;>
2022-02-11;09:00:00;88,18;;10;-;-;CROS;LB,OA;87,78;88;>
2022-02-11;09:00:00;88,18;;10;-;-;CROS;LB,OA;87,78;88;>
2022-02-11;09:00:00;88,18;;40;-;-;CROS;LB,OA;87,78;88;>
2022-02-11;09:00:00;88,18;;56;-;-;CROS;LB,OA;87,78;88;>
2022-02-11;09:00:00;88,18;;50;-;-;CROS;LB,OA;87,78;88;>
2022-02-11;09:00:00;88,18;;5;-;-;CROS;LB,OA;87,78;88;>
2022-02-11;09:00:00;88,18;;157;-;-;CROS;LB,OA;87,78;88;>
2022-02-11;09:00:00;88,18;;500;-;-;CROS;LB,OA;87,78;88;>
2022-02-11;09:00:00;88,18;;422;-;-;CROS;LB,OA;87,78;88;>
2022-02-11;09:00:00;88,18;;506;-;-;CROS;LB,OA;87,78;88;>
2022-02-11;09:00:00;88,18;;338;-;-;CROS;LB,OA;87,78;88;>
2022-02-11;09:00:00;88,18;;507;-;-;CROS;LB,OA;87,78;88;>
2022-02-11;09:00:00;88,18;;970;-;-;CROS;LB,OA;87,78;88;>
2022-02-11;09:00:00;88,18;;70;-;-;CROS;LB,OA;87,78;88;>
2022-02-11;09:00:00;88,18;;100;-;-;CROS;LB,OA;87,78;88;>
2022-02-11;09:00:00;88,18;;500;-;-;CROS;LB,OA;87,78;88;>
2022-02-11;09:00:00;88,18;;482;-;-;CROS;LB,OA;87,78;88;>
2022-02-11;09:00:00;88,18;;18;-;-;CROS;LB,OA;87,78;88;>
2022-02-11;09:00:00;88,18;;10;-;-;CROS;LB,OA;87,78;88;>
2022-02-11;09:00:00;88,18;;1;-;-;CROS;LB,OA;87,78;88;>
2022-02-11;09:00:00;88,18;;71;-;-;CROS;LB,OA;87,78;88;>
2022-02-11;09:00:00;88,18;;29;-;-;CROS;LB,OA;87,78;88;>
2022-02-11;09:00:00;88,18;;68;-;-;CROS;LB,OA;87,78;88;>
2022-02-11;09:00:00;88,18;;97;-;-;CROS;LB,OA;87,78;88;>
2022-02-11;09:00:00;88,18;;97;-;-;CROS;LB,OA;87,78;88;>
2022-02-11;09:00:00;88,18;;3079;-;-;CROS;LB,OA;87,78;88;>
2022-02-11;09:00:00;88,18;;788;-;-;CROS;LB,OA;87,78;88;>
2022-02-11;09:00:00;88,18;;16;-;-;CROS;LB,OA;87,78;88;>
2022-02-11;09:00:00;88,18;;2021;-;-;CROS;LB,OA;87,78;88;>
2022-02-11;09:00:00;88,18;;75;-;-;CROS;LB,OA;87,78;88;>
2022-02-11;09:00:00;88,18;;75;-;-;CROS;LB,OA;87,78;88;>
2022-02-11;09:00:00;88,18;;50;-;-;CROS;LB,OA;87,78;88;>
2022-02-11;09:00:00;88,18;;60;-;-;CROS;LB,OA;87,78;88;>
2022-02-11;09:00:00;88,18;;169;-;-;CROS;LB,OA;87,78;88;>
2022-02-11;09:00:00;88,18;;317;-;-;CROS;LB,OA;87,78;88;>
2022-02-11;09:00:00;88,18;;359;-;-;CROS;LB,OA;87,78;88;>
2022-02-11;09:00:00;88,18;;36;-;-;CROS;LB,OA;87,78;88;>
2022-02-11;09:00:00;88,18;;756;-;-;CROS;LB,OA;87,78;88;>
2022-02-11;09:00:00;88,18;;6;-;-;CROS;LB,OA;87,78;88;>
2022-02-11;09:00:00;88,18;;1578;-;-;CROS;LB,OA;87,78;88;>
2022-02-11;09:00:00;88,18;;757;-;-;CROS;LB,OA;87,78;88;>
2022-02-11;09:00:00;88,18;;47;-;-;CROS;LB,OA;87,78;88;>
2022-02-11;09:00:00;88,18;;96;-;-;CROS;LB,OA;87,78;88;>
2022-02-11;09:00:00;88,18;;1;-;-;CROS;LB,OA;87,78;88;>
2022-02-11;09:00:00;88,18;;424;-;-;CROS;LB,OA;87,78;88;>
2022-02-11;09:00:00;88,18;;177;-;-;CROS;LB,OA;87,78;88;>
2022-02-11;09:00:00;88,18;;777;-;-;CROS;LB,OA;87,78;88;>
2022-02-11;09:00:00;88,18;;406;-;-;CROS;LB,OA;87,78;88;>
2022-02-11;09:00:00;88,18;;2882;-;-;CROS;LB,OA;87,78;88;>
2022-02-11;09:00:00;88,18;;12;-;-;CROS;LB,OA;87,78;88;>
2022-02-11;09:00:00;88,18;;16;-;-;CROS;LB,OA;87,78;88;>
2022-02-11;09:00:00;88,18;;1206;-;-;CROS;LB,OA;87,78;88;>
2022-02-11;09:00:00;88,18;;50;-;-;CROS;LB,OA;87,78;88;>
2022-02-11;09:00:00;88,18;;150;-;-;CROS;LB,OA;87,78;88;>
2022-02-11;09:00:00;88,18;;46;-;-;CROS;LB,OA;87,78;88;>
2022-02-11;09:00:00;88,18;;1;-;-;CROS;LB,OA;87,78;88;>
2022-02-11;09:00:00;88,18;;16;-;-;CROS;LB,OA;87,78;88;>
2022-02-11;09:00:00;88,18;;298;-;-;CROS;LB,OA;87,78;88;>
2022-02-11;09:00:00;88,18;;20;-;-;CROS;LB,OA;87,78;88;>
2022-02-11;09:00:00;88,18;;88;-;-;CROS;LB,OA;87,78;88;>
2022-02-11;09:00:00;88,18;;28;-;-;CROS;LB,OA;87,78;88;>
2022-02-11;09:00:00;88,18;;6;-;-;CROS;LB,OA;87,78;88;>
2022-02-11;09:00:00;88,18;;250;-;-;CROS;LB,OA;87,78;88;>
2022-02-11;09:00:00;88,18;;700;-;-;CROS;LB,OA;87,78;88;>
2022-02-11;09:00:00;88,18;;287;-;-;CROS;LB,OA;87,78;88;>
2022-02-11;09:00:00;88,18;;64;-;-;CROS;LB,OA;87,78;88;>
2022-02-11;09:00:00;88,18;;6;-;-;CROS;LB,OA;87,78;88;>
2022-02-11;09:00:00;88,18;;5;-;-;CROS;LB,OA;87,78;88;>
2022-02-11;09:00:02;88;;4;-;-;;LB,CT;87,9;88;>
2022-02-11;09:00:01;88;;6;-;-;;LB,CT;87,9;88;<
2022-02-11;09:00:01;88;;85;-;-;;LB,CT;87,9;88;<
2022-02-11;09:00:01;88;;90;-;-;;LB,CT;87,9;88;<
2022-02-11;09:00:01;88;;4;-;-;;LB,CT;87,9;88;<
2022-02-11;09:00:01;88;;24;-;-;;LB,CT;87,9;88;<
2022-02-11;09:00:01;88;;50;-;-;;LB,CT;87,9;88;<
2022-02-11;09:00:01;88;;12;-;-;;LB,CT;87,9;88;<
2022-02-11;09:00:01;88;;500;-;-;;LB,CT;87,9;88;<
2022-02-11;09:00:01;88;;7;-;-;;LB,CT;87,9;88;<
2022-02-11;09:00:01;88;;5;-;-;;LB,CT;87,9;88;<
2022-02-11;09:00:01;88;;100;-;-;;LB,CT;87,9;88;<
2022-02-11;09:00:01;88;;3;-;-;;LB,CT;87,9;88;<
2022-02-11;09:00:01;88;;250;-;-;;LB,CT;87,9;88;<
2022-02-11;09:00:01;88;;11;-;-;;LB,CT;87,9;88;<
2022-02-11;09:00:01;88;;1;-;-;;LB,CT;87,9;88;<
2022-02-11;09:00:01;88;;150;-;-;;LB,CT;87,9;88;<
2022-02-11;09:00:01;88;;200;-;-;;LB,CT;87,9;88;<
2022-02-11;09:00:01;88;;55;-;-;;LB,CT;87,9;88;<
2022-02-11;09:00:01;88;;500;-;-;;LB,CT;87,9;88;<
2022-02-11;09:00:01;88;;100;-;-;;LB,CT;87,9;88;<
2022-02-11;09:00:01;88,02;;1966;-;-;;LB,CT;87,9;88;<
2022-02-11;09:00:01;88,06;;118;-;-;;LB,CT;88,06;88,26;<
2022-02-11;09:00:01;88,06;;22;-;-;;LB,CT;88,06;88,26;<
2022-02-11;09:00:01;88,18;;700;-;-;;LB,CT;88,06;88,26;>
2022-02-11;09:00:01;88,22;;700;-;-;;LB,CT;88,06;88,26;>
2022-02-11;09:00:01;88,24;;275;-;-;;LB,CT;88,06;88,26;>
2022-02-11;09:00:01;88,24;;698;-;-;;LB,CT;88,06;88,26;>
2022-02-11;09:00:00;88,24;;2;-;-;;LB,CT;88,06;88,24;>
2022-02-11;09:00:00;88,18;;43041;-;-;AUCT;LB,OA;88,06;88,26;
