2022-02-11;09:15:24;101,2;;5;-;-;;LB,CT;101,2;101,35;<
2022-02-11;09:15:22;101,25;;200;-;-;;LB,CT;101,2;101,35;<
2022-02-11;09:15:17;101,25;;700;-;-;;LB,CT;101,15;101,25;>
2022-02-11;09:15:14;101,15;;132;-;-;;LB,CT;101,15;101,25;>
2022-02-11;09:15:08;100,95;;400;-;-;;LB,CT;100,9;101,05;>
2022-02-11;09:15:08;101;;364;-;-;;LB,CT;100,9;101,05;<
2022-02-11;09:15:08;101;;278;-;-;;LB,CT;100,9;101,05;<
2022-02-11;09:15:08;100,95;;700;-;-;;LB,CT;100,9;101,05;<
2022-02-11;09:15:08;100,9;;700;-;-;;LB,CT;100,9;101,05;<
2022-02-11;09:15:08;101;;961;-;-;;LB,CT;100,9;101,05;>
2022-02-11;09:15:08;101;;311;-;-;;LB,CT;100,9;101,05;>
2022-02-11;09:15:08;101;;601;-;-;;LB,CT;100,9;101,05;>
2022-02-11;09:15:08;100,95;;311;-;-;;LB,CT;100,9;101,05;>
2022-02-11;09:15:08;100,95;;501;-;-;;LB,CT;100,9;101,05;>
2022-02-11;09:15:08;100,95;;708;-;-;;LB,CT;100,9;101,05;>
2022-02-11;09:15:08;100,95;;700;-;-;;LB,CT;100,9;101,05;>
2022-02-11;09:15:08;100,9;;486;-;-;;LB,CT;100,9;101,05;>
2022-02-11;09:15:08;100,9;;165;-;-;;LB,CT;100,9;101,05;>
2022-02-11;09:15:08;100,9;;630;-;-;;LB,CT;100,9;101,05;>
2022-02-11;09:14:59;100,9;;70;-;-;;LB,CT;100,75;100,9;>
2022-02-11;09:14:56;100,85;;100;-;-;;LB,CT;100,8;100,9;<
2022-02-11;09:14:56;100,85;;2;-;-;;LB,CT;100,8;100,9;<
2022-02-11;09:14:56;100,85;;500;-;-;;LB,CT;100,8;100,9;<
2022-02-11;09:14:56;100,9;;5;-;-;;LB,CT;100,9;100,95;<
2022-02-11;09:14:56;100,95;;668;-;-;;LB,CT;100,95;101,05;<
2022-02-11;09:14:55;101;;269;-;-;CROS;PA,UA;100,95;101,05;>
2022-02-11;09:14:55;101,05;;1;-;-;;LB,CT;100,95;101,05;>
2022-02-11;09:14:55;101;;269;-;-;AOD;PA,UA;100,95;101,05;
2022-02-11;09:14:52;101;;165;-;-;CROS;PA,UA;100,95;101,05;
2022-02-11;09:14:52;101;;165;-;-;AOD;PA,UA;100,95;101,05;
2022-02-11;09:14:52;101;;156;-;-;;LB,CT;100,95;101,05;<
2022-02-11;09:14:52;101;;392;-;-;;LB,CT;100,95;101,05;<
2022-02-11;09:14:52;101;;571;-;-;;LB,CT;100,95;101,05;<
2022-02-11;09:14:50;101,05;;129;-;-;;LB,CT;101,05;101,15;<
2022-02-11;09:14:50;101,15;;300;-;-;;LB,CT;101,05;101,15;>
2022-02-11;09:14:50;101,1;;700;-;-;;LB,CT;101,05;101,15;>
2022-02-11;09:14:39;101,15;;600;-;-;;LB,CT;101;101,1;>
2022-02-11;09:14:39;101,15;;700;-;-;;LB,CT;101;101,1;>
2022-02-11;09:14:39;101,1;;700;-;-;;LB,CT;101;101,1;>
2022-02-11;09:14:30;101,1;;93;-;-;;LB,CT;101,1;101,25;<
2022-02-11;09:14:22;101,15;;133;-;-;;LB,CT;100,95;101,1;>
2022-02-11;09:14:22;101,15;;133;-;-;;LB,CT;100,95;101,1;>
2022-02-11;09:14:22;101,15;;31;-;-;;LB,CT;100,95;101,1;>
2022-02-11;09:14:22;101,1;;96;-;-;;LB,CT;100,95;101,1;>
2022-02-11;09:14:22;101,1;;250;-;-;;LB,CT;100,95;101,1;>
2022-02-11;09:14:22;101,1;;359;-;-;;LB,CT;100,95;101,1;>
2022-02-11;09:14:22;101,1;;295;-;-;;LB,CT;100,95;101,1;>
2022-02-11;09:14:22;101,1;;400;-;-;;LB,CT;100,95;101,1;>
2022-02-11;09:14:22;101,1;;305;-;-;;LB,CT;100,95;101,1;>
2022-02-11;09:14:12;100,95;;57;-;-;;LB,CT;100,95;101,1;<
2022-02-11;09:14:12;100,95;;141;-;-;;LB,CT;100,95;101,1;<
2022-02-11;09:14:01;101;;705;-;-;;LB,CT;100,95;101,1;>
2022-02-11;09:14:01;100,95;;316;-;-;;LB,CT;100,95;101,1;<
2022-02-11;09:14:01;100,95;;488;-;-;;LB,CT;100,95;101,1;<
2022-02-11;09:14:01;100,95;;195;-;-;;LB,CT;100,95;101,1;<
2022-02-11;09:14:01;100,95;;570;-;-;;LB,CT;100,95;101,1;<
2022-02-11;09:14:00;101;;286;-;-;CROS;PA,UA;100,95;101,05;
2022-02-11;09:14:00;101;;286;-;-;AOD;PA,UA;100,95;101,05;
2022-02-11;09:13:43;100,95;;757;-;-;;LB,CT;100,95;101,05;<
2022-02-11;09:13:43;100,95;;700;-;-;;LB,CT;100,95;101,05;<
2022-02-11;09:13:39;101;;53;-;-;CROS;PA,UA,ALGO;100,95;101,05;<
2022-02-11;09:13:35;101;;700;-;-;;LB,CT;101;101,1;<
2022-02-11;09:13:33;101,05;;226;-;-;;LB,CT;100,9;101,05;>
2022-02-11;09:13:33;101,05;;256;-;-;;LB,CT;100,9;101,05;>
2022-02-11;09:13:33;101;;100;-;-;;LB,CT;100,9;101,05;>
2022-02-11;09:13:33;101;;105;-;-;;LB,CT;100,9;101,05;>
2022-02-11;09:13:31;101;;90;-;-;;LB,CT;101;101,05;<
2022-02-11;09:13:30;101;;173;-;-;;LB,CT;101;101,15;<
2022-02-11;09:13:24;101,05;;500;-;-;STRO;OB,ON,PRIC,ALGO;100,95;101,1;<
2022-02-11;09:13:24;101,1;;1800;-;-;;LB,CT;100,95;101,1;<
2022-02-11;09:13:24;101,1;;700;-;-;;LB,CT;100,95;101,1;>
2022-02-11;09:13:21;101,05;;648;-;-;;LB,CT;101,05;101,15;<
2022-02-11;09:13:21;101,05;;295;-;-;;LB,CT;101,05;101,15;<
2022-02-11;09:13:21;101,05;;25;-;-;;LB,CT;101,05;101,15;<
2022-02-11;09:13:11;101,1;;5;-;-;;LB,CT;101,05;101,15;>
2022-02-11;09:13:06;101,1;;50;-;-;;LB,CT;101,05;101,15;<
2022-02-11;09:13:05;101,1;;700;-;-;;LB,CT;101;101,1;>
2022-02-11;09:13:02;101,05;;700;-;-;;LB,CT;101;101,1;<
2022-02-11;09:12:56;101;;300;-;-;;LB,CT;100,9;101;>
2022-02-11;09:12:56;101;;400;-;-;;LB,CT;100,9;101;>
2022-02-11;09:12:49;100,95;;600;-;-;;LB,CT;100,95;101,1;<
2022-02-11;09:12:47;101,05;;375;-;-;;LB,CT;101,05;101,15;<
2022-02-11;09:12:44;101,15;;438;-;-;;LB,CT;101,05;101,15;>
2022-02-11;09:12:44;101,1;;28;-;-;;LB,CT;101,05;101,15;>
2022-02-11;09:12:44;101,1;;1100;-;-;;LB,CT;101,05;101,15;>
2022-02-11;09:12:44;101,1;;132;-;-;;LB,CT;101,05;101,15;>
2022-02-11;09:12:44;101,1;;350;-;-;;LB,CT;101,05;101,15;>
2022-02-11;09:12:44;101,1;;430;-;-;;LB,CT;101,05;101,15;>
2022-02-11;09:12:44;101,1;;521;-;-;;LB,CT;101,05;101,15;>
2022-02-11;09:12:39;101;;10;-;-;;LB,CT;100,95;101,1;>
2022-02-11;09:12:36;101;;510;-;-;;LB,CT;100,95;101,05;<
2022-02-11;09:12:36;101;;700;-;-;;LB,CT;100,95;101,05;<
2022-02-11;09:12:25;101;;661;-;-;;LB,CT;101;101,1;<
2022-02-11;09:12:20;101;;699;-;-;;LB,CT;100,9;101,05;<
2022-02-11;09:12:19;101;;1;-;-;;LB,CT;101;101,1;<
2022-02-11;09:12:10;101,05;;5;-;-;STRO;OB,ON,PRIC,ALGO;101;101,1;<
2022-02-11;09:12:09;101;;3072;-;-;;LB,CT;100,9;101,05;<
2022-02-11;09:12:09;101;;800;-;-;;LB,CT;100,9;101,05;<
2022-02-11;09:12:09;101;;428;-;-;;LB,CT;100,9;101,05;<
2022-02-11;09:12:08;101;;700;-;-;;LB,CT;101;101,1;>
2022-02-11;09:12:07;101;;3077;-;-;;LB,CT;100,9;101;<
2022-02-11;09:12:06;101;;700;-;-;;LB,CT;100,85;101;>
2022-02-11;09:12:06;101;;50;-;-;;LB,CT;100,85;101;<
2022-02-11;09:12:05;101;;1208;-;-;CROS;PA,UA;100,9;101,1;
2022-02-11;09:12:05;101;;1208;-;-;AOD;PA,UA;100,9;101,1;
2022-02-11;09:12:04;101;;25;-;-;;LB,CT;101;101,1;<
2022-02-11;09:12:04;101;;353;-;-;;LB,CT;101;101,1;<
2022-02-11;09:12:03;101;;166;-;-;;LB,CT;101;101,1;<
2022-02-11;09:12:03;101;;300;-;-;;LB,CT;101;101,1;<
2022-02-11;09:12:03;101;;700;-;-;;LB,CT;101;101,1;<
2022-02-11;09:12:03;101,05;;503;-;-;;LB,CT;100,95;101,05;>
2022-02-11;09:12:02;101,05;;5;-;-;;LB,CT;100,95;101,05;>
2022-02-11;09:12:02;101;;567;-;-;CROS;PA,UA;100,95;101,05;
2022-02-11;09:12:02;101;;567;-;-;AOD;PA,UA;100,95;101,05;
2022-02-11;09:11:50;100,95;;1;-;-;;LB,CT;100,95;101,05;<
2022-02-11;09:11:44;101;;189;-;-;CROS;PA,UA;100,95;101,05;
2022-02-11;09:11:44;101;;189;-;-;AOD;PA,UA;100,95;101,05;
2022-02-11;09:11:30;101,05;;46;-;-;;LB,CT;100,95;101,05;>
2022-02-11;09:11:30;101,05;;82;-;-;;LB,CT;100,95;101,05;>
2022-02-11;09:11:30;101,05;;1096;-;-;;LB,CT;100,95;101,05;>
2022-02-11;09:11:28;101;;60;-;-;;LB,CT;100,9;101;>
2022-02-11;09:11:28;101;;126;-;-;;LB,CT;100,9;101;>
2022-02-11;09:11:25;100,85;;140;-;-;;LB,CT;100,85;101;<
2022-02-11;09:11:25;100,85;;1131;-;-;;LB,CT;100,85;101;<
2022-02-11;09:11:25;100,85;;489;-;-;;LB,CT;100,85;101;<
2022-02-11;09:11:17;100,85;;211;-;-;;LB,CT;100,85;101;<
2022-02-11;09:11:16;101;;374;-;-;;LB,CT;100,85;101;>
2022-02-11;09:11:13;100,95;;530;-;-;;LB,CT;100,85;101;<
2022-02-11;09:11:13;100,95;;20;-;-;;LB,CT;100,85;101;>
2022-02-11;09:11:13;100,95;;450;-;-;;LB,CT;100,85;101;>
2022-02-11;09:11:10;100,85;;200;-;-;;LB,CT;100,8;100,85;>
2022-02-11;09:11:10;100,85;;400;-;-;;LB,CT;100,75;100,85;>
2022-02-11;09:11:10;100,85;;400;-;-;;LB,CT;100,75;100,85;>
2022-02-11;09:11:10;100,8;;547;-;-;;LB,CT;100,75;100,85;<
2022-02-11;09:11:09;100,8;;397;-;-;CROS;PA,UA;100,75;100,85;
2022-02-11;09:11:09;100,8;;397;-;-;AOD;PA,UA;100,75;100,85;
2022-02-11;09:11:04;100,65;;700;-;-;;LB,CT;100,55;100,75;>
2022-02-11;09:11:04;100,55;;700;-;-;;LB,CT;100,55;100,75;<
2022-02-11;09:11:04;100,65;;700;-;-;;LB,CT;100,55;100,75;<
2022-02-11;09:11:04;100,65;;43;-;-;;LB,CT;100,45;100,6;>
2022-02-11;09:11:04;100,65;;113;-;-;;LB,CT;100,45;100,6;>
2022-02-11;09:11:04;100,6;;514;-;-;;LB,CT;100,45;100,6;>
2022-02-11;09:11:04;100,6;;637;-;-;;LB,CT;100,45;100,6;>
2022-02-11;09:10:58;100,5;;700;-;-;;LB,CT;100,55;100,7;<
2022-02-11;09:10:58;100,65;;420;-;-;;LB,CT;100,55;100,7;<
2022-02-11;09:10:58;100,65;;13;-;-;;LB,CT;100,55;100,7;<
2022-02-11;09:10:58;100,65;;530;-;-;;LB,CT;100,55;100,7;<
2022-02-11;09:10:58;100,65;;300;-;-;;LB,CT;100,55;100,7;<
2022-02-11;09:10:52;100,75;;8;-;-;;LB,CT;100,65;100,75;>
2022-02-11;09:10:52;100,75;;12;-;-;;LB,CT;100,65;100,75;>
2022-02-11;09:10:49;100,7;;622;-;-;;LB,CT;100,65;100,75;<
2022-02-11;09:10:40;100,7;;700;-;-;;LB,CT;100,7;100,75;<
2022-02-11;09:10:39;100,75;;5;-;-;;LB,CT;100,75;100,9;<
2022-02-11;09:10:39;100,75;;138;-;-;;LB,CT;100,75;100,9;<
2022-02-11;09:10:39;100,75;;38;-;-;;LB,CT;100,75;100,9;<
2022-02-11;09:10:33;100,8;;200;-;-;;LB,CT;100,8;101;<
2022-02-11;09:10:26;100,9;;700;-;-;;LB,CT;100,9;101;<
2022-02-11;09:10:26;100,95;;700;-;-;;LB,CT;100,9;101;>
2022-02-11;09:10:26;100,95;;129;-;-;;LB,CT;100,9;101;>
2022-02-11;09:10:26;100,9;;140;-;-;;LB,CT;100,9;101;<
2022-02-11;09:10:26;100,9;;376;-;-;;LB,CT;100,9;101;<
2022-02-11;09:10:26;100,9;;452;-;-;;LB,CT;100,9;101;<
2022-02-11;09:10:22;100,95;;72;-;-;;LB,CT;100,8;100,95;>
2022-02-11;09:10:22;100,95;;400;-;-;;LB,CT;100,8;100,95;>
2022-02-11;09:10:12;100,85;;12;-;-;;LB,CT;100,8;100,85;>
2022-02-11;09:10:11;100,8;;740;-;-;CROS;PA,UA;100,75;100,85;
2022-02-11;09:10:11;100,8;;740;-;-;AOD;PA,UA;100,75;100,85;
2022-02-11;09:10:09;100,75;;224;-;-;;LB,CT;100,8;100,9;<
2022-02-11;09:10:09;100,8;;120;-;-;;LB,CT;100,8;100,9;<
2022-02-11;09:10:04;100,9;;132;-;-;;LB,CT;100,85;100,95;>
2022-02-11;09:10:04;100,9;;160;-;-;;LB,CT;100,85;100,95;>
2022-02-11;09:10:00;100,85;;500;-;-;;LB,CT;100,75;100,85;>
2022-02-11;09:10:00;100,8;;219;-;-;CROS;PA,UA;100,75;100,85;
2022-02-11;09:10:00;100,8;;219;-;-;AOD;PA,UA;100,75;100,85;
2022-02-11;09:10:00;100,85;;18;-;-;;LB,CT;100,75;100,85;>
2022-02-11;09:09:57;100,9;;300;-;-;;LB,CT;100,75;100,85;>
2022-02-11;09:09:57;100,85;;700;-;-;;LB,CT;100,75;100,85;>
2022-02-11;09:09:49;100,9;;700;-;-;;LB,CT;100,85;101;>
2022-02-11;09:09:38;100,95;;74;-;-;;LB,CT;100,75;100,9;>
2022-02-11;09:09:38;100,9;;400;-;-;;LB,CT;100,75;100,9;>
2022-02-11;09:09:38;100,85;;700;-;-;;LB,CT;100,75;100,9;<
2022-02-11;09:09:38;100,9;;868;-;-;;LB,CT;100,75;100,9;>
2022-02-11;09:09:38;100,9;;58;-;-;;LB,CT;100,75;100,9;>
2022-02-11;09:09:37;100,825;;36;-;-;CROS;PA,UA;100,75;100,9;
2022-02-11;09:09:37;100,825;;36;-;-;AOD;PA,UA;100,75;100,9;
2022-02-11;09:09:37;100,85;;210;-;-;;LB,CT;100,75;100,85;>
2022-02-11;09:09:35;100,85;;490;-;-;;LB,CT;100,75;100,8;>
2022-02-11;09:09:35;100,8;;10;-;-;;LB,CT;100,75;100,8;>
2022-02-11;09:09:30;100,8;;16;-;-;;LB,CT;100,75;100,9;>
2022-02-11;09:09:29;100,8;;54;-;-;;LB,CT;100,75;100,8;>
2022-02-11;09:09:29;100,8;;369;-;-;;LB,CT;100,75;100,8;>
2022-02-11;09:09:29;100,8;;53;-;-;;LB,CT;100,75;100,8;>
2022-02-11;09:09:29;100,8;;568;-;-;;LB,CT;100,65;100,8;>
2022-02-11;09:09:29;100,8;;59;-;-;;LB,CT;100,65;100,8;>
2022-02-11;09:09:29;100,8;;437;-;-;;LB,CT;100,65;100,8;>
2022-02-11;09:09:29;100,8;;220;-;-;;LB,CT;100,65;100,8;>
2022-02-11;09:09:24;100,75;;500;-;-;STRO;OB,ON,PRIC,ALGO;100,65;100,8;<
2022-02-11;09:09:20;100,7;;129;-;-;;LB,CT;100,7;100,8;<
2022-02-11;09:09:20;100,75;;700;-;-;;LB,CT;100,65;100,75;>
2022-02-11;09:09:14;100,65;;100;-;-;;LB,CT;100,65;100,75;<
2022-02-11;09:09:07;100,7;;20;-;-;;LB,CT;100,65;100,85;<
2022-02-11;09:09:01;100,75;;278;-;-;;LB,CT;100,7;100,85;<
2022-02-11;09:08:59;100,8;;30;-;-;;LB,CT;100,75;100,85;<
2022-02-11;09:08:55;100,9;;2;-;-;;LB,CT;100,75;100,9;>
2022-02-11;09:08:53;100,8;;290;-;-;STRO;OB,ON,PRIC,ALGO;100,75;100,95;>
2022-02-11;09:08:53;100,9;;480;-;-;;LB,CT;100,75;100,95;>
2022-02-11;09:08:53;100,85;;108;-;-;;LB,CT;100,75;100,95;>
2022-02-11;09:08:53;100,85;;548;-;-;;LB,CT;100,75;100,95;>
2022-02-11;09:08:53;100,85;;1021;-;-;;LB,CT;100,7;100,8;>
2022-02-11;09:08:53;100,85;;548;-;-;;LB,CT;100,7;100,8;>
2022-02-11;09:08:53;100,85;;667;-;-;;LB,CT;100,7;100,8;>
2022-02-11;09:08:53;100,85;;375;-;-;;LB,CT;100,7;100,8;>
2022-02-11;09:08:53;100,85;;14;-;-;;LB,CT;100,7;100,8;>
2022-02-11;09:08:53;100,8;;700;-;-;;LB,CT;100,7;100,8;>
2022-02-11;09:08:47;100,85;;140;-;-;;LB,CT;100,85;100,95;<
2022-02-11;09:08:47;100,85;;298;-;-;;LB,CT;100,85;100,95;<
2022-02-11;09:08:47;100,85;;518;-;-;;LB,CT;100,85;100,95;<
2022-02-11;09:08:47;100,9;;518;-;-;;LB,CT;100,85;100,95;<
2022-02-11;09:08:47;100,9;;700;-;-;;LB,CT;100,85;100,95;<
2022-02-11;09:08:47;100,9;;6;-;-;;LB,CT;100,85;100,95;<
2022-02-11;09:08:33;100,95;;200;-;-;;LB,CT;100,85;100,95;>
2022-02-11;09:08:32;100,85;;100;-;-;;LB,CT;100,85;100,95;<
2022-02-11;09:08:24;100,9;;524;-;-;;LB,CT;100,85;100,95;<
2022-02-11;09:08:22;100,9;;7;-;-;;LB,CT;100,95;101,05;<
2022-02-11;09:08:22;100,95;;464;-;-;;LB,CT;100,95;101,05;>
2022-02-11;09:08:22;100,95;;629;-;-;;LB,CT;100,95;101,05;<
2022-02-11;09:08:22;100,95;;272;-;-;;LB,CT;100,95;101,05;<
2022-02-11;09:08:22;100,95;;293;-;-;;LB,CT;100,95;101,05;<
2022-02-11;09:08:16;101;;2000;-;-;MID;DB,CT;100,95;101,05;<
2022-02-11;09:08:15;100,95;;25;-;-;;LB,CT;100,95;101,05;<
2022-02-11;09:07:56;100,95;;692;-;-;HID;DB,CT;100,9;101,05;>
2022-02-11;09:07:56;100,95;;622;-;-;;LB,CT;100,9;101,05;>
2022-02-11;09:07:56;100,95;;458;-;-;;LB,CT;100,9;101,05;>
2022-02-11;09:07:56;100,95;;3011;-;-;;LB,CT;100,9;101,05;>
2022-02-11;09:07:56;100,95;;1200;-;-;;LB,CT;100,9;101,05;>
2022-02-11;09:07:56;100,95;;1194;-;-;;LB,CT;100,9;101,05;>
2022-02-11;09:07:52;100,8;;700;-;-;;LB,CT;100,8;100,9;>
2022-02-11;09:07:52;100,75;;200;-;-;;LB,CT;100,8;100,9;<
2022-02-11;09:07:52;100,75;;499;-;-;;LB,CT;100,8;100,9;<
2022-02-11;09:07:52;100,75;;10;-;-;;LB,CT;100,8;100,9;<
2022-02-11;09:07:52;100,8;;50;-;-;;LB,CT;100,8;100,9;<
2022-02-11;09:07:52;100,8;;49;-;-;;LB,CT;100,8;100,9;<
2022-02-11;09:07:52;100,8;;9;-;-;;LB,CT;100,8;100,9;<
2022-02-11;09:07:45;100,9;;510;-;-;;LB,CT;100,9;100,95;<
2022-02-11;09:07:45;100,975;;345;-;-;MID;DB,CT;100,9;100,95;<
2022-02-11;09:07:45;100,975;;1250;-;-;MID;DB,CT;100,9;100,95;<
2022-02-11;09:07:38;100,95;;521;-;-;;LB,CT;100,95;101,05;<
2022-02-11;09:07:38;100,95;;700;-;-;;LB,CT;100,95;101,05;<
2022-02-11;09:07:32;101;;100;-;-;;LB,CT;101;101,2;<
2022-02-11;09:07:29;101,1;;116;-;-;;LB,CT;101;101,2;<
2022-02-11;09:07:29;101,1;;13;-;-;;LB,CT;101;101,2;<
2022-02-11;09:07:29;101,1;;456;-;-;;LB,CT;101;101,2;<
2022-02-11;09:07:29;101,1;;158;-;-;;LB,CT;101;101,2;<
2022-02-11;09:07:29;101,15;;415;-;-;;LB,CT;101;101,2;<
2022-02-11;09:07:26;101,2;;40;-;-;;LB,CT;101,1;101,15;>
2022-02-11;09:07:26;101,15;;122;-;-;;LB,CT;101,1;101,15;>
2022-02-11;09:07:26;101,15;;586;-;-;;LB,CT;101,1;101,15;>
2022-02-11;09:07:26;101,15;;472;-;-;;LB,CT;101,1;101,15;>
2022-02-11;09:07:26;101,15;;114;-;-;;LB,CT;101,1;101,15;>
2022-02-11;09:07:26;101,15;;633;-;-;;LB,CT;101,1;101,15;>
2022-02-11;09:07:26;101,1;;700;-;-;;LB,CT;101,1;101,15;>
2022-02-11;09:07:19;101,05;;150;-;-;;LB,CT;101;101,1;<
2022-02-11;09:07:14;101,05;;145;-;-;;LB,CT;101,05;101,15;<
2022-02-11;09:07:12;101,1;;132;-;-;;LB,CT;101;101,1;>
2022-02-11;09:07:07;101,05;;50;-;-;;LB,CT;100,95;101,05;>
2022-02-11;09:07:06;101;;500;-;-;;LB,CT;101;101,1;<
2022-02-11;09:07:05;101,1;;10;-;-;;LB,CT;100,95;101,1;>
2022-02-11;09:06:57;100,95;;461;-;-;;LB,CT;100,95;101,1;<
2022-02-11;09:06:56;101,05;;346;-;-;;LB,CT;100,85;101,1;<
2022-02-11;09:06:56;101;;250;-;-;;LB,CT;100,85;101,1;<
2022-02-11;09:06:53;101,05;;238;-;-;;LB,CT;100,95;101,1;<
2022-02-11;09:06:53;101,05;;119;-;-;;LB,CT;100,95;101,1;<
2022-02-11;09:06:53;101,05;;471;-;-;;LB,CT;100,95;101,1;<
2022-02-11;09:06:53;101,05;;292;-;-;;LB,CT;100,95;101,1;<
2022-02-11;09:06:53;101,05;;700;-;-;;LB,CT;100,95;101,1;<
2022-02-11;09:06:47;101,1;;132;-;-;HID;DB,CT;100,95;101,05;>
2022-02-11;09:06:47;101,1;;512;-;-;;LB,CT;100,95;101,05;>
2022-02-11;09:06:47;101,1;;512;-;-;;LB,CT;100,95;101,05;>
2022-02-11;09:06:47;101,1;;500;-;-;;LB,CT;100,95;101,05;>
2022-02-11;09:06:47;101,05;;74;-;-;;LB,CT;100,95;101,05;>
2022-02-11;09:06:44;101,05;;1;-;-;;LB,CT;100,95;101,05;>
2022-02-11;09:06:44;101;;226;-;-;MID;DB,CT;100,95;101,05;<
2022-02-11;09:06:42;100,95;;2;-;-;;LB,CT;100,95;101,05;<
2022-02-11;09:06:21;100,85;;9;-;-;;LB,CT;100,85;101,1;<
2022-02-11;09:06:21;101,05;;472;-;-;;LB,CT;100,95;101,1;<
2022-02-11;09:06:16;101,25;;156;-;-;;LB,CT;101,05;101,25;>
2022-02-11;09:06:14;101,15;;105;-;-;;LB,CT;101,05;101,25;<
2022-02-11;09:06:14;101,2;;628;-;-;;LB,CT;101,1;101,2;>
2022-02-11;09:06:14;101,2;;50;-;-;;LB,CT;101,1;101,2;>
2022-02-11;09:06:12;101,15;;110;-;-;;LB,CT;101,1;101,2;>
2022-02-11;09:06:12;101,15;;117;-;-;;LB,CT;101,1;101,2;>
2022-02-11;09:06:12;101,15;;133;-;-;;LB,CT;101,1;101,2;>
2022-02-11;09:06:12;101,1;;304;-;-;;LB,CT;101,05;101,15;>
2022-02-11;09:06:12;101,1;;222;-;-;;LB,CT;101,05;101,15;>
2022-02-11;09:06:03;101;;538;-;-;;LB,CT;101;101,1;<
2022-02-11;09:06:02;101,05;;1928;-;-;;LB,CT;101,05;101,15;<
2022-02-11;09:06:02;101,1;;500;-;-;;LB,CT;101,05;101,15;>
2022-02-11;09:06:02;101,1;;132;-;-;;LB,CT;101,05;101,15;>
2022-02-11;09:06:02;101,1;;678;-;-;;LB,CT;101,05;101,15;>
2022-02-11;09:06:02;101,05;;712;-;-;;LB,CT;101,05;101,15;>
2022-02-11;09:06:02;101;;700;-;-;;LB,CT;101,05;101,15;>
2022-02-11;09:06:02;100,95;;108;-;-;;LB,CT;100,95;101,1;<
2022-02-11;09:06:02;100,95;;625;-;-;;LB,CT;100,95;101,1;<
2022-02-11;09:06:02;100,95;;459;-;-;;LB,CT;100,95;101,1;<
2022-02-11;09:06:01;101,05;;236;-;-;;LB,CT;101,05;101,15;<
2022-02-11;09:06:01;101;;116;-;-;;LB,CT;101,05;101,15;<
2022-02-11;09:06:01;101,05;;243;-;-;;LB,CT;101,05;101,15;<
2022-02-11;09:06:01;101,05;;289;-;-;;LB,CT;101,05;101,15;<
2022-02-11;09:06:01;101,05;;700;-;-;;LB,CT;101,05;101,15;<
2022-02-11;09:05:59;101,1;;300;-;-;;LB,CT;101,05;101,15;>
2022-02-11;09:05:59;101,1;;300;-;-;;LB,CT;101,05;101,15;>
2022-02-11;09:05:55;100,95;;75;-;-;;LB,CT;100,95;101,1;<
2022-02-11;09:05:55;101,05;;197;-;-;;LB,CT;100,95;101,1;<
2022-02-11;09:05:55;101,05;;100;-;-;;LB,CT;100,95;101,1;>
2022-02-11;09:05:55;101;;696;-;-;HID;DB,CT;100,95;101,1;>
2022-02-11;09:05:55;101;;976;-;-;;LB,CT;100,95;101,1;>
2022-02-11;09:05:55;101;;519;-;-;;LB,CT;100,95;101,1;>
2022-02-11;09:05:55;101;;12;-;-;;LB,CT;100,95;101,1;>
2022-02-11;09:05:37;100,875;;1000;-;-;MID;DB,CT;100,75;101;>
2022-02-11;09:05:33;100,9;;461;-;-;;LB,CT;100,75;101;>
2022-02-11;09:05:29;100,85;;1;-;-;;LB,CT;100,85;100,9;<
2022-02-11;09:05:29;100,85;;3;-;-;;LB,CT;100,85;100,9;<
2022-02-11;09:05:29;100,875;;200;-;-;MID;DB,CT;100,85;100,9;<
2022-02-11;09:05:29;100,9;;10;-;-;;LB,CT;100,95;101,1;<
2022-02-11;09:05:29;100,95;;140;-;-;;LB,CT;100,95;101,1;<
2022-02-11;09:05:28;101,1;;50;-;-;;LB,CT;100,95;101,1;>
2022-02-11;09:05:24;100,95;;112;-;-;;LB,CT;100,95;101,05;<
2022-02-11;09:05:24;101;;70;-;-;;LB,CT;101;101,1;<
2022-02-11;09:05:24;101;;500;-;-;;LB,CT;101;101,1;<
2022-02-11;09:05:20;101,1;;284;-;-;;LB,CT;101;101,15;<
2022-02-11;09:05:19;101,1;;268;-;-;;LB,CT;101,1;101,25;<
2022-02-11;09:05:19;101,1;;2103;-;-;;LB,CT;101,1;101,25;<
2022-02-11;09:05:19;101,1;;487;-;-;;LB,CT;101,1;101,25;<
2022-02-11;09:05:19;101,1;;613;-;-;;LB,CT;101,1;101,25;<
2022-02-11;09:05:19;101,1;;400;-;-;;LB,CT;101,1;101,25;<
2022-02-11;09:05:17;101,15;;113;-;-;;LB,CT;101,1;101,2;<
2022-02-11;09:05:17;101,15;;1038;-;-;;LB,CT;101,1;101,2;<
2022-02-11;09:05:17;101,15;;305;-;-;;LB,CT;101,1;101,2;<
2022-02-11;09:05:12;101,2;;484;-;-;STRO;OB,ON,PRIC,ALGO;101,1;101,25;<
2022-02-11;09:05:01;101,15;;365;-;-;;LB,CT;101,2;101,35;<
2022-02-11;09:05:01;101,2;;230;-;-;;LB,CT;101,2;101,35;<
2022-02-11;09:05:01;101,25;;239;-;-;;LB,CT;101,2;101,35;>
2022-02-11;09:05:01;101,3;;438;-;-;;LB,CT;101,15;101,3;>
2022-02-11;09:05:01;101,2;;96;-;-;;LB,CT;101,1;101,2;>
2022-02-11;09:04:55;101,2;;102;-;-;;LB,CT;101,1;101,2;>
2022-02-11;09:04:46;101,2;;2;-;-;;LB,CT;101,05;101,2;>
2022-02-11;09:04:42;101,15;;48;-;-;;LB,CT;101,05;101,15;>
2022-02-11;09:04:40;101,05;;63;-;-;;LB,CT;101,05;101,25;<
2022-02-11;09:04:40;101,05;;40;-;-;;LB,CT;101,05;101,25;<
2022-02-11;09:04:37;101,25;;101;-;-;;LB,CT;101,05;101,25;>
2022-02-11;09:04:37;101,2;;1500;-;-;;LB,CT;101,05;101,25;<
2022-02-11;09:04:30;101,15;;211;-;-;;LB,CT;101,05;101,3;>
2022-02-11;09:04:30;101,2;;714;-;-;;LB,CT;101,05;101,3;>
2022-02-11;09:04:30;101,2;;586;-;-;;LB,CT;101,05;101,3;>
2022-02-11;09:04:30;101,2;;700;-;-;;LB,CT;101,05;101,3;>
2022-02-11;09:04:23;101,05;;312;-;-;;LB,CT;101,05;101,2;<
2022-02-11;09:04:23;101,05;;272;-;-;;LB,CT;101,05;101,2;<
2022-02-11;09:04:19;101,05;;286;-;-;;LB,CT;101,05;101,25;<
2022-02-11;09:04:15;101;;84;-;-;;LB,CT;101;101,2;<
2022-02-11;09:04:15;101;;587;-;-;;LB,CT;101;101,2;<
2022-02-11;09:04:15;101,05;;9;-;-;;LB,CT;101;101,2;<
2022-02-11;09:04:11;101,2;;13;-;-;;LB,CT;100,95;101,15;>
2022-02-11;09:04:11;101,15;;450;-;-;;LB,CT;100,95;101,15;>
2022-02-11;09:04:11;101,15;;537;-;-;;LB,CT;100,95;101,15;>
2022-02-11;09:04:11;101;;700;-;-;;LB,CT;100,95;101,15;<
2022-02-11;09:04:11;101,05;;529;-;-;;LB,CT;100,95;101,15;>
2022-02-11;09:04:10;101,05;;4;-;-;;LB,CT;100,95;101,05;>
2022-02-11;09:04:01;101,05;;49;-;-;;LB,CT;100,9;101,05;>
2022-02-11;09:03:56;101;;251;-;-;;LB,CT;100,9;101,05;<
2022-02-11;09:03:56;101;;200;-;-;;LB,CT;100,9;101,05;<
2022-02-11;09:03:51;101;;1000;-;-;;LB,CT;100,9;101,05;<
2022-02-11;09:03:51;100,95;;400;-;-;;LB,CT;100,9;101,05;<
2022-02-11;09:03:49;100,975;;115;-;-;CROS;PA,UA;100,9;101,05;
2022-02-11;09:03:49;100,975;;115;-;-;AOD;PA,UA;100,9;101,05;
2022-02-11;09:03:48;101,05;;3;-;-;;LB,CT;100,9;101,05;>
2022-02-11;09:03:43;101;;87;-;-;;LB,CT;100,9;101;>
2022-02-11;09:03:29;100,85;;400;-;-;;LB,CT;100,75;100,85;<
2022-02-11;09:03:29;100,85;;600;-;-;;LB,CT;100,75;100,85;>
2022-02-11;09:03:18;100,75;;19;-;-;;LB,CT;100,75;100,95;<
2022-02-11;09:03:16;100,7;;15;-;-;;LB,CT;100,7;100,95;<
2022-02-11;09:03:15;100,7;;17;-;-;;LB,CT;100,7;100,95;<
2022-02-11;09:03:15;100,9;;436;-;-;;LB,CT;100,75;100,95;>
2022-02-11;09:03:15;100,9;;510;-;-;;LB,CT;100,75;100,95;>
2022-02-11;09:03:15;100,9;;54;-;-;;LB,CT;100,75;100,95;>
2022-02-11;09:03:10;100,775;;18;-;-;CROS;PA,UA,ALGO;100,65;100,9;<
2022-02-11;09:03:08;100,65;;2;-;-;;LB,CT;100,65;100,9;<
2022-02-11;09:03:03;100,7;;252;-;-;;LB,CT;100,7;100,95;>
2022-02-11;09:03:03;100,7;;140;-;-;;LB,CT;100,7;100,95;<
2022-02-11;09:03:03;100,75;;1000;-;-;;LB,CT;100,55;100,75;>
2022-02-11;09:02:51;100,5;;132;-;-;;LB,CT;100,45;100,7;>
2022-02-11;09:02:50;100,4;;10;-;-;;LB,CT;100,25;100,4;>
2022-02-11;09:02:49;100,4;;290;-;-;;LB,CT;100,4;100,65;<
2022-02-11;09:02:49;100,4;;299;-;-;;LB,CT;100,4;100,65;<
2022-02-11;09:02:43;100,45;;129;-;-;;LB,CT;100,4;100,65;<
2022-02-11;09:02:43;100,55;;684;-;-;;LB,CT;100,4;100,65;>
2022-02-11;09:02:43;100,55;;652;-;-;;LB,CT;100,4;100,6;<
2022-02-11;09:02:43;100,55;;88;-;-;;LB,CT;100,4;100,6;<
2022-02-11;09:02:43;100,55;;658;-;-;;LB,CT;100,4;100,6;<
2022-02-11;09:02:43;100,55;;54;-;-;;LB,CT;100,4;100,6;<
2022-02-11;09:02:43;100,55;;400;-;-;;LB,CT;100,4;100,6;<
2022-02-11;09:02:42;100,6;;6;-;-;;LB,CT;100,6;100,85;<
2022-02-11;09:02:41;100,7;;442;-;-;;LB,CT;100,6;100,85;>
2022-02-11;09:02:39;100,65;;342;-;-;;LB,CT;100,55;100,7;>
2022-02-11;09:02:38;100,6;;434;-;-;;LB,CT;100,45;100,6;>
2022-02-11;09:02:38;100,6;;100;-;-;;LB,CT;100,45;100,6;>
2022-02-11;09:02:38;100,6;;200;-;-;;LB,CT;100,45;100,6;>
2022-02-11;09:02:34;100,45;;50;-;-;;LB,CT;100,45;100,6;<
2022-02-11;09:02:29;100,4;;5;-;-;;LB,CT;100,25;100,55;<
2022-02-11;09:02:29;100,4;;5;-;-;;LB,CT;100,25;100,55;<
2022-02-11;09:02:29;100,4;;5;-;-;;LB,CT;100,25;100,55;<
2022-02-11;09:02:29;100,4;;5;-;-;;LB,CT;100,25;100,55;<
2022-02-11;09:02:29;100,4;;5;-;-;;LB,CT;100,25;100,55;<
2022-02-11;09:02:29;100,4;;5;-;-;;LB,CT;100,25;100,55;<
2022-02-11;09:02:29;100,4;;5;-;-;;LB,CT;100,25;100,55;<
2022-02-11;09:02:29;100,4;;5;-;-;;LB,CT;100,25;100,55;<
2022-02-11;09:02:29;100,4;;5;-;-;;LB,CT;100,25;100,55;<
2022-02-11;09:02:29;100,4;;5;-;-;;LB,CT;100,25;100,55;<
2022-02-11;09:02:26;100,55;;494;-;-;;LB,CT;100,45;100,6;<
2022-02-11;09:02:26;100,55;;425;-;-;;LB,CT;100,45;100,6;<
2022-02-11;09:02:22;100,55;;268;-;-;;LB,CT;100,6;100,8;<
2022-02-11;09:02:22;100,6;;482;-;-;;LB,CT;100,6;100,8;<
2022-02-11;09:02:22;100,6;;146;-;-;;LB,CT;100,6;100,8;<
2022-02-11;09:02:20;100,8;;7;-;-;;LB,CT;100,6;100,8;>
2022-02-11;09:02:16;100,75;;99;-;-;;LB,CT;100,75;100,95;<
2022-02-11;09:02:16;100,75;;251;-;-;;LB,CT;100,75;100,95;<
2022-02-11;09:02:16;100,75;;128;-;-;;LB,CT;100,75;100,95;<
2022-02-11;09:02:16;100,75;;230;-;-;;LB,CT;100,75;100,95;<
2022-02-11;09:02:16;100,75;;363;-;-;;LB,CT;100,75;100,95;<
2022-02-11;09:02:06;100,9;;8;-;-;STRO;OB,ON,PRIC,ALGO;100,75;100,95;>
2022-02-11;09:01:58;100,8;;1000;-;-;;LB,CT;100,7;100,9;>
2022-02-11;09:01:56;100,75;;30;-;-;;LB,CT;100,65;100,8;>
2022-02-11;09:01:51;100,75;;523;-;-;;LB,CT;100,75;100,9;<
2022-02-11;09:01:49;100,75;;29;-;-;;LB,CT;100,75;100,95;<
2022-02-11;09:01:45;100,85;;476;-;-;MID;DB,CT;100,75;100,95;<
2022-02-11;09:01:44;100,9;;164;-;-;;LB,CT;100,9;100,95;<
2022-02-11;09:01:44;100,9;;74;-;-;;LB,CT;100,9;100,95;<
2022-02-11;09:01:44;101;;740;-;-;;LB,CT;100,9;101,1;>
2022-02-11;09:01:44;101;;2160;-;-;;LB,CT;100,9;101,1;>
2022-02-11;09:01:44;101;;1500;-;-;;LB,CT;100,9;101,1;>
2022-02-11;09:01:44;101;;300;-;-;;LB,CT;100,9;101,1;>
2022-02-11;09:01:44;101;;45;-;-;;LB,CT;100,9;101,1;>
2022-02-11;09:01:34;100,85;;24;-;-;STRO;OB,ON,PRIC,ALGO;100,65;100,95;>
2022-02-11;09:01:23;100,65;;418;-;-;;LB,CT;100,35;100,65;>
2022-02-11;09:01:23;100,65;;732;-;-;;LB,CT;100,35;100,65;>
2022-02-11;09:01:22;100,4;;266;-;-;;LB,CT;100,35;100,55;>
2022-02-11;09:01:22;100,45;;650;-;-;;LB,CT;100,35;100,55;>
2022-02-11;09:01:22;100,45;;1;-;-;;LB,CT;100,2;100,45;>
2022-02-11;09:01:10;100,2;;3;-;-;;LB,CT;100,2;100,45;<
2022-02-11;09:01:08;100,2;;55;-;-;;LB,CT;100,2;100,45;<
2022-02-11;09:01:08;100,2;;283;-;-;;LB,CT;100,2;100,45;<
2022-02-11;09:01:08;100,2;;846;-;-;;LB,CT;100,2;100,45;<
2022-02-11;09:01:06;100,325;;500;-;-;MID;DB,CT;100,2;100,45;>
2022-02-11;09:01:05;100,45;;49;-;-;;LB,CT;100,2;100,45;>
2022-02-11;09:00:54;100,3;;400;-;-;STRO;OB,ON,PRIC,ALGO;100,2;100,5;>
2022-02-11;09:00:47;100,45;;571;-;-;;LB,CT;100,35;100,65;>
2022-02-11;09:00:47;100,5;;700;-;-;;LB,CT;100,35;100,65;>
2022-02-11;09:00:47;100,2;;8;-;-;;LB,CT;100,2;100,5;<
2022-02-11;09:00:41;100,45;;400;-;-;STRO;OB,ON,PRIC,ALGO;100,2;100,5;<
2022-02-11;09:00:38;100,35;;262;-;-;;LB,CT;100,45;100,7;<
2022-02-11;09:00:38;100,45;;238;-;-;;LB,CT;100,45;100,7;<
2022-02-11;09:00:37;100,6;;230;-;-;;LB,CT;100,6;100,85;<
2022-02-11;09:00:37;100,6;;225;-;-;;LB,CT;100,6;100,85;<
2022-02-11;09:00:37;100,6;;288;-;-;;LB,CT;100,6;100,85;<
2022-02-11;09:00:31;100,75;;50;-;-;;LB,CT;100,5;100,75;>
2022-02-11;09:00:31;100,65;;150;-;-;;LB,CT;100,5;100,75;>
2022-02-11;09:00:31;100,65;;178;-;-;;LB,CT;100,5;100,75;>
2022-02-11;09:00:31;100,4;;94;-;-;;LB,CT;100,4;100,65;<
2022-02-11;09:00:30;100,4;;115;-;-;;LB,CT;100,2;100,4;>
2022-02-11;09:00:30;100,4;;17;-;-;;LB,CT;100,15;100,4;>
2022-02-11;09:00:30;100,4;;14;-;-;;LB,CT;100,15;100,4;>
2022-02-11;09:00:30;100,4;;21;-;-;;LB,CT;100,15;100,4;>
2022-02-11;09:00:28;100,15;;3;-;-;;LB,CT;100,15;100,45;<
2022-02-11;09:00:23;100,2;;218;-;-;;LB,CT;100,4;100,65;<
2022-02-11;09:00:23;100,25;;505;-;-;;LB,CT;100,4;100,65;<
2022-02-11;09:00:23;100,4;;265;-;-;;LB,CT;100,4;100,65;<
2022-02-11;09:00:23;100,4;;12;-;-;;LB,CT;100,4;100,65;<
2022-02-11;09:00:12;100,6;;230;-;-;;LB,CT;100,6;100,75;>
2022-02-11;09:00:12;100,55;;48;-;-;;LB,CT;100,6;100,75;<
2022-02-11;09:00:12;100,55;;7;-;-;;LB,CT;100,6;100,75;<
2022-02-11;09:00:12;100,6;;226;-;-;;LB,CT;100,6;100,75;<
2022-02-11;09:00:12;100,6;;301;-;-;;LB,CT;100,6;100,75;<
2022-02-11;09:00:03;100,9;;125;-;-;CROS;LB,OA;100,6;100,85;>
2022-02-11;09:00:03;100,9;;399;-;-;CROS;LB,OA;100,6;100,85;>
2022-02-11;09:00:03;100,9;;100;-;-;CROS;LB,OA;100,6;100,85;>
2022-02-11;09:00:03;100,9;;1471;-;-;CROS;LB,OA;100,6;100,85;>
2022-02-11;09:00:03;100,9;;50;-;-;CROS;LB,OA;100,6;100,85;>
2022-02-11;09:00:03;100,9;;1358;-;-;CROS;LB,OA;100,6;100,85;>
2022-02-11;09:00:03;100,9;;1447;-;-;CROS;LB,OA;100,6;100,85;>
2022-02-11;09:00:03;100,9;;1553;-;-;CROS;LB,OA;100,6;100,85;>
2022-02-11;09:00:03;100,9;;1290;-;-;CROS;LB,OA;100,6;100,85;>
2022-02-11;09:00:03;100,9;;1960;-;-;CROS;LB,OA;100,6;100,85;>
2022-02-11;09:00:03;100,9;;100;-;-;CROS;LB,OA;100,6;100,85;>
2022-02-11;09:00:03;100,9;;97;-;-;CROS;LB,OA;100,6;100,85;>
2022-02-11;09:00:03;100,9;;903;-;-;CROS;LB,OA;100,6;100,85;>
2022-02-11;09:00:03;100,9;;60;-;-;CROS;LB,OA;100,6;100,85;>
2022-02-11;09:00:03;100,9;;537;-;-;CROS;LB,OA;100,6;100,85;>
2022-02-11;09:00:03;100,9;;1000;-;-;CROS;LB,OA;100,6;100,85;>
2022-02-11;09:00:03;100,9;;200;-;-;CROS;LB,OA;100,6;100,85;>
2022-02-11;09:00:03;100,9;;585;-;-;CROS;LB,OA;100,6;100,85;>
2022-02-11;09:00:03;100,9;;4;-;-;CROS;LB,OA;100,6;100,85;>
2022-02-11;09:00:03;100,9;;30;-;-;CROS;LB,OA;100,6;100,85;>
2022-02-11;09:00:03;100,9;;1881;-;-;CROS;LB,OA;100,6;100,85;>
2022-02-11;09:00:03;100,9;;11;-;-;CROS;LB,OA;100,6;100,85;>
2022-02-11;09:00:03;100,9;;29;-;-;CROS;LB,OA;100,6;100,85;>
2022-02-11;09:00:03;100,9;;1;-;-;CROS;LB,OA;100,6;100,85;>
2022-02-11;09:00:03;100,9;;1;-;-;CROS;LB,OA;100,6;100,85;>
2022-02-11;09:00:03;100,9;;8;-;-;CROS;LB,OA;100,6;100,85;>
2022-02-11;09:00:03;100,9;;1108;-;-;CROS;LB,OA;100,6;100,85;>
2022-02-11;09:00:03;100,9;;300;-;-;CROS;LB,OA;100,6;100,85;>
2022-02-11;09:00:03;100,9;;29;-;-;CROS;LB,OA;100,6;100,85;>
2022-02-11;09:00:03;100,9;;100;-;-;CROS;LB,OA;100,6;100,85;>
2022-02-11;09:00:03;100,9;;19;-;-;CROS;LB,OA;100,6;100,85;>
2022-02-11;09:00:03;100,9;;9;-;-;CROS;LB,OA;100,6;100,85;>
2022-02-11;09:00:03;100,9;;10;-;-;CROS;LB,OA;100,6;100,85;>
2022-02-11;09:00:03;100,9;;194;-;-;CROS;LB,OA;100,6;100,85;>
2022-02-11;09:00:03;100,9;;1;-;-;CROS;LB,OA;100,6;100,85;>
2022-02-11;09:00:03;100,9;;230;-;-;CROS;LB,OA;100,6;100,85;>
2022-02-11;09:00:03;100,9;;38;-;-;CROS;LB,OA;100,6;100,85;>
2022-02-11;09:00:03;100,9;;120;-;-;CROS;LB,OA;100,6;100,85;>
2022-02-11;09:00:03;100,9;;120;-;-;CROS;LB,OA;100,6;100,85;>
2022-02-11;09:00:03;100,9;;140;-;-;CROS;LB,OA;100,6;100,85;>
2022-02-11;09:00:03;100,9;;23;-;-;CROS;LB,OA;100,6;100,85;>
2022-02-11;09:00:03;100,9;;2;-;-;CROS;LB,OA;100,6;100,85;>
2022-02-11;09:00:03;100,9;;15;-;-;CROS;LB,OA;100,6;100,85;>
2022-02-11;09:00:03;100,9;;100;-;-;CROS;LB,OA;100,6;100,85;>
2022-02-11;09:00:03;100,9;;786;-;-;CROS;LB,OA;100,6;100,85;>
2022-02-11;09:00:03;100,9;;7;-;-;CROS;LB,OA;100,6;100,85;>
2022-02-11;09:00:03;100,9;;2;-;-;CROS;LB,OA;100,6;100,85;>
2022-02-11;09:00:03;100,9;;3;-;-;CROS;LB,OA;100,6;100,85;>
2022-02-11;09:00:03;100,9;;4;-;-;CROS;LB,OA;100,6;100,85;>
2022-02-11;09:00:03;100,9;;6;-;-;CROS;LB,OA;100,6;100,85;>
2022-02-11;09:00:03;100,9;;2;-;-;CROS;LB,OA;100,6;100,85;>
2022-02-11;09:00:03;100,9;;1;-;-;CROS;LB,OA;100,6;100,85;>
2022-02-11;09:00:03;100,9;;48;-;-;CROS;LB,OA;100,6;100,85;>
2022-02-11;09:00:03;100,9;;1;-;-;CROS;LB,OA;100,6;100,85;>
2022-02-11;09:00:03;100,9;;4;-;-;CROS;LB,OA;100,6;100,85;>
2022-02-11;09:00:03;100,9;;5;-;-;CROS;LB,OA;100,6;100,85;>
2022-02-11;09:00:03;100,9;;4;-;-;CROS;LB,OA;100,6;100,85;>
2022-02-11;09:00:03;100,9;;1;-;-;CROS;LB,OA;100,6;100,85;>
2022-02-11;09:00:03;100,9;;10;-;-;CROS;LB,OA;100,6;100,85;>
2022-02-11;09:00:03;100,9;;19;-;-;CROS;LB,OA;100,6;100,85;>
2022-02-11;09:00:03;100,9;;1;-;-;CROS;LB,OA;100,6;100,85;>
2022-02-11;09:00:03;100,9;;48;-;-;CROS;LB,OA;100,6;100,85;>
2022-02-11;09:00:03;100,9;;4;-;-;CROS;LB,OA;100,6;100,85;>
2022-02-11;09:00:03;100,9;;4;-;-;CROS;LB,OA;100,6;100,85;>
2022-02-11;09:00:03;100,9;;2;-;-;CROS;LB,OA;100,6;100,85;>
2022-02-11;09:00:03;100,9;;8;-;-;CROS;LB,OA;100,6;100,85;>
2022-02-11;09:00:03;100,9;;14;-;-;CROS;LB,OA;100,6;100,85;>
2022-02-11;09:00:03;100,9;;6;-;-;CROS;LB,OA;100,6;100,85;>
2022-02-11;09:00:03;100,9;;4;-;-;CROS;LB,OA;100,6;100,85;>
2022-02-11;09:00:03;100,9;;48;-;-;CROS;LB,OA;100,6;100,85;>
2022-02-11;09:00:03;100,9;;2;-;-;CROS;LB,OA;100,6;100,85;>
2022-02-11;09:00:03;100,9;;3;-;-;CROS;LB,OA;100,6;100,85;>
2022-02-11;09:00:03;100,9;;10;-;-;CROS;LB,OA;100,6;100,85;>
2022-02-11;09:00:03;100,9;;48;-;-;CROS;LB,OA;100,6;100,85;>
2022-02-11;09:00:03;100,9;;48;-;-;CROS;LB,OA;100,6;100,85;>
2022-02-11;09:00:03;100,9;;1;-;-;CROS;LB,OA;100,6;100,85;>
2022-02-11;09:00:03;100,9;;9;-;-;CROS;LB,OA;100,6;100,85;>
2022-02-11;09:00:03;100,9;;9;-;-;CROS;LB,OA;100,6;100,85;>
2022-02-11;09:00:03;100,9;;19;-;-;CROS;LB,OA;100,6;100,85;>
2022-02-11;09:00:03;100,9;;9;-;-;CROS;LB,OA;100,6;100,85;>
2022-02-11;09:00:03;100,9;;10;-;-;CROS;LB,OA;100,6;100,85;>
2022-02-11;09:00:03;100,9;;1;-;-;CROS;LB,OA;100,6;100,85;>
2022-02-11;09:00:03;100,9;;1;-;-;CROS;LB,OA;100,6;100,85;>
2022-02-11;09:00:03;100,9;;4;-;-;CROS;LB,OA;100,6;100,85;>
2022-02-11;09:00:03;100,9;;10;-;-;CROS;LB,OA;100,6;100,85;>
2022-02-11;09:00:03;100,9;;5;-;-;CROS;LB,OA;100,6;100,85;>
2022-02-11;09:00:03;100,9;;1;-;-;CROS;LB,OA;100,6;100,85;>
2022-02-11;09:00:03;100,9;;10;-;-;CROS;LB,OA;100,6;100,85;>
2022-02-11;09:00:03;100,9;;2;-;-;CROS;LB,OA;100,6;100,85;>
2022-02-11;09:00:03;100,9;;5;-;-;CROS;LB,OA;100,6;100,85;>
2022-02-11;09:00:03;100,9;;5;-;-;CROS;LB,OA;100,6;100,85;>
2022-02-11;09:00:03;100,9;;29;-;-;CROS;LB,OA;100,6;100,85;>
2022-02-11;09:00:03;100,9;;35;-;-;CROS;LB,OA;100,6;100,85;>
2022-02-11;09:00:03;100,9;;1;-;-;CROS;LB,OA;100,6;100,85;>
2022-02-11;09:00:03;100,9;;4;-;-;CROS;LB,OA;100,6;100,85;>
2022-02-11;09:00:03;100,9;;48;-;-;CROS;LB,OA;100,6;100,85;>
2022-02-11;09:00:03;100,9;;33;-;-;CROS;LB,OA;100,6;100,85;>
2022-02-11;09:00:03;100,9;;97;-;-;CROS;LB,OA;100,6;100,85;>
2022-02-11;09:00:03;100,9;;2;-;-;CROS;LB,OA;100,6;100,85;>
2022-02-11;09:00:03;100,9;;926;-;-;CROS;LB,OA;100,6;100,85;>
2022-02-11;09:00:03;100,9;;50;-;-;CROS;LB,OA;100,6;100,85;>
2022-02-11;09:00:03;100,9;;50;-;-;CROS;LB,OA;100,6;100,85;>
2022-02-11;09:00:03;100,9;;2;-;-;CROS;LB,OA;100,6;100,85;>
2022-02-11;09:00:03;100,9;;3;-;-;CROS;LB,OA;100,6;100,85;>
2022-02-11;09:00:03;100,9;;466;-;-;CROS;LB,OA;100,6;100,85;>
2022-02-11;09:00:03;100,9;;38;-;-;CROS;LB,OA;100,6;100,85;>
2022-02-11;09:00:03;100,9;;122;-;-;CROS;LB,OA;100,6;100,85;>
2022-02-11;09:00:03;100,9;;122;-;-;CROS;LB,OA;100,6;100,85;>
2022-02-11;09:00:03;100,9;;122;-;-;CROS;LB,OA;100,6;100,85;>
2022-02-11;09:00:03;100,9;;101;-;-;CROS;LB,OA;100,6;100,85;>
2022-02-11;09:00:03;100,9;;21;-;-;CROS;LB,OA;100,6;100,85;>
2022-02-11;09:00:03;100,9;;38;-;-;CROS;LB,OA;100,6;100,85;>
2022-02-11;09:00:03;100,9;;880;-;-;CROS;LB,OA;100,6;100,85;>
2022-02-11;09:00:03;100,9;;622;-;-;CROS;LB,OA;100,6;100,85;>
2022-02-11;09:00:03;100,9;;17;-;-;CROS;LB,OA;100,6;100,85;>
2022-02-11;09:00:03;100,9;;1;-;-;CROS;LB,OA;100,6;100,85;>
2022-02-11;09:00:03;100,9;;75;-;-;CROS;LB,OA;100,6;100,85;>
2022-02-11;09:00:03;100,9;;2;-;-;CROS;LB,OA;100,6;100,85;>
2022-02-11;09:00:03;100,9;;64;-;-;CROS;LB,OA;100,6;100,85;>
2022-02-11;09:00:03;100,9;;695;-;-;CROS;LB,OA;100,6;100,85;>
2022-02-11;09:00:03;100,9;;183;-;-;CROS;LB,OA;100,6;100,85;>
2022-02-11;09:00:03;100,9;;349;-;-;CROS;LB,OA;100,6;100,85;>
2022-02-11;09:00:03;100,9;;50;-;-;CROS;LB,OA;100,6;100,85;>
2022-02-11;09:00:03;100,9;;1608;-;-;CROS;LB,OA;100,6;100,85;>
2022-02-11;09:00:03;100,9;;2522;-;-;CROS;LB,OA;100,6;100,85;>
2022-02-11;09:00:03;100,9;;193;-;-;CROS;LB,OA;100,6;100,85;>
2022-02-11;09:00:03;100,9;;200;-;-;CROS;LB,OA;100,6;100,85;>
2022-02-11;09:00:03;100,9;;103;-;-;CROS;LB,OA;100,6;100,85;>
2022-02-11;09:00:03;100,9;;44;-;-;CROS;LB,OA;100,6;100,85;>
2022-02-11;09:00:03;100,9;;770;-;-;CROS;LB,OA;100,6;100,85;>
2022-02-11;09:00:03;100,9;;148;-;-;CROS;LB,OA;100,6;100,85;>
2022-02-11;09:00:03;100,9;;104;-;-;CROS;LB,OA;100,6;100,85;>
2022-02-11;09:00:03;100,9;;1;-;-;CROS;LB,OA;100,6;100,85;>
2022-02-11;09:00:03;100,9;;1;-;-;CROS;LB,OA;100,6;100,85;>
2022-02-11;09:00:03;100,9;;125;-;-;CROS;LB,OA;100,6;100,85;>
2022-02-11;09:00:03;100,9;;168;-;-;CROS;LB,OA;100,6;100,85;>
2022-02-11;09:00:03;100,9;;2125;-;-;CROS;LB,OA;100,6;100,85;>
2022-02-11;09:00:03;100,9;;913;-;-;CROS;LB,OA;100,6;100,85;>
2022-02-11;09:00:03;100,9;;252;-;-;CROS;LB,OA;100,6;100,85;>
2022-02-11;09:00:03;100,9;;117;-;-;CROS;LB,OA;100,6;100,85;>
2022-02-11;09:00:03;100,9;;40;-;-;CROS;LB,OA;100,6;100,85;>
2022-02-11;09:00:03;100,9;;100;-;-;CROS;LB,OA;100,6;100,85;>
2022-02-11;09:00:03;100,9;;30;-;-;CROS;LB,OA;100,6;100,85;>
2022-02-11;09:00:03;100,9;;195;-;-;CROS;LB,OA;100,6;100,85;>
2022-02-11;09:00:03;100,9;;692;-;-;CROS;LB,OA;100,6;100,85;>
2022-02-11;09:00:03;100,9;;308;-;-;CROS;LB,OA;100,6;100,85;>
2022-02-11;09:00:03;100,9;;287;-;-;CROS;LB,OA;100,6;100,85;>
2022-02-11;09:00:03;100,9;;17;-;-;CROS;LB,OA;100,6;100,85;>
2022-02-11;09:00:03;100,9;;3;-;-;CROS;LB,OA;100,6;100,85;>
2022-02-11;09:00:03;100,9;;84;-;-;CROS;LB,OA;100,6;100,85;>
2022-02-11;09:00:03;100,9;;5;-;-;CROS;LB,OA;100,6;100,85;>
2022-02-11;09:00:03;100,9;;864;-;-;CROS;LB,OA;100,6;100,85;>
2022-02-11;09:00:03;100,9;;400;-;-;CROS;LB,OA;100,6;100,85;>
2022-02-11;09:00:07;100,85;;110;-;-;;LB,CT;100,6;100,85;>
2022-02-11;09:00:03;100,8;;110;-;-;;LB,CT;100,55;100,8;>
2022-02-11;09:00:03;100,75;;133;-;-;;LB,CT;100,55;100,8;<
2022-02-11;09:00:03;100,8;;226;-;-;;LB,CT;100,55;100,8;<
2022-02-11;09:00:03;100,8;;2683;-;-;;LB,CT;100,55;100,8;<
2022-02-11;09:00:03;100,8;;5;-;-;;LB,CT;100,8;101;<
2022-02-11;09:00:03;101;;5;-;-;;LB,CT;100,9;100,9;>
2022-02-11;09:00:03;100,9;;36679;-;-;AUCT;LB,OA;100,9;100,9;
