2022-02-16;17:29:46;191,8;;43;BBI;GSAG;CROS;LB,CA;191,8;191,8;
2022-02-16;17:29:46;191,8;;113;MLEX;GSAG;CROS;LB,CA;191,8;191,8;
2022-02-16;17:29:46;191,8;;29;BBI;GSAG;CROS;LB,CA;191,8;191,8;
2022-02-16;17:29:46;191,8;;41;BBI;GSAG;CROS;LB,CA;191,8;191,8;
2022-02-16;17:29:46;191,8;;86;BBI;GSAG;CROS;LB,CA;191,8;191,8;
2022-02-16;17:29:46;191,8;;178;BBI;GSAG;CROS;LB,CA;191,8;191,8;
2022-02-16;17:29:46;191,8;;76;BBI;GSAG;CROS;LB,CA;191,8;191,8;
2022-02-16;17:29:46;191,8;;83;BBI;GSAG;CROS;LB,CA;191,8;191,8;
2022-02-16;17:29:46;191,8;;41;BBI;GSAG;CROS;LB,CA;191,8;191,8;
2022-02-16;17:29:46;191,8;;22;JPAG;GSAG;CROS;LB,CA;191,8;191,8;
2022-02-16;17:29:46;191,8;;43;BBI;GSAG;CROS;LB,CA;191,8;191,8;
2022-02-16;17:29:46;191,8;;603;JPAG;GSAG;CROS;LB,CA;191,8;191,8;
2022-02-16;17:29:46;191,8;;41;BBI;GSAG;CROS;LB,CA;191,8;191,8;
2022-02-16;17:29:46;191,8;;31;BBI;GSAG;CROS;LB,CA;191,8;191,8;
2022-02-16;17:29:46;191,8;;41;BBI;GSAG;CROS;LB,CA;191,8;191,8;
2022-02-16;17:29:46;191,8;;76;BBI;GSAG;CROS;LB,CA;191,8;191,8;
2022-02-16;17:29:46;191,8;;41;BBI;GSAG;CROS;LB,CA;191,8;191,8;
2022-02-16;17:29:46;191,8;;27;BBI;GSAG;CROS;LB,CA;191,8;191,8;
2022-02-16;17:29:46;191,8;;85;UBS;GSAG;CROS;LB,CA;191,8;191,8;
2022-02-16;17:29:46;191,8;;140;JTEU;GSAG;CROS;LB,CA;191,8;191,8;
2022-02-16;17:29:46;191,8;;5;MLEX;GSAG;CROS;LB,CA;191,8;191,8;
2022-02-16;17:29:46;191,8;;281;UBS;GSAG;CROS;LB,CA;191,8;191,8;
2022-02-16;17:29:46;191,8;;17;UBS;GSAG;CROS;LB,CA;191,8;191,8;
2022-02-16;17:29:46;191,8;;46;UBS;GSAG;CROS;LB,CA;191,8;191,8;
2022-02-16;17:29:46;191,8;;119;UBS;GSAG;CROS;LB,CA;191,8;191,8;
2022-02-16;17:29:46;191,8;;154;MSE;GSAG;CROS;LB,CA;191,8;191,8;
2022-02-16;17:29:46;191,8;;184;CSV;GSAG;CROS;LB,CA;191,8;191,8;
2022-02-16;17:29:46;191,8;;58;CSV;GSAG;CROS;LB,CA;191,8;191,8;
2022-02-16;17:29:46;191,8;;478;GSAG;GSAG;CROS;LB,CA;191,8;191,8;
2022-02-16;17:29:46;191,8;;114;JPAG;GSAG;CROS;LB,CA;191,8;191,8;
2022-02-16;17:29:46;191,8;;65;JPAG;MSE;CROS;LB,CA;191,8;191,8;
2022-02-16;17:29:46;191,8;;170;JPAG;AVA;CROS;LB,CA;191,8;191,8;
2022-02-16;17:29:46;191,8;;290;JPAG;GSAG;CROS;LB,CA;191,8;191,8;
2022-02-16;17:29:46;191,8;;484;JPAG;GSAG;CROS;LB,CA;191,8;191,8;
2022-02-16;17:29:46;191,8;;100;JPAG;AVA;CROS;LB,CA;191,8;191,8;
2022-02-16;17:29:46;191,8;;207;JPAG;MSE;CROS;LB,CA;191,8;191,8;
2022-02-16;17:29:46;191,8;;193;JPAG;GSAG;CROS;LB,CA;191,8;191,8;
2022-02-16;17:29:46;191,8;;969;JPAG;GSAG;CROS;LB,CA;191,8;191,8;
2022-02-16;17:29:46;191,8;;32;JPAG;CITI;CROS;LB,CA;191,8;191,8;
2022-02-16;17:29:46;191,8;;3;JPAG;MSE;CROS;LB,CA;191,8;191,8;
2022-02-16;17:29:46;191,8;;508;JPAG;UBS;CROS;LB,CA;191,8;191,8;
2022-02-16;17:29:46;191,8;;196;JPAG;UBS;CROS;LB,CA;191,8;191,8;
2022-02-16;17:29:46;191,8;;71;JPAG;MLEX;CROS;LB,CA;191,8;191,8;
2022-02-16;17:29:46;191,8;;57;JPAG;MLEX;CROS;LB,CA;191,8;191,8;
2022-02-16;17:29:46;191,8;;34;JPAG;MSE;CROS;LB,CA;191,8;191,8;
2022-02-16;17:29:46;191,8;;63;JPAG;MSE;CROS;LB,CA;191,8;191,8;
2022-02-16;17:29:46;191,8;;76;JPAG;JPAG;CROS;LB,CA;191,8;191,8;
2022-02-16;17:29:46;191,8;;30;JPAG;JPAG;CROS;LB,CA;191,8;191,8;
2022-02-16;17:29:46;191,8;;63;JPAG;JPAG;CROS;LB,CA;191,8;191,8;
2022-02-16;17:29:46;191,8;;61;JPAG;JPAG;CROS;LB,CA;191,8;191,8;
2022-02-16;17:29:46;191,8;;48;JPAG;JPAG;CROS;LB,CA;191,8;191,8;
2022-02-16;17:29:46;191,8;;33;JPAG;JPAG;CROS;LB,CA;191,8;191,8;
2022-02-16;17:29:46;191,8;;206;JPAG;JPAG;CROS;LB,CA;191,8;191,8;
2022-02-16;17:29:46;191,8;;40;JPAG;JPAG;CROS;LB,CA;191,8;191,8;
2022-02-16;17:29:46;191,8;;78;JPAG;JPAG;CROS;LB,CA;191,8;191,8;
2022-02-16;17:29:46;191,8;;17;GSAG;MSE;CROS;LB,CA;191,8;191,8;
2022-02-16;17:29:46;191,8;;53;GSAG;MLEX;CROS;LB,CA;191,8;191,8;
2022-02-16;17:29:46;191,8;;5;GSAG;MLEX;CROS;LB,CA;191,8;191,8;
2022-02-16;17:29:46;191,8;;7;BBI;MLEX;CROS;LB,CA;191,8;191,8;
2022-02-16;17:29:46;191,8;;5;MSE;MSE;CROS;LB,CA;191,8;191,8;
2022-02-16;17:29:46;191,8;;22;TMB;MLEX;CROS;LB,CA;191,8;191,8;
2022-02-16;17:29:46;191,8;;23;TMB;MSE;CROS;LB,CA;191,8;191,8;
2022-02-16;17:29:46;191,8;;5;TMB;GSAG;CROS;LB,CA;191,8;191,8;
2022-02-16;17:29:46;191,8;;169;TMB;GSAG;CROS;LB,CA;191,8;191,8;
2022-02-16;17:29:46;191,8;;23;TMB;GSAG;CROS;LB,CA;191,8;191,8;
2022-02-16;17:29:46;191,8;;58;TMB;MLEX;CROS;LB,CA;191,8;191,8;
2022-02-16;17:29:46;191,8;;7760;-;-;AUCT;LB,CA;191,8;191,8;
2022-02-16;17:24:47;192,3;;16;GSAG;MLEX;;LB,CT;191,8;192,3;>
2022-02-16;17:24:45;192,2;;1;GSAG;XTXE;;LB,CT;191,8;192,2;>
2022-02-16;17:24:45;191,8;;21;IEGG;GSAG;;LB,CT;191,8;192,2;<
2022-02-16;17:24:43;191,8;;56;IEGG;GSAG;;LB,CT;191,8;192,2;<
2022-02-16;17:24:41;192,2;;18;JPAG;XTXE;;LB,CT;191,8;192,3;>
2022-02-16;17:24:41;192,2;;30;GSAG;XTXE;;LB,CT;191,7;192,2;>
2022-02-16;17:24:30;192,2;;52;GSAG;XTXE;;LB,CT;191,7;192,2;>
2022-02-16;17:23:49;191,7;;43;IEGG;AVA;;LB,CT;191,7;192,2;<
2022-02-16;17:23:49;191,7;;139;JPAG;AVA;;LB,CT;191,7;192,2;<
2022-02-16;17:23:40;191,7;;10;JPAG;MSE;;LB,CT;191,7;192,2;<
2022-02-16;17:23:29;192;;221;BBI;MSE;;LB,CT;192;192,2;<
2022-02-16;17:23:29;192;;17;BBI;JPAG;;LB,CT;192;192,2;<
2022-02-16;17:23:29;192;;25;SWB;JPAG;;LB,CT;192;192,2;<
2022-02-16;17:22:25;192,1;;163;BBI;MSE;;LB,CT;192;192,3;<
2022-02-16;17:22:25;192,1;;1;BBI;JPAG;;LB,CT;192;192,3;<
2022-02-16;17:22:08;192,2;;50;GSAG;MSE;;LB,CT;192,2;192,4;<
2022-02-16;17:22:08;192,2;;10;AVA;MSE;;LB,CT;192,2;192,4;<
2022-02-16;17:22:08;192,2;;17;UBS;MSE;;LB,CT;192,2;192,4;<
2022-02-16;17:22:08;192,2;;66;UBS;XTXE;;LB,CT;192,2;192,4;<
2022-02-16;17:22:08;192,2;;22;UBS;JPAG;;LB,CT;192,2;192,4;<
2022-02-16;17:22:08;192,2;;9;UBS;JPAG;;LB,CT;192,2;192,4;<
2022-02-16;17:22:08;192,2;;5;JPAG;JPAG;;LB,CT;192,2;192,4;<
2022-02-16;17:22:08;192,2;;5;JPAG;JPAG;;LB,CT;192,2;192,4;<
2022-02-16;17:20:09;192,3;;8;GSAG;JPAG;;LB,CT;192,3;192,6;<
2022-02-16;17:20:09;192,3;;4;CSV;JPAG;;LB,CT;192,3;192,6;<
2022-02-16;17:20:09;192,3;;5;JPAG;JPAG;;LB,CT;192,3;192,6;<
2022-02-16;17:20:09;192,3;;7;JPAG;JPAG;;LB,CT;192,3;192,6;<
2022-02-16;17:20:09;192,45;;33;-;-;CROS;PA,UA,ALGO;192,3;192,6;<
2022-02-16;17:20:03;192,5;;94;BBI;XTXE;;LB,CT;192,3;192,5;<
2022-02-16;17:20:03;192,5;;15;BBI;JPAG;;LB,CT;192,3;192,5;>
2022-02-16;17:20:03;192,5;;3;BBI;MSE;;LB,CT;192,3;192,5;>
2022-02-16;17:20:03;192,5;;40;BBI;GSAG;;LB,CT;192,3;192,5;>
2022-02-16;17:20:03;192,5;;31;BBI;JPAG;;LB,CT;192,3;192,5;>
2022-02-16;17:20:03;192,5;;11;JPAG;JPAG;;LB,CT;192,3;192,5;>
2022-02-16;17:18:33;192,3;;5;BBI;MSE;;LB,CT;192,1;192,3;>
2022-02-16;17:18:33;192,3;;28;BBI;MLEX;;LB,CT;192,1;192,3;>
2022-02-16;17:18:33;192,3;;5;BBI;AVA;;LB,CT;192,1;192,3;>
2022-02-16;17:18:33;192,3;;24;JPAG;JPAG;;LB,CT;192,1;192,3;>
2022-02-16;17:18:29;192,1;;55;BBI;JPAG;;LB,CT;192,1;192,3;<
2022-02-16;17:18:29;192,1;;1;JPAG;JPAG;;LB,CT;192,1;192,3;<
2022-02-16;17:18:29;192,1;;1;JPAG;JPAG;;LB,CT;192,1;192,3;<
2022-02-16;17:18:01;192,2;;262;BBI;GSAG;;LB,CT;192,3;192,6;<
2022-02-16;17:18:01;192,2;;17;JPAG;GSAG;;LB,CT;192,3;192,6;<
2022-02-16;17:18:01;192,2;;300;XTXE;GSAG;;LB,CT;192,3;192,6;<
2022-02-16;17:18:01;192,3;;29;UBS;GSAG;;LB,CT;192,3;192,6;<
2022-02-16;17:18:01;192,3;;240;BBI;GSAG;;LB,CT;192,3;192,6;<
2022-02-16;17:17:29;192,4;;17;MSE;GSAG;;LB,CT;192,3;192,6;<
2022-02-16;17:17:29;192,4;;201;BBI;GSAG;;LB,CT;192,3;192,6;<
2022-02-16;17:17:29;192,4;;51;MSE;GSAG;;LB,CT;192,3;192,6;<
2022-02-16;17:17:29;192,4;;89;MSE;GSAG;;LB,CT;192,3;192,6;<
2022-02-16;17:17:29;192,4;;300;XTXE;GSAG;;LB,CT;192,3;192,6;<
2022-02-16;17:17:29;192,5;;35;BBI;GSAG;;LB,CT;192,3;192,6;<
2022-02-16;17:17:29;192,5;;2;MLEX;GSAG;;LB,CT;192,3;192,6;<
2022-02-16;17:16:53;192,7;;5;JPAG;AVA;;LB,CT;192,5;192,7;>
2022-02-16;17:16:53;192,7;;16;JPAG;MLEX;;LB,CT;192,5;192,7;>
2022-02-16;17:16:49;192,6;;30;UBS;JPAG;;LB,CT;192,6;192,7;<
2022-02-16;17:16:09;192,6;;39;MSE;MLEX;;LB,CT;192,4;192,7;>
2022-02-16;17:16:09;192,6;;2;MSE;AVA;;LB,CT;192,4;192,7;>
2022-02-16;17:16:09;192,6;;8;XTXE;AVA;;LB,CT;192,4;192,7;>
2022-02-16;17:16:09;192,6;;33;XTXE;JPAG;;LB,CT;192,4;192,7;>
2022-02-16;17:16:09;192,6;;18;JPAG;JPAG;;LB,CT;192,4;192,7;>
2022-02-16;17:16:06;192,5;;77;BBI;GSAG;;LB,CT;192,2;192,5;>
2022-02-16;17:16:06;192,5;;10;BBI;AVA;;LB,CT;192,2;192,5;>
2022-02-16;17:16:06;192,5;;56;BBI;JPAG;;LB,CT;192,2;192,5;>
2022-02-16;17:16:05;192,4;;44;XTXE;MLEX;;LB,CT;192;192,4;>
2022-02-16;17:16:05;192,4;;8;XTXE;MSE;;LB,CT;192;192,4;>
2022-02-16;17:16:05;192,4;;50;JPAG;MSE;;LB,CT;192;192,4;>
2022-02-16;17:16:05;192,4;;10;JPAG;AVA;;LB,CT;192;192,4;>
2022-02-16;17:16:05;192,4;;42;JPAG;MSE;;LB,CT;192;192,4;>
2022-02-16;17:16:05;192,4;;204;JPAG;UBS;;LB,CT;192;192,4;>
2022-02-16;17:16:05;192,4;;52;JPAG;JPAG;;LB,CT;192;192,4;>
2022-02-16;17:16:05;192,4;;42;JPAG;JPAG;;LB,CT;192;192,4;>
2022-02-16;17:15:40;192,25;;33;-;-;CROS;PA,UA;192;192,4;<
2022-02-16;17:15:40;192,1;;7;GSAG;JPAG;;LB,CT;192,1;192,4;<
2022-02-16;17:15:40;192,1;;38;GSAG;JPAG;;LB,CT;192,1;192,4;<
2022-02-16;17:15:40;192,25;;33;-;-;AOD;PA,UA;192,1;192,4;
2022-02-16;17:15:40;192,2;;14;XTXE;GSAG;;LB,CT;192;192,4;>
2022-02-16;17:15:39;192,2;;50;BBI;NON;;LB,CT;192;192,2;>
2022-02-16;17:14:24;192,4;;33;GSAG;XTXE;;LB,CT;192;192,4;>
2022-02-16;17:10:19;192,2;;3;JPAG;JPAG;;LB,CT;192,2;192,4;<
2022-02-16;17:10:18;192,2;;14;JPAG;MLEX;;LB,CT;192,2;192,4;<
2022-02-16;17:10:18;192,2;;3;MLEX;MLEX;;LB,CT;192,2;192,4;<
2022-02-16;17:10:18;192,2;;25;JPAG;JPAG;;LB,CT;192,2;192,4;<
2022-02-16;17:10:18;192,2;;17;JPAG;JPAG;;LB,CT;192,2;192,4;<
2022-02-16;17:08:56;192,6;;3;NRD;XTXE;;LB,CT;192,2;192,6;>
2022-02-16;17:07:17;192,4;;48;BBI;GSAG;;LB,CT;192,2;192,4;>
2022-02-16;17:07:17;192,4;;23;BBI;MLEX;;LB,CT;192,2;192,4;>
2022-02-16;17:07:17;192,4;;44;BBI;JPAG;;LB,CT;192,2;192,4;>
2022-02-16;17:07:17;192,3;;43;XTXE;GSAG;;LB,CT;192;192,3;>
2022-02-16;17:07:17;192,3;;27;XTXE;MLEX;;LB,CT;192;192,3;>
2022-02-16;17:06:50;192,2;;16;IEGG;MLEX;;LB,CT;192;192,3;<
2022-02-16;17:06:49;192,1;;4;MLEX;JPAG;;LB,CT;192,1;192,3;<
2022-02-16;17:06:39;192,3;;3;GSAG;MLEX;;LB,CT;192;192,3;>
2022-02-16;17:06:39;192,3;;42;GSAG;GSAG;;LB,CT;192;192,3;>
2022-02-16;17:06:39;192,2;;7;JPAG;MSE;;LB,CT;192;192,3;<
2022-02-16;17:06:39;192,2;;26;JPAG;MSE;;LB,CT;192;192,3;<
2022-02-16;17:06:39;192,2;;240;IEGG;MSE;;LB,CT;192;192,3;<
2022-02-16;17:06:39;192,2;;90;IEGG;XTXE;;LB,CT;192;192,3;<
2022-02-16;17:06:39;192,2;;57;IEGG;XTXE;;LB,CT;192;192,3;<
2022-02-16;17:06:33;192,2;;22;IEGG;MLEX;;LB,CT;192;192,2;>
2022-02-16;17:06:33;192,2;;7;IEGG;JPAG;;LB,CT;192;192,2;>
2022-02-16;17:06:31;192,2;;23;GSAG;JPAG;;LB,CT;192;192,2;>
2022-02-16;17:06:30;192,2;;13;XTXE;JPAG;;LB,CT;192;192,2;>
2022-02-16;17:02:20;191,8;;146;XTXE;GSAG;;LB,CT;191,8;192,1;<
2022-02-16;17:02:20;192;;24;JPAG;GSAG;;LB,CT;191,8;192,1;<
2022-02-16;17:02:20;192;;300;XTXE;GSAG;;LB,CT;191,8;192,1;<
2022-02-16;17:02:14;192,1;;6;MLEX;JPAG;;LB,CT;191,8;192,1;>
2022-02-16;17:02:14;192,1;;39;XTXE;JPAG;;LB,CT;191,8;192,1;>
2022-02-16;17:02:14;192,1;;28;XTXE;MLEX;;LB,CT;191,8;192,1;>
2022-02-16;17:01:29;192;;53;MSE;JPAG;;LB,CT;191,8;192,1;>
2022-02-16;17:00:02;191,8;;328;JPAG;AVA;;LB,CT;191,7;191,8;>
2022-02-16;17:00:02;191,8;;45;XTXE;AVA;;LB,CT;191,7;191,8;>
2022-02-16;17:00:02;191,8;;170;XTXE;AVA;;LB,CT;191,7;191,8;>
2022-02-16;16:59:54;191,7;;9;XTXE;MLEX;;LB,CT;191,5;191,7;>
2022-02-16;16:59:54;191,7;;30;JPAG;MLEX;;LB,CT;191,5;191,7;>
2022-02-16;16:59:54;191,7;;300;JPAG;XTXE;;LB,CT;191,5;191,7;>
2022-02-16;16:59:54;191,6;;13;BBI;XTXE;;LB,CT;191,6;191,8;<
2022-02-16;16:59:54;191,6;;112;BBI;MSE;;LB,CT;191,6;191,8;<
2022-02-16;16:59:54;191,6;;45;BBI;JPAG;;LB,CT;191,6;191,8;<
2022-02-16;16:59:53;191,7;;263;BBI;MSE;;LB,CT;191,7;191,8;<
2022-02-16;16:59:53;191,8;;28;JPAG;AVA;;LB,CT;191,8;192,2;<
2022-02-16;16:59:53;191,8;;3;NRD;AVA;;LB,CT;191,8;192,2;<
2022-02-16;16:58:02;192;;41;XTXE;JPAG;;LB,CT;192;192,3;<
2022-02-16;16:55:38;192,2;;24;MSE;MLEX;;LB,CT;191,8;192,2;>
2022-02-16;16:55:38;192,1;;46;BBI;JPAG;;LB,CT;191,8;192,2;>
2022-02-16;16:55:38;192,1;;41;BBI;JPAG;;LB,CT;191,8;192,2;>
2022-02-16;16:55:38;192,1;;66;BBI;GSAG;;LB,CT;191,8;192,2;>
2022-02-16;16:55:38;192,1;;300;BBI;XTXE;;LB,CT;191,8;192,2;>
2022-02-16;16:55:09;192;;3;JPAG;JPAG;;LB,CT;192;192,2;<
2022-02-16;16:54:42;192,1;;45;MLEX;JPAG;;LB,CT;192;192,2;>
2022-02-16;16:54:42;192,1;;2;MLEX;MLEX;;LB,CT;192;192,2;>
2022-02-16;16:54:42;192,1;;4;MSE;MLEX;;LB,CT;191,9;192,1;>
2022-02-16;16:54:42;192,1;;23;MSE;MSE;;LB,CT;191,9;192,1;>
2022-02-16;16:54:38;192;;22;XTXE;JPAG;;LB,CT;191,8;192;>
2022-02-16;16:54:38;192;;19;GSAG;JPAG;;LB,CT;191,8;192;>
2022-02-16;16:54:29;191,9;;3;MLEX;JPAG;;LB,CT;191,8;192;<
2022-02-16;16:54:29;191,9;;26;JPAG;JPAG;;LB,CT;191,8;192;<
2022-02-16;16:52:41;192;;300;JPAG;XTXE;;LB,CT;191,9;192;>
2022-02-16;16:52:17;192;;43;BBI;JPAG;;LB,CT;191,8;192,1;>
2022-02-16;16:52:02;191,6;;66;XTXE;AVA;;LB,CT;191,8;192,1;>
2022-02-16;16:52:02;191,6;;102;UBS;AVA;;LB,CT;191,8;192,1;<
2022-02-16;16:52:02;191,6;;48;UBS;AVA;;LB,CT;191,8;192,1;<
2022-02-16;16:52:02;191,6;;248;BBI;AVA;;LB,CT;191,8;192,1;<
2022-02-16;16:52:02;191,6;;3;MLEX;AVA;;LB,CT;191,8;192,1;<
2022-02-16;16:52:02;191,7;;205;UBS;AVA;;LB,CT;191,8;192,1;<
2022-02-16;16:52:02;191,8;;3;NRD;AVA;;LB,CT;191,8;192,1;<
2022-02-16;16:52:02;191,8;;24;JPAG;AVA;;LB,CT;191,8;192,1;<
2022-02-16;16:52:02;191,8;;1;GSAG;AVA;;LB,CT;191,8;192,1;<
2022-02-16;16:52:02;191,8;;300;XTXE;AVA;;LB,CT;191,8;192,1;<
2022-02-16;16:51:29;192;;36;JPAG;GSAG;;LB,CT;191,8;192,1;>
2022-02-16;16:51:25;192;;37;MLEX;JPAG;;LB,CT;191,8;192,1;>
2022-02-16;16:51:25;192;;12;MLEX;JPAG;;LB,CT;191,8;192,1;>
2022-02-16;16:51:25;192;;38;MLEX;GSAG;;LB,CT;191,8;192,1;>
2022-02-16;16:51:15;191,7;;23;MSE;MSE;;LB,CT;191,7;192;<
2022-02-16;16:51:01;191,9;;21;CSV;GSAG;;LB,CT;191,9;192,1;<
2022-02-16;16:51:01;191,9;;2;NRD;GSAG;;LB,CT;191,9;192,1;<
2022-02-16;16:51:01;191,9;;25;JPAG;GSAG;;LB,CT;191,9;192,1;<
2022-02-16;16:51:01;191,9;;233;BBI;GSAG;;LB,CT;191,9;192,1;<
2022-02-16;16:50:36;192,1;;23;BBI;MLEX;;LB,CT;191,8;192,1;>
2022-02-16;16:50:36;192,1;;300;BBI;XTXE;;LB,CT;191,8;192,1;>
2022-02-16;16:50:32;192;;33;BBI;GSAG;;LB,CT;191,7;192;>
2022-02-16;16:50:32;192;;2;AVA;GSAG;;LB,CT;191,7;192;>
2022-02-16;16:47:49;191,9;;56;BBI;GSAG;;LB,CT;191,7;192;>
2022-02-16;16:43:49;192;;53;BBI;JPAG;;LB,CT;191,8;192,1;>
2022-02-16;16:43:49;192;;42;BBI;JPAG;;LB,CT;191,8;192,1;>
2022-02-16;16:43:49;191,9;;43;JPAG;MSE;;LB,CT;191,8;192,1;>
2022-02-16;16:43:49;191,9;;27;JPAG;MLEX;;LB,CT;191,8;192,1;>
2022-02-16;16:43:42;191,8;;44;MLEX;JPAG;;LB,CT;191,6;191,8;>
2022-02-16;16:43:41;191,7;;67;BBI;AVA;;LB,CT;191,5;191,8;>
2022-02-16;16:43:41;191,7;;21;BBI;MLEX;;LB,CT;191,5;191,8;>
2022-02-16;16:43:37;191,5;;88;MSE;AVA;;LB,CT;191,4;191,7;>
2022-02-16;16:43:37;191,5;;112;XTXE;AVA;;LB,CT;191,4;191,7;>
2022-02-16;16:43:30;191,6;;45;MLEX;JPAG;;LB,CT;191,4;191,7;>
2022-02-16;16:42:21;191,2;;10;XTXE;NON;;LB,CT;191,2;191,6;<
2022-02-16;16:41:44;191,2;;45;XTXE;AVA;;LB,CT;191,2;191,6;<
2022-02-16;16:41:06;191,6;;73;BBI;MLEX;;LB,CT;191,2;191,7;>
2022-02-16;16:40:56;191,5;;35;MLEX;JPAG;;LB,CT;191,2;191,6;>
2022-02-16;16:40:55;191,5;;38;MSE;JPAG;;LB,CT;191,2;191,5;>
2022-02-16;16:40:55;191,4;;56;MSE;JPAG;;LB,CT;191,2;191,5;>
2022-02-16;16:40:13;191,2;;191;JPAG;UBS;;LB,CT;191;191,4;>
2022-02-16;16:40:13;191,2;;61;JPAG;JPAG;;LB,CT;191;191,4;>
2022-02-16;16:39:31;191;;3;NON;MSE;;LB,CT;191;191,4;<
2022-02-16;16:39:31;191;;218;XTXE;MSE;;LB,CT;191;191,4;<
2022-02-16;16:39:31;191;;82;XTXE;MLEX;;LB,CT;191;191,4;<
2022-02-16;16:37:24;191,4;;6;XTXE;JPAG;;LB,CT;191,1;191,5;>
2022-02-16;16:37:24;191,4;;50;MLEX;JPAG;;LB,CT;191,1;191,5;>
2022-02-16;16:37:24;191,4;;34;GSAG;XTXE;;LB,CT;191,1;191,5;>
2022-02-16;16:36:20;191,3;;3;NRD;MLEX;;LB,CT;191;191,6;<
2022-02-16;16:36:20;191,3;;162;BBI;MLEX;;LB,CT;191;191,6;<
2022-02-16;16:36:20;191,3;;45;BBI;MLEX;;LB,CT;191;191,6;<
2022-02-16;16:35:18;191,5;;22;GSAG;MLEX;;LB,CT;191,3;191,8;<
2022-02-16;16:35:18;191,5;;3;MLEX;MLEX;;LB,CT;191,3;191,8;<
2022-02-16;16:33:01;191,7;;13;JPAG;MLEX;;LB,CT;191,7;192;<
2022-02-16;16:33:01;191,7;;13;JPAG;XTXE;;LB,CT;191,7;192;<
2022-02-16;16:32:09;191,8;;30;JPAG;AVA;;LB,CT;191,8;192,1;<
2022-02-16;16:32:08;192;;9;XTXE;GSAG;;LB,CT;191,8;192;>
2022-02-16;16:32:08;192;;24;BBI;GSAG;;LB,CT;191,8;192;>
2022-02-16;16:32:08;192;;129;BBI;GSAG;;LB,CT;191,8;192;>
2022-02-16;16:32:07;191,9;;8;MLEX;GSAG;;LB,CT;191,7;192;>
2022-02-16;16:32:07;191,9;;50;MLEX;GSAG;;LB,CT;191,7;192;>
2022-02-16;16:32:07;191,9;;52;BBI;MLEX;;LB,CT;191,7;192;>
2022-02-16;16:28:43;191,8;;31;JPAG;XTXE;;LB,CT;191,4;191,8;>
2022-02-16;16:28:43;191,6;;300;BBI;XTXE;;LB,CT;191,2;191,6;>
2022-02-16;16:28:23;190,9;;305;SIS;AVA;;LB,CT;191,1;191,6;>
2022-02-16;16:28:23;190,9;;61;UBS;AVA;;LB,CT;191,1;191,6;<
2022-02-16;16:28:23;190,9;;76;BBI;AVA;;LB,CT;191,1;191,6;<
2022-02-16;16:28:23;190,9;;195;BBI;AVA;;LB,CT;191,1;191,6;<
2022-02-16;16:28:23;190,9;;275;BBI;AVA;;LB,CT;191,1;191,6;<
2022-02-16;16:28:23;190,9;;25;JPAG;AVA;;LB,CT;191,1;191,6;<
2022-02-16;16:28:23;191;;261;BBI;AVA;;LB,CT;191,1;191,6;<
2022-02-16;16:28:23;191;;300;XTXE;AVA;;LB,CT;191,1;191,6;<
2022-02-16;16:28:23;191,1;;2;MLEX;AVA;;LB,CT;191,1;191,6;<
2022-02-16;16:27:02;191,2;;1017;SIS;AVA;;LB,CT;191,1;191,8;>
2022-02-16;16:27:02;191,2;;103;MLEX;AVA;;LB,CT;191,1;191,8;<
2022-02-16;16:27:02;191,2;;218;BBI;AVA;;LB,CT;191,1;191,8;<
2022-02-16;16:27:02;191,2;;233;BBI;AVA;;LB,CT;191,1;191,8;<
2022-02-16;16:27:02;191,3;;211;BBI;AVA;;LB,CT;191,1;191,8;<
2022-02-16;16:27:02;191,3;;20;AVA;AVA;;LB,CT;191,1;191,8;<
2022-02-16;16:27:02;191,4;;272;BBI;AVA;;LB,CT;191,1;191,8;<
2022-02-16;16:27:02;191,4;;300;XTXE;AVA;;LB,CT;191,1;191,8;<
2022-02-16;16:27:02;191,5;;77;UBS;AVA;;LB,CT;191,1;191,8;<
2022-02-16;16:27:02;191,5;;22;GSAG;AVA;;LB,CT;191,1;191,8;<
2022-02-16;16:27:02;191,5;;20;AVA;AVA;;LB,CT;191,1;191,8;<
2022-02-16;16:27:02;191,6;;3;MLEX;AVA;;LB,CT;191,1;191,8;<
2022-02-16;16:27:02;191,6;;2;NRD;AVA;;LB,CT;191,1;191,8;<
2022-02-16;16:27:02;191,6;;2;NRD;AVA;;LB,CT;191,1;191,8;<
2022-02-16;16:25:30;191,9;;21;GSAG;MLEX;;LB,CT;191,6;191,9;>
2022-02-16;16:25:26;191,9;;10;AVA;MLEX;;LB,CT;191,6;191,9;>
2022-02-16;16:24:40;191,8;;45;XTXE;JPAG;;LB,CT;191,6;191,9;>
2022-02-16;16:24:40;191,8;;40;XTXE;JPAG;;LB,CT;191,6;191,9;>
2022-02-16;16:24:08;191,7;;52;BBI;JPAG;;LB,CT;191,5;191,8;>
2022-02-16;16:22:08;191,8;;1;AVA;JPAG;;LB,CT;191,4;191,8;>
2022-02-16;16:22:02;191,7;;38;MLEX;MSE;;LB,CT;191,4;191,8;>
2022-02-16;16:22:02;191,7;;13;XTXE;MSE;;LB,CT;191,4;191,7;>
2022-02-16;16:22:02;191,6;;63;MLEX;JPAG;;LB,CT;191,4;191,7;>
2022-02-16;16:20:28;191,3;;59;XTXE;AVA;;LB,CT;191,3;191,6;<
2022-02-16;16:20:26;191,5;;13;MLEX;GSAG;;LB,CT;191,3;191,6;>
2022-02-16;16:20:26;191,5;;44;XTXE;GSAG;;LB,CT;191,3;191,6;>
2022-02-16;16:20:26;191,5;;41;XTXE;JPAG;;LB,CT;191,3;191,6;>
2022-02-16;16:20:25;191,4;;300;JPAG;XTXE;;LB,CT;191,1;191,4;>
2022-02-16;16:20:02;191,4;;122;BBI;JPAG;;LB,CT;191;191,5;>
2022-02-16;16:20:02;191,4;;59;BBI;JPAG;;LB,CT;191;191,5;>
2022-02-16;16:19:06;191;;26;JPAG;MLEX;;LB,CT;190,7;191,4;<
2022-02-16;16:15:27;191,3;;78;UBS;MSE;;LB,CT;190,9;191,8;<
2022-02-16;16:15:27;191,3;;2;NRD;MSE;;LB,CT;190,9;191,8;<
2022-02-16;16:15:27;191,3;;38;JPAG;MSE;;LB,CT;190,9;191,8;<
2022-02-16;16:15:27;191,3;;4;JPAG;AVA;;LB,CT;190,9;191,8;<
2022-02-16;16:14:28;191,4;;39;JPAG;JPAG;;LB,CT;191,3;191,6;<
2022-02-16;16:14:28;191,4;;40;MSE;JPAG;;LB,CT;191,3;191,6;<
2022-02-16;16:14:28;191,7;;96;XTXE;JPAG;;LB,CT;191,3;191,6;>
2022-02-16;16:14:28;191,6;;64;XTXE;GSAG;;LB,CT;191,3;191,6;>
2022-02-16;16:14:28;191,6;;129;XTXE;JPAG;;LB,CT;191,3;191,6;>
2022-02-16;16:14:28;191,6;;87;XTXE;JPAG;;LB,CT;191,3;191,6;>
2022-02-16;16:13:11;191,4;;2;MSE;JPAG;;LB,CT;191,3;191,7;<
2022-02-16;16:12:07;191,5;;17;BBI;MLEX;;LB,CT;191,4;191,9;<
2022-02-16;16:12:06;191,5;;17;BBI;MLEX;;LB,CT;191,6;192;<
2022-02-16;16:12:06;191,6;;161;BBI;MSE;;LB,CT;191,6;192;<
2022-02-16;16:12:06;191,6;;50;BBI;MLEX;;LB,CT;191,6;192;<
2022-02-16;16:12:06;191,6;;50;BBI;MLEX;;LB,CT;191,6;192;<
2022-02-16;16:12:06;191,7;;3;NRD;MSE;;LB,CT;191,6;192;<
2022-02-16;16:12:06;191,7;;204;BBI;MSE;;LB,CT;191,6;192;<
2022-02-16;16:11:06;192;;5;BBI;AVA;;LB,CT;191,7;192,2;>
2022-02-16;16:07:52;191,8;;24;CSV;MSE;;LB,CT;191,8;192,7;<
2022-02-16;16:07:52;191,8;;12;CSV;MSE;;LB,CT;191,8;192,7;<
2022-02-16;16:07:52;191,8;;212;BBI;MSE;;LB,CT;191,8;192,7;<
2022-02-16;16:07:52;191,8;;26;BBI;AVA;;LB,CT;191,8;192,7;<
2022-02-16;16:05:41;192,7;;13;AVA;AVA;;LB,CT;191,8;192,7;>
2022-02-16;16:02:04;191,9;;13;GSAG;JPAG;;LB,CT;191,9;192,7;<
2022-02-16;16:02:04;191,9;;24;JPAG;JPAG;;LB,CT;191,9;192,7;<
2022-02-16;16:01:11;191,9;;5;GSAG;AVA;;LB,CT;191,9;192,7;<
2022-02-16;16:00:39;191,9;;1;GSAG;AVA;;LB,CT;191,9;192,7;<
2022-02-16;16:00:20;191,9;;8;GSAG;MSE;;LB,CT;191,9;192,7;<
2022-02-16;16:00:20;191,9;;3;NRD;MSE;;LB,CT;191,9;192,7;<
2022-02-16;15:59:43;192,7;;1;AVA;XTXE;;LB,CT;191,9;192,7;>
2022-02-16;15:58:13;192,5;;41;MLEX;JPAG;;LB,CT;191,9;192,5;>
2022-02-16;15:58:13;192,4;;16;MLEX;MSE;;LB,CT;191,9;192,5;>
2022-02-16;15:58:13;192,4;;25;JPAG;MSE;;LB,CT;191,9;192,5;>
2022-02-16;15:58:13;192,1;;53;BBI;JPAG;;LB,CT;191,5;192,1;>
2022-02-16;15:57:11;191,8;;20;XTXE;MLEX;;LB,CT;191,1;191,7;>
2022-02-16;15:57:11;191,7;;42;MLEX;JPAG;;LB,CT;191,1;191,7;>
2022-02-16;15:57:07;191,6;;13;XTXE;MLEX;;LB,CT;190,9;191,6;>
2022-02-16;15:57:05;191,5;;40;BBI;MLEX;;LB,CT;190,7;191,7;>
2022-02-16;15:57:05;191,5;;42;BBI;JPAG;;LB,CT;190,7;191,7;>
2022-02-16;15:57:05;191,5;;67;BBI;JPAG;;LB,CT;190,7;191,7;>
2022-02-16;15:54:58;191,3;;40;XTXE;MLEX;;LB,CT;190,5;191,3;>
2022-02-16;15:54:58;191,2;;10;XTXE;AVA;;LB,CT;190,5;191,3;>
2022-02-16;15:54:58;191,1;;57;BBI;GSAG;;LB,CT;190,5;191,3;>
2022-02-16;15:54:58;191,1;;41;BBI;JPAG;;LB,CT;190,5;191,3;>
2022-02-16;15:54:58;191,1;;35;BBI;GSAG;;LB,CT;190,5;191,3;>
2022-02-16;15:54:58;191,1;;188;BBI;UBS;;LB,CT;190,5;191,3;>
2022-02-16;15:54:58;191,1;;74;BBI;JPAG;;LB,CT;190,5;191,3;>
2022-02-16;15:54:58;191,1;;59;BBI;MLEX;;LB,CT;190,5;191,3;>
2022-02-16;15:54:01;190,9;;65;BBI;JPAG;;LB,CT;190,5;191,1;>
2022-02-16;15:54:01;190,9;;207;BBI;UBS;;LB,CT;190,5;191,1;>
2022-02-16;15:53:29;190,5;;125;XTXE;SBN;;LB,CT;190,5;191;<
2022-02-16;15:53:01;191;;40;BBI;AVA;;LB,CT;190,5;191,1;>
2022-02-16;15:52:44;191,1;;28;JPAG;XTXE;;LB,CT;190,3;191,1;>
2022-02-16;15:52:44;191,1;;79;JPAG;JPAG;;LB,CT;190,3;191,1;>
2022-02-16;15:52:41;191,1;;118;UBS;XTXE;;LB,CT;190,6;191,1;>
2022-02-16;15:52:41;191;;37;MSE;MSE;;LB,CT;190,6;191,1;<
2022-02-16;15:52:41;191,1;;2769;SHB;SIS;;LB,CT;190,6;191,1;<
2022-02-16;15:52:41;191,1;;2071;SHB;BBI;;LB,CT;190,6;191,1;<
2022-02-16;15:52:41;191,1;;160;SHB;MSE;;LB,CT;191,1;192,2;<
2022-02-16;15:52:41;191,2;;36;MSE;MSE;;LB,CT;191,2;192,2;<
2022-02-16;15:52:41;191,2;;59;MLEX;MSE;;LB,CT;191,2;192,2;<
2022-02-16;15:52:41;191,2;;95;MLEX;MSE;;LB,CT;191,2;192,2;<
2022-02-16;15:52:41;191,2;;500;MLEX;AVA;;LB,CT;191,2;192,2;<
2022-02-16;15:52:30;191,5;;3;NRD;MLEX;;LB,CT;191,2;192,2;<
2022-02-16;15:52:30;191,5;;26;JPAG;MLEX;;LB,CT;191,2;192,2;<
2022-02-16;15:52:30;191,5;;100;XTXE;MLEX;;LB,CT;191,2;192,2;<
2022-02-16;15:52:30;191,5;;150;XTXE;MLEX;;LB,CT;191,2;192,2;<
2022-02-16;15:52:30;191,5;;50;XTXE;MLEX;;LB,CT;191,2;192,2;<
2022-02-16;15:50:18;191,8;;33;MSE;SIS;;LB,CT;191,9;192,3;<
2022-02-16;15:50:18;191,8;;235;BBI;SIS;;LB,CT;191,9;192,3;<
2022-02-16;15:50:18;191,8;;88;BBI;SIS;;LB,CT;191,9;192,3;<
2022-02-16;15:50:18;191,8;;104;BBI;XTXE;;LB,CT;191,9;192,3;<
2022-02-16;15:50:18;191,8;;64;BBI;XTXE;;LB,CT;191,9;192,3;<
2022-02-16;15:50:18;191,9;;203;BBI;SIS;;LB,CT;191,9;192,3;<
2022-02-16;15:50:18;191,9;;55;BBI;AVA;;LB,CT;191,9;192,3;<
2022-02-16;15:50:18;191,9;;263;BBI;AVA;;LB,CT;191,9;192,3;<
2022-02-16;15:49:30;192,2;;69;JPAG;MLEX;;LB,CT;191,9;192,2;>
2022-02-16;15:49:30;192,2;;82;JPAG;GSAG;;LB,CT;191,9;192,2;>
2022-02-16;15:49:30;192,2;;61;JPAG;JPAG;;LB,CT;191,9;192,2;>
2022-02-16;15:49:30;192,2;;146;JPAG;JPAG;;LB,CT;191,9;192,2;>
2022-02-16;15:49:22;192;;1;NRD;MSE;;LB,CT;192;192,2;<
2022-02-16;15:48:07;192,1;;25;JPAG;MLEX;;LB,CT;192,1;192,4;<
2022-02-16;15:47:23;192,1;;50;JPAG;AVA;;LB,CT;192,1;192,5;<
2022-02-16;15:45:38;192,1;;20;JPAG;AVA;;LB,CT;192,1;192,5;<
2022-02-16;15:45:16;192,3;;80;XTXE;AVA;;LB,CT;192,3;193,1;>
2022-02-16;15:45:16;192,3;;127;MSE;AVA;;LB,CT;192,3;193,1;<
2022-02-16;15:45:16;192,3;;20;AVA;AVA;;LB,CT;192,3;193,1;<
2022-02-16;15:45:03;192,7;;40;BBI;MLEX;;LB,CT;192,4;193,1;<
2022-02-16;15:45:02;192,7;;167;BBI;XTXE;;LB,CT;192,7;193,1;<
2022-02-16;15:45:02;192,6;;24;JPAG;XTXE;;LB,CT;192,6;193,1;<
2022-02-16;15:44:50;192,8;;37;XTXE;AVA;;LB,CT;192,6;193,1;>
2022-02-16;15:44:50;192,8;;3;NRD;AVA;;LB,CT;192,6;193,1;<
2022-02-16;15:44:03;193;;27;MLEX;BBI;;LB,CT;192,8;193,2;>
2022-02-16;15:44:03;193;;51;MLEX;MLEX;;LB,CT;192,8;193,2;>
2022-02-16;15:44:01;192,9;;84;MLEX;JPAG;;LB,CT;192,6;192,9;>
2022-02-16;15:43:58;192,8;;60;MLEX;JPAG;;LB,CT;192,4;192,8;>
2022-02-16;15:43:57;192,7;;35;MSE;GSAG;;LB,CT;192,4;192,8;>
2022-02-16;15:43:57;192,7;;26;BBI;GSAG;;LB,CT;192,4;192,8;>
2022-02-16;15:43:57;192,7;;66;BBI;JPAG;;LB,CT;192,4;192,8;>
2022-02-16;15:43:57;192,7;;126;BBI;JPAG;;LB,CT;192,4;192,8;>
2022-02-16;15:43:56;192,7;;20;AVA;JPAG;;LB,CT;192,2;192,7;>
2022-02-16;15:43:28;192,7;;1;MSE;JPAG;;LB,CT;192,2;192,7;>
2022-02-16;15:40:52;192,6;;260;JPAG;XTXE;;LB,CT;192,2;192,7;>
2022-02-16;15:40:52;192,4;;37;BBI;XTXE;;LB,CT;192,2;192,7;<
2022-02-16;15:40:52;192,4;;50;BBI;MLEX;;LB,CT;192,2;192,7;<
2022-02-16;15:40:52;192,4;;50;BBI;MLEX;;LB,CT;192,2;192,7;<
2022-02-16;15:40:52;192,4;;21;BBI;MLEX;;LB,CT;192,2;192,7;<
2022-02-16;15:40:52;192,4;;50;BBI;MLEX;;LB,CT;192,2;192,7;<
2022-02-16;15:40:51;192,5;;26;JPAG;MLEX;;LB,CT;192,4;192,7;<
2022-02-16;15:40:02;192,8;;300;XTXE;BBI;;LB,CT;192,5;193,3;<
2022-02-16;15:39:23;192,5;;59;MLEX;JPAG;;LB,CT;192,5;194;<
2022-02-16;15:39:23;192,5;;147;JPAG;JPAG;;LB,CT;192,5;194;<
2022-02-16;15:39:22;193;;59;MLEX;JPAG;;LB,CT;193;194;<
2022-02-16;15:39:22;193;;1;NRD;JPAG;;LB,CT;193;194;<
2022-02-16;15:39:21;193,5;;53;MSE;XTXE;;LB,CT;193,5;194,1;<
2022-02-16;15:39:21;193,5;;60;MSE;XTXE;;LB,CT;193,5;194,1;<
2022-02-16;15:39:20;193,7;;58;MLEX;MSE;;LB,CT;193,7;194,9;<
2022-02-16;15:39:20;193,7;;503;MLEX;MSE;;LB,CT;193,7;194,9;<
2022-02-16;15:39:20;193,7;;138;SSWM;MSE;;LB,CT;193,7;194,9;<
2022-02-16;15:39:07;193,9;;58;MLEX;XTXE;;LB,CT;193,8;194,9;<
2022-02-16;15:39:07;193,9;;41;JPAG;XTXE;;LB,CT;193,8;194,9;<
2022-02-16;15:38:36;194,2;;2;NRD;BBI;;LB,CT;194,2;194,9;<
2022-02-16;15:38:36;194,2;;40;JPAG;BBI;;LB,CT;194,2;194,9;<
2022-02-16;15:35:05;194,4;;228;BBI;XTXE;;LB,CT;194,2;194,9;<
2022-02-16;15:35:05;194,3;;58;MLEX;MSE;;LB,CT;194,3;195,2;<
2022-02-16;15:35:05;194,3;;278;SSWM;MSE;;LB,CT;194,3;195,2;<
2022-02-16;15:35:05;194,3;;41;SSWM;JPAG;;LB,CT;194,3;195,2;<
2022-02-16;15:34:16;194,5;;107;MSE;JPAG;;LB,CT;194,5;195,2;<
2022-02-16;15:34:16;194,5;;24;JPAG;JPAG;;LB,CT;194,5;195,2;<
2022-02-16;15:34:16;194,5;;12;MSE;MLEX;;LB,CT;194,5;195,2;<
2022-02-16;15:34:16;194,5;;58;MLEX;MLEX;;LB,CT;194,5;195,2;<
2022-02-16;15:34:12;194,6;;26;JPAG;MLEX;;LB,CT;194,6;195,2;<
2022-02-16;15:34:12;194,6;;100;XTXE;MLEX;;LB,CT;194,6;195,2;<
2022-02-16;15:34:12;194,6;;100;XTXE;MLEX;;LB,CT;194,6;195,2;<
2022-02-16;15:34:12;194,6;;50;XTXE;MLEX;;LB,CT;194,6;195,2;<
2022-02-16;15:32:05;194,6;;180;UBS;MSE;;LB,CT;194,6;195,2;<
2022-02-16;15:32:05;194,6;;2;NRD;MSE;;LB,CT;194,6;195,2;<
2022-02-16;15:32:05;194,6;;58;MLEX;MSE;;LB,CT;194,6;195,2;<
2022-02-16;15:32:05;194,6;;35;GSAG;MSE;;LB,CT;194,6;195,2;<
2022-02-16;15:32:05;194,6;;259;XTXE;MSE;;LB,CT;194,6;195,2;<
2022-02-16;15:32:05;194,6;;41;XTXE;JPAG;;LB,CT;194,6;195,2;<
2022-02-16;15:30:04;194,6;;42;JPAG;MLEX;;LB,CT;194,6;195,2;<
2022-02-16;15:30:04;194,6;;50;XTXE;MLEX;;LB,CT;194,6;195,2;<
2022-02-16;15:30:04;194,6;;50;XTXE;MLEX;;LB,CT;194,6;195,2;<
2022-02-16;15:29:27;194,8;;82;MSE;MLEX;;LB,CT;194,8;195,2;<
2022-02-16;15:29:26;194,9;;54;MSE;MLEX;;LB,CT;194,8;195,2;<
2022-02-16;15:27:56;194,9;;15;MSE;JPAG;;LB,CT;194,9;195,2;<
2022-02-16;15:27:56;194,9;;26;JPAG;JPAG;;LB,CT;194,9;195,2;<
2022-02-16;15:26:28;195,2;;22;AVA;XTXE;;LB,CT;194,9;195,2;>
2022-02-16;15:24:54;195;;24;CSV;MSE;;LB,CT;194,9;195,2;<
2022-02-16;15:24:54;195;;1;NRD;MSE;;LB,CT;194,9;195,2;<
2022-02-16;15:24:54;195;;24;JPAG;MSE;;LB,CT;194,9;195,2;<
2022-02-16;15:24:54;195;;190;NRD;MSE;;LB,CT;194,9;195,2;<
2022-02-16;15:24:54;195;;128;MSE;MSE;;LB,CT;194,9;195,2;<
2022-02-16;15:24:54;195;;100;XTXE;AVA;;LB,CT;194,9;195,2;<
2022-02-16;15:17:27;195,1;;36;XTXE;MLEX;;LB,CT;195;195,3;>
2022-02-16;15:15:31;195;;30;NRD;MSE;;LB,CT;194,8;195,1;>
2022-02-16;15:15:31;195;;54;NRD;GSAG;;LB,CT;194,8;195,1;>
2022-02-16;15:15:31;195;;27;NRD;BBI;;LB,CT;194,8;195,1;>
2022-02-16;15:15:31;195;;50;NRD;AVA;;LB,CT;194,8;195,1;>
2022-02-16;15:15:23;194,9;;289;JPAG;XTXE;;LB,CT;194,5;194,9;>
2022-02-16;15:15:23;194,9;;41;JPAG;JPAG;;LB,CT;194,5;194,9;>
2022-02-16;15:12:03;194,7;;3;NRD;JPAG;;LB,CT;194,5;194,9;<
2022-02-16;15:12:03;194,7;;24;JPAG;JPAG;;LB,CT;194,5;194,9;<
2022-02-16;15:09:55;194,9;;11;JPAG;MLEX;;LB,CT;194,6;194,9;>
2022-02-16;15:05:56;194,8;;34;MLEX;JPAG;;LB,CT;194,6;194,9;>
2022-02-16;15:05:56;194,8;;50;MLEX;JPAG;;LB,CT;194,6;194,9;>
2022-02-16;15:04:57;194,7;;52;JPAG;JPAG;;LB,CT;194,5;194,7;>
2022-02-16;15:04:57;194,7;;41;JPAG;JPAG;;LB,CT;194,5;194,7;>
2022-02-16;15:03:23;194,6;;84;JPAG;JPAG;;LB,CT;194,4;194,8;>
2022-02-16;15:03:03;194,5;;18;XTXE;MLEX;;LB,CT;194,3;194,6;>
2022-02-16;15:03:03;194,5;;60;XTXE;GSAG;;LB,CT;194,3;194,6;>
2022-02-16;15:02:50;194,2;;29;MSE;XTXE;;LB,CT;194;194,5;<
2022-02-16;15:02:04;194,4;;166;BBI;MSE;;LB,CT;194,4;194,9;<
2022-02-16;15:02:04;194,4;;41;BBI;JPAG;;LB,CT;194,4;194,9;<
2022-02-16;14:59:13;194,6;;1;NRD;XTXE;;LB,CT;194,6;194,9;<
2022-02-16;14:59:13;194,6;;25;JPAG;XTXE;;LB,CT;194,6;194,9;<
2022-02-16;14:56:28;194,7;;23;XTXE;MLEX;;LB,CT;194,6;194,9;>
2022-02-16;14:56:19;194,6;;41;MLEX;JPAG;;LB,CT;194,3;194,6;>
2022-02-16;14:56:19;194,6;;15;MLEX;MLEX;;LB,CT;194,3;194,6;>
2022-02-16;14:56:19;194,6;;38;XTXE;MLEX;;LB,CT;194,3;194,6;>
2022-02-16;14:56:12;194,4;;54;XTXE;MLEX;;LB,CT;194,3;194,6;>
2022-02-16;14:56:02;194,2;;32;XTXE;MLEX;;LB,CT;193,9;194,2;>
2022-02-16;14:56:02;194,2;;104;XTXE;JPAG;;LB,CT;193,9;194,2;>
2022-02-16;14:55:58;194,1;;23;XTXE;JPAG;;LB,CT;193,9;194,2;>
2022-02-16;14:55:58;194,1;;27;MLEX;JPAG;;LB,CT;193,9;194,2;>
2022-02-16;14:55:58;194,1;;300;MLEX;XTXE;;LB,CT;193,9;194,2;>
2022-02-16;14:53:30;193,9;;38;MSE;JPAG;;LB,CT;193,8;194,1;<
2022-02-16;14:53:30;193,9;;49;MSE;JPAG;;LB,CT;193,8;194,1;<
2022-02-16;14:53:30;193,9;;24;JPAG;JPAG;;LB,CT;193,8;194,1;<
2022-02-16;14:53:27;193,9;;14;MSE;MSE;;LB,CT;193,9;194,1;<
2022-02-16;14:52:58;194;;87;BBI;AVA;;LB,CT;193,9;194,5;<
2022-02-16;14:52:58;194;;40;AVA;AVA;;LB,CT;193,9;194,5;<
2022-02-16;14:52:58;194,1;;236;BBI;AVA;;LB,CT;193,9;194,5;<
2022-02-16;14:52:58;194,3;;74;UBS;AVA;;LB,CT;193,9;194,5;<
2022-02-16;14:52:58;194,3;;131;MSE;AVA;;LB,CT;193,9;194,5;<
2022-02-16;14:52:58;194,3;;132;UBS;AVA;;LB,CT;193,9;194,5;<
2022-02-16;14:52:58;194,3;;300;XTXE;AVA;;LB,CT;193,9;194,5;<
2022-02-16;14:45:34;194,5;;178;JPAG;XTXE;;LB,CT;194,2;194,5;>
2022-02-16;14:45:34;194,5;;41;JPAG;JPAG;;LB,CT;194,2;194,5;>
2022-02-16;14:45:34;194,5;;161;JPAG;JPAG;;LB,CT;194,2;194,5;>
2022-02-16;14:45:30;194,3;;2;NRD;MLEX;;LB,CT;194,2;194,5;<
2022-02-16;14:45:30;194,3;;192;UBS;MLEX;;LB,CT;194,2;194,5;<
2022-02-16;14:45:30;194,3;;1;NRD;MLEX;;LB,CT;194,2;194,5;<
2022-02-16;14:45:02;194,45;;23;-;-;CROS;PA,UA;194,3;194,6;<
2022-02-16;14:45:02;194,3;;18;XTXE;JPAG;;LB,CT;194,3;194,6;<
2022-02-16;14:45:02;194,45;;23;-;-;AOD;PA,UA;194,3;194,6;
2022-02-16;14:43:53;194,5;;54;MSE;GSAG;;LB,CT;194,1;194,5;>
2022-02-16;14:43:53;194,5;;31;MSE;GSAG;;LB,CT;194,1;194,5;>
2022-02-16;14:43:53;194,5;;43;MSE;JPAG;;LB,CT;194,1;194,5;>
2022-02-16;14:43:45;194,4;;36;MLEX;MLEX;;LB,CT;194,1;194,4;>
2022-02-16;14:43:03;194,4;;5;AVA;MLEX;;LB,CT;194,1;194,4;>
2022-02-16;14:39:02;194,1;;41;XTXE;JPAG;;LB,CT;194,1;194,4;<
2022-02-16;14:37:55;194,2;;24;XTXE;MLEX;;LB,CT;194,1;194,4;>
2022-02-16;14:30:16;194;;4;XTXE;MLEX;;LB,CT;193,6;194,2;>
2022-02-16;14:30:16;194;;97;XTXE;JPAG;;LB,CT;193,6;194,2;>
2022-02-16;14:30:12;193,9;;67;JPAG;GSAG;;LB,CT;193,6;193,9;>
2022-02-16;14:30:12;193,9;;41;JPAG;JPAG;;LB,CT;193,6;193,9;>
2022-02-16;14:30:12;193,9;;91;JPAG;JPAG;;LB,CT;193,6;193,9;>
2022-02-16;14:30:06;193,6;;30;CSV;JPAG;;LB,CT;193,5;193,9;<
2022-02-16;14:30:06;193,6;;26;JPAG;JPAG;;LB,CT;193,5;193,9;<
2022-02-16;14:30:06;193,6;;41;JPAG;JPAG;;LB,CT;193,5;193,9;<
2022-02-16;14:26:46;193,9;;185;BBI;SIS;;LB,CT;193,9;194,2;<
2022-02-16;14:26:46;193,9;;73;BBI;XTXE;;LB,CT;193,9;194,2;<
2022-02-16;14:26:46;193,9;;106;MSE;XTXE;;LB,CT;193,9;194,2;<
2022-02-16;14:26:46;193,9;;11;MSE;XTXE;;LB,CT;193,9;194,2;<
2022-02-16;14:26:11;194;;1;NRD;JPAG;;LB,CT;194;194,2;<
2022-02-16;14:25:06;194,1;;2;NRD;JPAG;;LB,CT;194;194,4;<
2022-02-16;14:24:08;194,4;;31;MLEX;JPAG;;LB,CT;194,1;194,4;>
2022-02-16;14:24:08;194,4;;32;MLEX;MLEX;;LB,CT;194,1;194,4;>
2022-02-16;14:24:08;194,4;;4;MLEX;MLEX;;LB,CT;194,1;194,4;>
2022-02-16;14:24:03;194,4;;10;BBI;JPAG;;LB,CT;194;194,2;>
2022-02-16;14:24:03;194,4;;2;BBI;MLEX;;LB,CT;194;194,2;>
2022-02-16;14:24:03;194,4;;200;BBI;SWB;;LB,CT;194;194,2;>
2022-02-16;14:24:03;194,4;;5;BBI;AVA;;LB,CT;194;194,2;>
2022-02-16;14:24:03;194,3;;12;MSE;MLEX;;LB,CT;194;194,2;>
2022-02-16;14:24:03;194,3;;2;MSE;MLEX;;LB,CT;194;194,2;>
2022-02-16;14:24:03;194,2;;41;XTXE;JPAG;;LB,CT;194;194,2;>
2022-02-16;14:24:03;194,2;;28;XTXE;MLEX;;LB,CT;194;194,2;>
2022-02-16;14:24:03;194,2;;1;XTXE;JPAG;;LB,CT;194;194,2;>
2022-02-16;14:19:26;194;;6;NON;JPAG;;LB,CT;194;194,2;<
2022-02-16;14:16:07;194;;10;XTXE;AVA;;LB,CT;193,7;194,2;>
2022-02-16;14:16:02;193,7;;41;XTXE;JPAG;;LB,CT;193,7;194,2;<
2022-02-16;14:13:25;194,1;;5;JPAG;MLEX;;LB,CT;193,7;194,1;>
2022-02-16;14:13:25;194,1;;16;JPAG;MLEX;;LB,CT;193,7;194,1;>
2022-02-16;14:13:25;194,1;;101;JPAG;JPAG;;LB,CT;193,7;194,1;>
2022-02-16;14:13:25;194,1;;72;JPAG;JPAG;;LB,CT;193,7;194,1;>
2022-02-16;14:11:56;193,6;;18;BBI;JPAG;;LB,CT;193,6;194,1;<
2022-02-16;14:11:56;193,85;;23;-;-;CROS;PA,UA,ALGO;193,6;194,1;<
2022-02-16;14:11:06;193,8;;1;NRD;MSE;;LB,CT;193,6;194,1;<
2022-02-16;14:11:06;193,8;;150;NRD;MSE;;LB,CT;193,6;194,1;<
2022-02-16;14:11:06;193,8;;119;MSE;MSE;;LB,CT;193,6;194,1;<
2022-02-16;14:11:06;193,8;;12;MSE;XTXE;;LB,CT;193,6;194,1;<
2022-02-16;14:03:02;193,8;;41;JPAG;JPAG;;LB,CT;193,8;194,2;<
2022-02-16;14:01:46;194,2;;61;MLEX;JPAG;;LB,CT;193,7;194,2;>
2022-02-16;14:01:45;194,1;;29;MLEX;MLEX;;LB,CT;193,7;194,2;>
2022-02-16;14:01:44;194;;56;XTXE;NON;;LB,CT;193,5;193,9;>
2022-02-16;14:01:44;194;;19;XTXE;MLEX;;LB,CT;193,5;193,9;>
2022-02-16;14:01:44;193,9;;39;XTXE;MLEX;;LB,CT;193,5;193,9;>
2022-02-16;14:01:44;193,9;;2;XTXE;MLEX;;LB,CT;193,5;193,9;>
2022-02-16;14:00:02;193,5;;41;JPAG;JPAG;;LB,CT;193,5;193,9;<
2022-02-16;13:59:52;193,5;;5;JPAG;AVA;;LB,CT;193,5;193,9;<
2022-02-16;13:58:31;193,5;;49;XTXE;NON;;LB,CT;193,5;193,9;>
2022-02-16;13:58:31;193,5;;1;NRD;NON;;LB,CT;193,5;193,9;<
2022-02-16;13:58:07;193,8;;22;XTXE;JPAG;;LB,CT;193,2;193,7;>
2022-02-16;13:58:07;193,8;;43;XTXE;JPAG;;LB,CT;193,2;193,7;>
2022-02-16;13:58:07;193,8;;3;XTXE;MLEX;;LB,CT;193,2;193,7;>
2022-02-16;13:58:07;193,7;;64;JPAG;GSAG;;LB,CT;193,2;193,7;>
2022-02-16;13:58:07;193,7;;7;JPAG;AVA;;LB,CT;193,2;193,7;>
2022-02-16;13:58:07;193,7;;12;JPAG;MLEX;;LB,CT;193,2;193,7;>
2022-02-16;13:55:18;193,2;;41;JPAG;JPAG;;LB,CT;193,2;193,7;<
2022-02-16;13:51:28;193,7;;21;AVA;MLEX;;LB,CT;193,2;193,7;>
2022-02-16;13:51:28;193,7;;4;AVA;MLEX;;LB,CT;193,2;193,7;>
2022-02-16;13:47:03;193,2;;41;JPAG;JPAG;;LB,CT;193,2;193,7;<
2022-02-16;13:45:56;193,2;;1;JPAG;AVA;;LB,CT;193,2;193,7;>
2022-02-16;13:45:56;193,2;;1;NRD;AVA;;LB,CT;193,2;193,7;<
2022-02-16;13:45:56;193,2;;2;NRD;AVA;;LB,CT;193,2;193,7;<
2022-02-16;13:42:43;193,2;;34;JPAG;JPAG;;LB,CT;193,2;193,7;<
2022-02-16;13:42:43;193,2;;26;JPAG;JPAG;;LB,CT;193,2;193,7;<
2022-02-16;13:38:44;193,5;;17;XTXE;MLEX;;LB,CT;193,2;193,7;>
2022-02-16;13:38:43;193,5;;1;MSE;MLEX;;LB,CT;192,9;193,5;>
2022-02-16;13:38:42;193,3;;74;XTXE;JPAG;;LB,CT;192,7;193,1;>
2022-02-16;13:38:42;193,3;;2;XTXE;MLEX;;LB,CT;192,7;193,1;>
2022-02-16;13:38:42;193,3;;19;XTXE;MLEX;;LB,CT;192,7;193,1;>
2022-02-16;13:38:42;193,2;;108;XTXE;JPAG;;LB,CT;192,7;193,1;>
2022-02-16;13:38:42;193,1;;70;MLEX;GSAG;;LB,CT;192,7;193,1;>
2022-02-16;13:38:42;193,1;;9;MLEX;GSAG;;LB,CT;192,7;193,1;>
2022-02-16;13:38:42;193,1;;17;JPAG;GSAG;;LB,CT;192,7;193,1;>
2022-02-16;13:38:42;193,1;;283;JPAG;SSWM;;LB,CT;192,7;193,1;>
2022-02-16;13:38:42;193,1;;100;JPAG;JPAG;;LB,CT;192,7;193,1;>
2022-02-16;13:38:25;193,1;;36;JPAG;SSWM;;LB,CT;192,7;193,1;>
2022-02-16;13:38:25;193,1;;300;JPAG;XTXE;;LB,CT;192,7;193,1;>
2022-02-16;13:38:25;193,1;;164;JPAG;JPAG;;LB,CT;192,7;193,1;>
2022-02-16;13:33:05;192,6;;41;MSE;JPAG;;LB,CT;192,6;193,3;<
2022-02-16;13:31:56;192,8;;29;UBS;MSE;;LB,CT;192,8;193,3;<
2022-02-16;13:31:56;192,8;;34;UBS;XTXE;;LB,CT;192,8;193,3;<
2022-02-16;13:31:56;192,8;;114;UBS;XTXE;;LB,CT;192,8;193,3;<
2022-02-16;13:28:09;192,8;;75;XTXE;NON;;LB,CT;192,8;193,3;<
2022-02-16;13:27:06;192,8;;41;XTXE;JPAG;;LB,CT;192,8;193,3;<
2022-02-16;13:25:04;192,8;;130;MSE;XTXE;;LB,CT;192,7;193,3;<
2022-02-16;13:25:04;192,8;;1;NRD;XTXE;;LB,CT;192,7;193,3;<
2022-02-16;13:20:27;193,2;;41;MLEX;JPAG;;LB,CT;192,8;193,3;>
2022-02-16;13:20:27;193,2;;14;MLEX;JPAG;;LB,CT;192,8;193,3;>
2022-02-16;13:20:27;193,2;;2;MLEX;MLEX;;LB,CT;192,8;193,3;>
2022-02-16;13:20:27;193,2;;16;MLEX;MLEX;;LB,CT;192,8;193,3;>
2022-02-16;13:20:27;193,2;;7;MSE;JPAG;;LB,CT;192,7;193,2;>
2022-02-16;13:20:27;193,2;;43;MSE;JPAG;;LB,CT;192,7;193,2;>
2022-02-16;13:19:02;192,7;;29;XTXE;JPAG;;LB,CT;192,7;193,2;<
2022-02-16;13:17:47;193,1;;24;BBI;MLEX;;LB,CT;192,7;193,1;>
2022-02-16;13:17:47;193,1;;102;BBI;MLEX;;LB,CT;192,7;193,1;>
2022-02-16;13:17:04;193;;6;JPAG;JPAG;;LB,CT;192,7;193;>
2022-02-16;13:17:02;192,9;;36;MLEX;GSAG;;LB,CT;192,7;193;>
2022-02-16;13:17:02;192,9;;50;MLEX;GSAG;;LB,CT;192,7;193;>
2022-02-16;13:16:04;192,6;;40;MSE;JPAG;;LB,CT;192,6;193;<
2022-02-16;13:13:04;192,7;;140;BBI;JPAG;;LB,CT;192,5;193;>
2022-02-16;13:12:45;192,5;;15;JPAG;MLEX;;LB,CT;192,1;192,5;>
2022-02-16;13:12:45;192,5;;68;JPAG;MLEX;;LB,CT;192,1;192,5;>
2022-02-16;13:12:45;192,5;;140;JPAG;JPAG;;LB,CT;192,1;192,5;>
2022-02-16;13:12:25;192,4;;280;JPAG;XTXE;;LB,CT;191,9;192,4;>
2022-02-16;13:12:23;192;;3;AVA;JPAG;;LB,CT;191,9;192,4;<
2022-02-16;13:12:13;192,1;;82;JPAG;JPAG;;LB,CT;192,1;192,5;<
2022-02-16;13:12:13;192,1;;25;JPAG;JPAG;;LB,CT;192,1;192,5;<
2022-02-16;13:10:41;192,4;;209;SIS;AVA;;LB,CT;192,4;192,9;>
2022-02-16;13:10:41;192,4;;150;MLEX;AVA;;LB,CT;192,4;192,9;>
2022-02-16;13:10:41;192,4;;12;XTXE;AVA;;LB,CT;192,4;192,9;>
2022-02-16;13:10:41;192,4;;129;JPAG;AVA;;LB,CT;192,4;192,9;<
2022-02-16;13:09:10;192,6;;102;BBI;MLEX;;LB,CT;192,6;193;<
2022-02-16;13:09:08;192,6;;54;BBI;GSAG;;LB,CT;192,6;193,1;<
2022-02-16;13:08:34;193;;279;JPAG;XTXE;;LB,CT;192,6;193;>
2022-02-16;13:08:34;193;;41;JPAG;JPAG;;LB,CT;192,6;193;>
2022-02-16;13:08:33;192,7;;1;MSE;XTXE;;LB,CT;192,7;193,2;<
2022-02-16;13:08:33;192,7;;26;JPAG;XTXE;;LB,CT;192,7;193,2;<
2022-02-16;13:08:25;192,8;;126;MSE;MSE;;LB,CT;192,8;193,6;<
2022-02-16;13:08:25;192,8;;2;NRD;MSE;;LB,CT;192,8;193,6;<
2022-02-16;13:08:05;192,8;;5;JPAG;AVA;;LB,CT;192,8;193,8;<
2022-02-16;13:02:02;193,2;;243;NRD;MSE;;LB,CT;193,2;193,8;<
2022-02-16;13:02:02;193,2;;24;GSAG;MSE;;LB,CT;193,2;193,8;<
2022-02-16;13:02:02;193,2;;259;XTXE;MSE;;LB,CT;193,2;193,8;<
2022-02-16;13:02:02;193,2;;41;XTXE;JPAG;;LB,CT;193,2;193,8;<
2022-02-16;12:52:43;193,5;;24;JPAG;MSE;;LB,CT;193,5;193,9;<
2022-02-16;12:52:43;193,5;;43;JPAG;MSE;;LB,CT;193,5;193,9;<
2022-02-16;12:52:10;193,9;;99;MSE;XTXE;;LB,CT;194;194,3;<
2022-02-16;12:52:10;193,9;;48;MSE;MLEX;;LB,CT;194;194,3;<
2022-02-16;12:52:10;194;;2;NRD;MLEX;;LB,CT;194;194,3;<
2022-02-16;12:48:51;194;;3;XTXE;AVA;;LB,CT;194;194,3;<
2022-02-16;12:47:06;194,4;;41;JPAG;JPAG;;LB,CT;194;194,4;>
2022-02-16;12:45:03;194,1;;106;XTXE;JPAG;;LB,CT;193,7;194;>
2022-02-16;12:45:03;194;;55;BBI;MLEX;;LB,CT;193,7;194;>
2022-02-16;12:45:03;194;;9;BBI;MLEX;;LB,CT;193,7;194;>
2022-02-16;12:45:03;194;;94;BBI;JPAG;;LB,CT;193,7;194;>
2022-02-16;12:41:45;193,7;;72;UBS;JPAG;;LB,CT;193,7;194;<
2022-02-16;12:41:04;194;;15;JPAG;JPAG;;LB,CT;193,6;194;>
2022-02-16;12:41:04;193,8;;26;-;-;CROS;PA,UA,ALGO;193,6;194;<
2022-02-16;12:35:10;193,8;;5;BBI;MSE;;LB,CT;193,7;194,3;<
2022-02-16;12:35:10;193,8;;81;UBS;MSE;;LB,CT;193,7;194,3;<
2022-02-16;12:35:10;193,8;;32;MSE;MSE;;LB,CT;193,7;194,3;<
2022-02-16;12:35:10;194;;32;JPAG;MSE;;LB,CT;193,7;194,3;<
2022-02-16;12:35:10;194;;9;JPAG;NON;;LB,CT;193,7;194,3;<
2022-02-16;12:35:10;194;;1;NRD;NON;;LB,CT;193,7;194,3;<
2022-02-16;12:31:42;194,3;;178;JPAG;XTXE;;LB,CT;194;194,5;>
2022-02-16;12:31:42;194,3;;162;JPAG;JPAG;;LB,CT;194;194,5;>
2022-02-16;12:28:31;194,2;;4;MLEX;MSE;;LB,CT;194,2;194,9;<
2022-02-16;12:28:31;194,2;;78;UBS;MSE;;LB,CT;194,2;194,9;<
2022-02-16;12:28:31;194,2;;41;JPAG;MSE;;LB,CT;194,2;194,9;<
2022-02-16;12:28:31;194,2;;54;MLEX;MLEX;;LB,CT;194,2;194,9;<
2022-02-16;12:26:02;194,5;;100;XTXE;MLEX;;LB,CT;194,2;194,9;<
2022-02-16;12:26:02;194,5;;200;XTXE;MLEX;;LB,CT;194,2;194,9;<
2022-02-16;12:24:39;194,6;;24;JPAG;MSE;;LB,CT;194,6;194,9;<
2022-02-16;12:24:39;194,6;;14;GSAG;MSE;;LB,CT;194,6;194,9;<
2022-02-16;12:24:39;194,6;;6;GSAG;AVA;;LB,CT;194,6;194,9;<
2022-02-16;12:24:00;194,4;;31;BBI;AVA;;LB,CT;194,5;194,9;<
2022-02-16;12:24:00;194,4;;235;BBI;AVA;;LB,CT;194,5;194,9;<
2022-02-16;12:24:00;194,4;;300;XTXE;AVA;;LB,CT;194,5;194,9;<
2022-02-16;12:24:00;194,6;;28;MSE;AVA;;LB,CT;194,5;194,9;<
2022-02-16;12:24:00;194,6;;6;AVA;AVA;;LB,CT;194,5;194,9;<
2022-02-16;12:24:00;194,7;;300;XTXE;AVA;;LB,CT;194,5;194,9;<
2022-02-16;12:23:57;194,9;;41;JPAG;JPAG;;LB,CT;194,7;194,9;>
2022-02-16;12:23:57;194,9;;42;JPAG;JPAG;;LB,CT;194,7;194,9;>
2022-02-16;12:23:56;194,9;;8;NRD;JPAG;;LB,CT;194,7;194,9;>
2022-02-16;12:23:25;194,8;;23;-;-;CROS;PA,UA;194,6;194,9;<
2022-02-16;12:23:25;194,7;;1;NRD;JPAG;;LB,CT;194,7;194,9;<
2022-02-16;12:23:25;194,8;;23;-;-;AOD;PA,UA;194,7;194,9;
2022-02-16;12:22:27;194,9;;1;AVA;JPAG;;LB,CT;194,7;194,9;>
2022-02-16;12:21:04;195;;41;JPAG;JPAG;;LB,CT;194,7;195;>
2022-02-16;12:19:25;194,8;;2;NRD;JPAG;;LB,CT;194,8;195;<
2022-02-16;12:18:09;195;;55;XTXE;GSAG;;LB,CT;194,7;195;>
2022-02-16;12:16:04;195;;41;JPAG;XTXE;;LB,CT;194,7;195;>
2022-02-16;12:14:49;195;;11;MSE;MSE;;LB,CT;194,7;195;>
2022-02-16;12:12:07;195;;41;JPAG;XTXE;;LB,CT;194,7;195;>
2022-02-16;12:11:00;195,1;;41;JPAG;JPAG;;LB,CT;194,7;195,1;>
2022-02-16;12:11:00;195;;10;BBI;JPAG;;LB,CT;194,7;195;>
2022-02-16;12:11:00;195;;2;BBI;MLEX;;LB,CT;194,7;195;>
2022-02-16;12:11:00;194,9;;30;MLEX;MLEX;;LB,CT;194,7;195;>
2022-02-16;12:11:00;194,9;;300;JPAG;XTXE;;LB,CT;194,7;195;>
2022-02-16;12:10:49;194,7;;36;XTXE;MLEX;;LB,CT;194,4;194,8;>
2022-02-16;12:10:49;194,6;;4;XTXE;MLEX;;LB,CT;194,4;194,8;>
2022-02-16;12:10:49;194,6;;25;XTXE;MLEX;;LB,CT;194,4;194,8;>
2022-02-16;12:06:03;194,5;;41;JPAG;GSAG;;LB,CT;194,2;194,5;>
2022-02-16;12:04:18;194,3;;179;UBS;BBI;;LB,CT;194,3;194,5;<
2022-02-16;12:04:18;194,3;;33;CSV;BBI;;LB,CT;194,3;194,5;<
2022-02-16;12:04:18;194,3;;28;GSAG;BBI;;LB,CT;194,3;194,5;<
2022-02-16;12:04:18;194,3;;28;GSAG;BBI;;LB,CT;194,3;194,5;<
2022-02-16;12:03:08;194,6;;1;JPAG;MLEX;;LB,CT;194,3;194,6;>
2022-02-16;12:03:08;194,6;;40;JPAG;JPAG;;LB,CT;194,3;194,6;>
2022-02-16;12:00:57;194,6;;1;JPAG;JPAG;;LB,CT;194,3;194,6;>
2022-02-16;11:57:30;194,4;;1;NRD;XTXE;;LB,CT;194,4;194,6;<
2022-02-16;11:57:30;194,4;;209;NRD;XTXE;;LB,CT;194,4;194,6;<
2022-02-16;11:57:30;194,4;;2;NRD;XTXE;;LB,CT;194,4;194,6;<
2022-02-16;11:57:30;194,4;;25;JPAG;XTXE;;LB,CT;194,4;194,6;<
2022-02-16;11:56:05;194,5;;2;MSE;MLEX;;LB,CT;194,2;194,5;>
2022-02-16;11:56:05;194,5;;28;MSE;MLEX;;LB,CT;194,2;194,5;>
2022-02-16;11:56:05;194,5;;62;MSE;JPAG;;LB,CT;194,2;194,5;>
2022-02-16;11:56:05;194,5;;21;MSE;JPAG;;LB,CT;194,2;194,5;>
2022-02-16;11:55:45;194,3;;17;JPAG;MLEX;;LB,CT;194,2;194,5;>
2022-02-16;11:55:45;194,3;;7;JPAG;JPAG;;LB,CT;194,2;194,5;>
2022-02-16;11:55:31;194,3;;34;MSE;JPAG;;LB,CT;194;194,3;>
2022-02-16;11:55:31;194,3;;52;MSE;MLEX;;LB,CT;194;194,3;>
2022-02-16;11:55:31;194,3;;42;MSE;JPAG;;LB,CT;194;194,3;>
2022-02-16;11:53:05;194,2;;41;JPAG;XTXE;;LB,CT;193,9;194,2;>
2022-02-16;11:50:32;194,1;;41;XTXE;MLEX;;LB,CT;193,9;194,3;>
2022-02-16;11:50:24;194;;16;XTXE;MLEX;;LB,CT;193,7;194,1;>
2022-02-16;11:50:01;193,9;;59;XTXE;GSAG;;LB,CT;193,7;193,9;>
2022-02-16;11:50:01;193,9;;27;XTXE;JPAG;;LB,CT;193,7;193,9;>
2022-02-16;11:50:01;193,9;;41;JPAG;JPAG;;LB,CT;193,7;193,9;>
2022-02-16;11:50:00;193,8;;10;XTXE;MLEX;;LB,CT;193,5;193,9;>
2022-02-16;11:50:00;193,8;;81;XTXE;JPAG;;LB,CT;193,5;193,9;>
2022-02-16;11:50:00;193,7;;208;JPAG;XTXE;;LB,CT;193,5;193,9;>
2022-02-16;11:50:00;193,7;;72;JPAG;JPAG;;LB,CT;193,5;193,9;>
2022-02-16;11:50:00;193,7;;120;JPAG;JPAG;;LB,CT;193,5;193,9;>
2022-02-16;11:46:04;193,7;;40;MLEX;JPAG;;LB,CT;193,3;193,7;>
2022-02-16;11:46:04;193,7;;27;MLEX;GSAG;;LB,CT;193,3;193,7;>
2022-02-16;11:46:04;193,7;;41;JPAG;JPAG;;LB,CT;193,3;193,7;>
2022-02-16;11:44:56;193,6;;12;JPAG;MLEX;;LB,CT;193,4;193,9;<
2022-02-16;11:44:56;193,6;;12;JPAG;XTXE;;LB,CT;193,4;193,9;<
2022-02-16;11:44:02;194;;11;JPAG;JPAG;;LB,CT;193,7;194;>
2022-02-16;11:42:02;193,7;;65;XTXE;MLEX;;LB,CT;193,4;193,7;>
2022-02-16;11:42:02;193,7;;12;XTXE;MLEX;;LB,CT;193,4;193,7;>
2022-02-16;11:42:02;193,7;;23;XTXE;TMB;;LB,CT;193,4;193,7;>
2022-02-16;11:42:02;193,7;;160;MSE;TMB;;LB,CT;193,4;193,7;>
2022-02-16;11:42:02;193,7;;146;XTXE;TMB;;LB,CT;193,4;193,7;>
2022-02-16;11:40:02;193,6;;137;MLEX;NRD;;LB,CT;193,3;193,7;>
2022-02-16;11:39:02;193,6;;15;JPAG;XTXE;;LB,CT;193,2;193,6;>
2022-02-16;11:39:02;193,6;;41;JPAG;XTXE;;LB,CT;193,2;193,6;>
2022-02-16;11:37:03;193,7;;4;AVA;TMB;;LB,CT;193,2;193,7;>
2022-02-16;11:36:28;193,7;;16;JPAG;XTXE;;LB,CT;193,7;194;<
2022-02-16;11:36:28;193,7;;41;JPAG;XTXE;;LB,CT;193,7;194;<
2022-02-16;11:36:28;193,7;;1;NRD;XTXE;;LB,CT;193,7;194;<
2022-02-16;11:31:27;193,6;;70;XTXE;NON;;LB,CT;193,6;194,1;<
2022-02-16;11:29:19;193,75;;57;-;-;CROS;PA,UA;193,5;194;
2022-02-16;11:29:19;193,75;;57;-;-;AOD;PA,UA;193,5;194;
2022-02-16;11:27:02;193,8;;41;JPAG;XTXE;;LB,CT;193,3;194;<
2022-02-16;11:25:13;194;;107;XTXE;JPAG;;LB,CT;193,8;194,1;>
2022-02-16;11:25:13;193,9;;14;XTXE;MLEX;;LB,CT;193,8;194,1;>
2022-02-16;11:25:13;193,9;;11;XTXE;MLEX;;LB,CT;193,8;194,1;>
2022-02-16;11:25:13;193,9;;223;XTXE;CSV;;LB,CT;193,8;194,1;>
2022-02-16;11:25:13;193,9;;50;MLEX;MLEX;;LB,CT;193,8;194,1;>
2022-02-16;11:25:13;193,9;;6;XTXE;CSV;;LB,CT;193,8;194,1;>
2022-02-16;11:25:13;193,9;;16;XTXE;JPAG;;LB,CT;193,8;194,1;>
2022-02-16;11:25:12;193,9;;82;MSE;JPAG;;LB,CT;193,5;193,9;>
2022-02-16;11:24:51;193,8;;11;JPAG;MSE;;LB,CT;193,4;193,9;>
2022-02-16;11:24:51;193,8;;300;JPAG;XTXE;;LB,CT;193,4;193,9;>
2022-02-16;11:24:51;193,8;;89;JPAG;JPAG;;LB,CT;193,4;193,9;>
2022-02-16;11:24:30;193,8;;270;JPAG;XTXE;;LB,CT;193,4;193,9;>
2022-02-16;11:24:30;193,8;;130;JPAG;JPAG;;LB,CT;193,4;193,9;>
2022-02-16;11:24:22;193,6;;26;JPAG;MSE;;LB,CT;193,3;194;<
2022-02-16;11:24:22;193,9;;7;BBI;XTXE;;LB,CT;193,6;194,2;<
2022-02-16;11:24:22;193,9;;2;NRD;XTXE;;LB,CT;193,6;194,2;<
2022-02-16;11:24:22;193,9;;1;JPAG;XTXE;;LB,CT;193,6;194,2;<
2022-02-16;11:23:10;194,3;;41;JPAG;JPAG;;LB,CT;193,9;194,3;>
2022-02-16;11:23:02;194,3;;41;JPAG;XTXE;;LB,CT;193,9;194,3;>
2022-02-16;11:18:44;194;;25;XTXE;AVA;;LB,CT;193,9;194,6;>
2022-02-16;11:18:09;194,5;;41;JPAG;XTXE;;LB,CT;193,9;194,5;>
2022-02-16;11:16:30;194,4;;60;MLEX;PAS;;LB,CT;194,3;194,6;>
2022-02-16;11:15:11;194,4;;90;XTXE;JPAG;;LB,CT;194;194,4;>
2022-02-16;11:15:11;194,4;;59;XTXE;MLEX;;LB,CT;194;194,4;>
2022-02-16;11:14:03;194,2;;64;MSE;GSAG;;LB,CT;193,7;194,2;>
2022-02-16;11:14:03;194,2;;27;MSE;GSAG;;LB,CT;193,7;194,2;>
2022-02-16;11:13:27;193,7;;94;UBS;MSE;;LB,CT;193,3;194,2;<
2022-02-16;11:13:26;194,2;;50;NON;XTXE;;LB,CT;193,4;194,2;>
2022-02-16;11:13:23;194,2;;25;JPAG;XTXE;;LB,CT;194,2;195;<
2022-02-16;11:13:23;194,3;;77;SSWM;MSE;;LB,CT;194,4;195,2;<
2022-02-16;11:13:23;194,3;;151;SSWM;XTXE;;LB,CT;194,4;195,2;<
2022-02-16;11:13:23;194,3;;27;SSWM;XTXE;;LB,CT;194,4;195,2;<
2022-02-16;11:13:23;194,3;;64;SSWM;XTXE;;LB,CT;194,4;195,2;<
2022-02-16;11:13:23;194,4;;9;NRD;XTXE;;LB,CT;194,4;195,2;<
2022-02-16;11:11:27;194,4;;127;XTXE;MSE;;LB,CT;194,4;195,2;<
2022-02-16;11:11:27;194,4;;15;XTXE;NRD;;LB,CT;194,4;195,2;>
2022-02-16;11:11:27;194,4;;42;JPAG;NRD;;LB,CT;194,4;195,3;<
2022-02-16;11:10:19;194,5;;1;JPAG;MSE;;LB,CT;194,4;195,3;<
2022-02-16;11:10:19;194,5;;20;GSAG;MSE;;LB,CT;194,4;195,3;<
2022-02-16;11:10:19;194,5;;187;MSE;MSE;;LB,CT;194,4;195,3;<
2022-02-16;11:10:19;194,5;;1;MSE;NRD;;LB,CT;194,4;195,3;<
2022-02-16;11:09:20;194,8;;1;JPAG;MLEX;;LB,CT;194,8;195,3;<
2022-02-16;11:09:20;194,8;;149;MSE;MLEX;;LB,CT;194,8;195,3;<
2022-02-16;11:06:53;194,9;;11;JPAG;XTXE;;LB,CT;194,8;195,3;<
2022-02-16;11:05:18;195,1;;134;XTXE;CSV;;LB,CT;194,9;195,4;>
2022-02-16;11:05:18;195,1;;106;JPAG;CSV;;LB,CT;194,9;195,4;>
2022-02-16;11:05:18;195,1;;100;JPAG;JPAG;;LB,CT;194,9;195,4;>
2022-02-16;11:05:18;195,1;;194;JPAG;JPAG;;LB,CT;194,9;195,4;>
2022-02-16;11:04:01;194,9;;26;JPAG;XTXE;;LB,CT;194,8;195,2;<
2022-02-16;11:03:32;194,9;;2;JPAG;AVA;;LB,CT;194,9;195,6;<
2022-02-16;11:03:03;195;;130;MSE;MSE;;LB,CT;195;195,7;<
2022-02-16;11:03:03;195;;118;MSE;MSE;;LB,CT;195;195,7;<
2022-02-16;11:03:02;195,1;;50;MSE;XTXE;;LB,CT;195,2;195,8;<
2022-02-16;11:03:02;195,1;;146;MSE;XTXE;;LB,CT;195,2;195,8;<
2022-02-16;11:03:02;195,2;;206;UBS;MSE;;LB,CT;195,2;195,8;<
2022-02-16;11:03:02;195,2;;260;NRD;MSE;;LB,CT;195,2;195,8;<
2022-02-16;11:01:02;195,3;;1;JPAG;MSE;;LB,CT;195,3;195,9;<
2022-02-16;10:57:40;195,9;;20;MSE;JPAG;;LB,CT;195,3;195,9;>
2022-02-16;10:56:07;195,8;;2;JPAG;MLEX;;LB,CT;195,3;195,9;>
2022-02-16;10:56:07;195,8;;65;JPAG;GSAG;;LB,CT;195,3;195,9;>
2022-02-16;10:56:07;195,8;;85;JPAG;JPAG;;LB,CT;195,3;195,9;>
2022-02-16;10:56:02;195,8;;5;MSE;GSAG;;LB,CT;195,3;195,8;>
2022-02-16;10:55:52;195,8;;257;JPAG;XTXE;;LB,CT;195,1;195,8;>
2022-02-16;10:55:52;195,8;;7;JPAG;JPAG;;LB,CT;195,1;195,8;>
2022-02-16;10:55:52;195,8;;116;JPAG;JPAG;;LB,CT;195,1;195,8;>
2022-02-16;10:51:18;195,6;;4;XTXE;SSWM;;LB,CT;195;195,5;>
2022-02-16;10:51:18;195,5;;19;XTXE;MLEX;;LB,CT;195;195,5;>
2022-02-16;10:51:18;195,5;;3;XTXE;MLEX;;LB,CT;195;195,5;>
2022-02-16;10:47:48;194,8;;2;MSE;AVA;;LB,CT;194,8;195,5;<
2022-02-16;10:46:18;195;;2;XTXE;MLEX;;LB,CT;194,5;195;>
2022-02-16;10:46:18;195;;13;XTXE;MLEX;;LB,CT;194,5;195;>
2022-02-16;10:45:44;194,5;;12;XTXE;AVA;;LB,CT;194,5;195;<
2022-02-16;10:45:35;194,8;;10;MSE;MLEX;;LB,CT;194,5;195;>
2022-02-16;10:45:35;194,8;;4;MSE;MLEX;;LB,CT;194,5;195;>
2022-02-16;10:45:35;194,8;;74;MSE;JPAG;;LB,CT;194,5;195;>
2022-02-16;10:45:27;194,5;;70;MSE;SSWM;;LB,CT;193,9;194,3;>
2022-02-16;10:45:27;194,5;;50;MLEX;SSWM;;LB,CT;193,9;194,3;>
2022-02-16;10:45:27;194,5;;50;MLEX;SSWM;;LB,CT;193,9;194,3;>
2022-02-16;10:45:27;194,5;;149;XTXE;SSWM;;LB,CT;193,9;194,3;>
2022-02-16;10:45:27;194,5;;20;XTXE;JPAG;;LB,CT;193,9;194,3;>
2022-02-16;10:45:27;194,5;;41;XTXE;JPAG;;LB,CT;193,9;194,3;>
2022-02-16;10:45:27;194,5;;11;XTXE;AVA;;LB,CT;193,9;194,3;>
2022-02-16;10:45:27;194,4;;23;MSE;MLEX;;LB,CT;193,9;194,3;>
2022-02-16;10:45:27;194,4;;6;MSE;MLEX;;LB,CT;193,9;194,3;>
2022-02-16;10:45:27;194,4;;48;MSE;MSE;;LB,CT;193,9;194,3;>
2022-02-16;10:45:27;194,3;;53;XTXE;JPAG;;LB,CT;193,9;194,3;>
2022-02-16;10:45:27;194,3;;5;XTXE;MLEX;;LB,CT;193,9;194,3;>
2022-02-16;10:45:27;194,2;;8;MLEX;MLEX;;LB,CT;193,9;194,3;>
2022-02-16;10:45:27;194,2;;18;MLEX;MLEX;;LB,CT;193,9;194,3;>
2022-02-16;10:45:02;194,05;;54;-;-;CROS;PA,UA,ALGO;193,9;194,2;>
2022-02-16;10:40:00;193,9;;16;MLEX;MLEX;;LB,CT;193,5;193,8;>
2022-02-16;10:40:00;193,8;;50;NRD;NON;;LB,CT;193,5;193,8;>
2022-02-16;10:40:00;193,8;;6;NRD;MLEX;;LB,CT;193,5;193,8;>
2022-02-16;10:40:00;193,8;;129;NRD;JPAG;;LB,CT;193,5;193,8;>
2022-02-16;10:39:59;193,8;;5;MSE;JPAG;;LB,CT;193,3;193,7;>
2022-02-16;10:39:59;193,7;;57;MSE;CSV;;LB,CT;193,3;193,7;>
2022-02-16;10:39:59;193,7;;29;MLEX;MLEX;;LB,CT;193,3;193,7;>
2022-02-16;10:39:59;193,7;;170;JPAG;CSV;;LB,CT;193,3;193,7;>
2022-02-16;10:39:59;193,7;;150;JPAG;JPAG;;LB,CT;193,3;193,7;>
2022-02-16;10:39:59;193,7;;80;JPAG;JPAG;;LB,CT;193,3;193,7;>
2022-02-16;10:37:32;193,7;;4;MSE;JPAG;;LB,CT;193,3;193,7;>
2022-02-16;10:35:02;193,7;;41;JPAG;JPAG;;LB,CT;193,3;193,7;>
2022-02-16;10:33:04;193,45;;63;-;-;CROS;PA,UA;193,2;193,7;
2022-02-16;10:33:04;193,45;;63;-;-;AOD;PA,UA;193,2;193,7;
2022-02-16;10:32:51;193,8;;5;XTXE;JPAG;;LB,CT;193,3;193,7;>
2022-02-16;10:32:51;193,8;;42;XTXE;MSE;;LB,CT;193,3;193,7;>
2022-02-16;10:32:51;193,7;;73;JPAG;GSAG;;LB,CT;193,3;193,7;>
2022-02-16;10:32:51;193,7;;169;JPAG;UBS;;LB,CT;193,3;193,7;>
2022-02-16;10:32:51;193,7;;106;JPAG;JPAG;;LB,CT;193,3;193,7;>
2022-02-16;10:29:18;193,3;;50;NRD;NON;;LB,CT;193,3;193,8;<
2022-02-16;10:25:03;193,9;;41;JPAG;JPAG;;LB,CT;193,3;193,9;>
2022-02-16;10:24:43;193,3;;112;UBS;NON;;LB,CT;193,3;193,9;<
2022-02-16;10:21:36;193,9;;5;NRD;MSE;;LB,CT;193,6;194,3;<
2022-02-16;10:21:27;193,9;;41;JPAG;XTXE;;LB,CT;194;194,4;<
2022-02-16;10:21:27;194;;5;JPAG;MLEX;;LB,CT;194;194,4;<
2022-02-16;10:21:27;194;;147;MSE;MLEX;;LB,CT;194;194,4;<
2022-02-16;10:19:32;194,2;;76;UBS;BBI;;LB,CT;194,2;194,5;<
2022-02-16;10:18:56;194,2;;19;GSAG;MSE;;LB,CT;194,2;194,8;<
2022-02-16;10:16:02;194,5;;4;JPAG;MSE;;LB,CT;194,2;194,9;<
2022-02-16;10:16:02;194,5;;196;UBS;MSE;;LB,CT;194,2;194,9;<
2022-02-16;10:16:02;194,5;;22;JPAG;JPAG;;LB,CT;194,2;194,9;<
2022-02-16;10:14:28;194,7;;18;JPAG;MLEX;;LB,CT;194,5;195;>
2022-02-16;10:14:21;194,6;;13;XTXE;MLEX;;LB,CT;194,5;194,7;>
2022-02-16;10:12:51;194,6;;7;MSE;MLEX;;LB,CT;194,2;194,6;>
2022-02-16;10:12:32;194,5;;4;MSE;MLEX;;LB,CT;194,2;194,5;>
2022-02-16;10:12:32;194,5;;15;MSE;MLEX;;LB,CT;194,2;194,5;>
2022-02-16;10:11:53;194,4;;2;MSE;MLEX;;LB,CT;193,8;194,5;>
2022-02-16;10:11:53;194,2;;31;XTXE;JPAG;;LB,CT;193,6;194,2;>
2022-02-16;10:11:53;194,2;;53;XTXE;GSAG;;LB,CT;193,6;194,2;>
2022-02-16;10:11:45;194,1;;85;XTXE;SSWM;;LB,CT;193,6;194,2;>
2022-02-16;10:11:45;194,1;;88;XTXE;SSWM;;LB,CT;193,6;194,2;>
2022-02-16;10:11:45;194,1;;50;MLEX;SSWM;;LB,CT;193,6;194,2;>
2022-02-16;10:11:45;194,1;;96;XTXE;SSWM;;LB,CT;193,6;194,2;>
2022-02-16;10:11:45;194,1;;39;XTXE;CSV;;LB,CT;193,6;194,2;>
2022-02-16;10:11:21;194,1;;154;AVA;CSV;;LB,CT;193,4;194,1;>
2022-02-16;10:10:45;193,7;;160;BBI;MSE;;LB,CT;193,4;194,1;<
2022-02-16;10:10:45;193,7;;48;BBI;MSE;;LB,CT;193,4;194,1;<
2022-02-16;10:10:03;193,7;;17;XTXE;JPAG;;LB,CT;193,7;194,4;<
2022-02-16;10:10:03;193,7;;24;JPAG;JPAG;;LB,CT;193,7;194,4;<
2022-02-16;10:10:03;193,9;;300;XTXE;MSE;;LB,CT;194,3;194,9;<
2022-02-16;10:10:03;194,3;;433;SHB;SIS;;LB,CT;194,3;194,9;<
2022-02-16;10:10:03;194,3;;217;SHB;XTXE;;LB,CT;194,3;194,9;<
2022-02-16;10:10:03;194,3;;25;JPAG;XTXE;;LB,CT;194,3;194,9;<
2022-02-16;10:09:02;194,6;;19;-;-;CROS;PA,UA;194,3;194,9;
2022-02-16;10:09:02;194,6;;19;-;-;AOD;PA,UA;194,3;194,9;
2022-02-16;10:07:20;194,5;;18;XTXE;GSAG;;LB,CT;194,3;194,9;<
2022-02-16;10:07:20;194,5;;3;MSE;MLEX;;LB,CT;194,3;194,5;>
2022-02-16;10:07:20;194,4;;1;MSE;MLEX;;LB,CT;194,3;194,5;>
2022-02-16;10:07:20;194,4;;1;JPAG;MLEX;;LB,CT;194,3;194,5;>
2022-02-16;10:07:20;194,4;;58;JPAG;GSAG;;LB,CT;194,3;194,5;>
2022-02-16;10:07:20;194,4;;300;JPAG;XTXE;;LB,CT;194,3;194,5;>
2022-02-16;10:07:20;194,4;;41;JPAG;JPAG;;LB,CT;194,3;194,5;>
2022-02-16;10:06:02;194,2;;22;CSV;MSE;;LB,CT;193,9;194,4;<
2022-02-16;10:06:02;194,2;;24;JPAG;MSE;;LB,CT;193,9;194,4;<
2022-02-16;10:06:02;194,2;;300;XTXE;MSE;;LB,CT;193,9;194,4;<
2022-02-16;10:04:20;194,4;;261;MSE;XTXE;;LB,CT;194,1;194,4;>
2022-02-16;10:04:20;194,1;;36;XTXE;AVA;;LB,CT;194,1;194,4;<
2022-02-16;10:04:10;194,2;;4;UBS;JPAG;;LB,CT;194,2;194,5;>
2022-02-16;10:04:10;194,2;;37;XTXE;JPAG;;LB,CT;194,2;194,5;>
2022-02-16;10:04:10;194,2;;42;XTXE;JPAG;;LB,CT;194,2;194,5;>
2022-02-16;10:03:58;194;;46;MSE;JPAG;;LB,CT;194;194,2;>
2022-02-16;10:03:58;194;;2;MSE;MLEX;;LB,CT;194;194,2;>
2022-02-16;10:03:58;193,9;;19;MLEX;UBS;;LB,CT;193,5;193,9;>
2022-02-16;10:03:58;193,9;;177;BBI;UBS;;LB,CT;193,5;193,9;>
2022-02-16;10:03:58;193,9;;41;BBI;JPAG;;LB,CT;193,5;193,9;>
2022-02-16;10:03:58;193,9;;2;BBI;MLEX;;LB,CT;193,5;193,9;>
2022-02-16;10:02:51;193,7;;50;MLEX;JPAG;;LB,CT;193,2;193,6;>
2022-02-16;10:02:51;193,6;;83;MLEX;JPAG;;LB,CT;193,2;193,6;>
2022-02-16;10:02:51;193,6;;50;XTXE;JPAG;;LB,CT;193,2;193,6;>
2022-02-16;10:02:51;193,6;;84;XTXE;GSAG;;LB,CT;193,2;193,6;>
2022-02-16;10:02:51;193,6;;19;XTXE;SWB;;LB,CT;193,2;193,6;>
2022-02-16;10:02:51;193,6;;81;XTXE;SWB;;LB,CT;193,2;193,6;>
2022-02-16;10:02:51;193,6;;2;XTXE;MLEX;;LB,CT;193,2;193,6;>
2022-02-16;10:01:26;193,6;;1;AVA;MLEX;;LB,CT;193,2;193,6;>
2022-02-16;10:01:09;193,5;;75;XTXE;AVA;;LB,CT;193,2;193,6;>
2022-02-16;10:01:09;193,4;;58;JPAG;AVA;;LB,CT;193,2;193,6;>
2022-02-16;10:01:09;193,4;;166;JPAG;CSV;;LB,CT;193,2;193,6;>
2022-02-16;10:01:09;193,4;;2;JPAG;MLEX;;LB,CT;193,2;193,6;>
2022-02-16;10:01:09;193,4;;41;JPAG;JPAG;;LB,CT;193,2;193,6;>
2022-02-16;09:59:05;192,9;;20;CSV;GSAG;;LB,CT;192,9;193,4;<
2022-02-16;09:59:05;192,9;;43;MSE;GSAG;;LB,CT;192,9;193,4;<
2022-02-16;09:59:05;192,9;;41;MSE;JPAG;;LB,CT;192,9;193,4;<
2022-02-16;09:57:26;193,4;;1;MSE;MSE;;LB,CT;192,9;193,4;>
2022-02-16;09:57:11;192,9;;43;MSE;NRD;;LB,CT;192,9;193,4;<
2022-02-16;09:57:02;192,9;;12;MSE;XTXE;;LB,CT;193;193,4;<
2022-02-16;09:57:02;193;;24;JPAG;XTXE;;LB,CT;193;193,4;<
2022-02-16;09:56:38;193;;65;NRD;AVA;;LB,CT;193;193,4;<
2022-02-16;09:56:05;193;;41;XTXE;JPAG;;LB,CT;193;193,6;<
2022-02-16;09:54:02;193,3;;1;-;-;CROS;PA,UA;193;193,6;
2022-02-16;09:54:02;193,3;;1;-;-;AOD;PA,UA;193;193,6;
2022-02-16;09:54:01;193,6;;175;MSE;XTXE;;LB,CT;192,9;193,6;>
2022-02-16;09:54:01;193,6;;33;MSE;MSE;;LB,CT;192,9;193,6;>
2022-02-16;09:53:05;192,9;;39;MSE;XTXE;;LB,CT;193;193,6;<
2022-02-16;09:53:05;193;;237;NRD;MSE;;LB,CT;193;193,6;<
2022-02-16;09:53:05;193;;16;NRD;JPAG;;LB,CT;193;193,6;<
2022-02-16;09:53:05;193;;25;JPAG;JPAG;;LB,CT;193;193,6;<
2022-02-16;09:50:06;193,1;;25;JPAG;MLEX;;LB,CT;192,9;193,6;<
2022-02-16;09:49:34;193,2;;65;MSE;JPAG;;LB,CT;192,9;193,5;>
2022-02-16;09:49:34;193,2;;199;MSE;AVA;;LB,CT;192,9;193,5;>
2022-02-16;09:49:34;193,1;;41;XTXE;JPAG;;LB,CT;192,9;193,5;>
2022-02-16;09:49:34;193,1;;2;XTXE;MLEX;;LB,CT;192,9;193,5;>
2022-02-16;09:49:34;193,1;;87;XTXE;AVA;;LB,CT;192,9;193,5;>
2022-02-16;09:49:34;193,1;;111;XTXE;AVA;;LB,CT;192,9;193,5;>
2022-02-16;09:47:44;193;;300;JPAG;XTXE;;LB,CT;192,8;193,1;>
2022-02-16;09:45:56;192,7;;177;XTXE;AVA;;LB,CT;192,5;193,1;>
2022-02-16;09:45:40;192,7;;31;JPAG;JPAG;;LB,CT;192,5;193;>
2022-02-16;09:45:32;192,7;;26;MSE;JPAG;;LB,CT;192,3;192,7;>
2022-02-16;09:45:32;192,6;;19;MLEX;JPAG;;LB,CT;192,1;192,6;>
2022-02-16;09:45:32;192,6;;22;XTXE;JPAG;;LB,CT;192,1;192,6;>
2022-02-16;09:45:32;192,6;;3;XTXE;MLEX;;LB,CT;192,1;192,6;>
2022-02-16;09:45:32;192,6;;21;XTXE;JPAG;;LB,CT;192,1;192,6;>
2022-02-16;09:45:32;192,6;;42;XTXE;JPAG;;LB,CT;192,1;192,6;>
2022-02-16;09:43:32;192,4;;4;JPAG;MLEX;;LB,CT;191,7;192,4;>
2022-02-16;09:43:32;192,4;;105;JPAG;JPAG;;LB,CT;191,7;192,4;>
2022-02-16;09:43:15;192;;152;JPAG;CSV;;LB,CT;191,6;192;>
2022-02-16;09:43:15;192;;41;JPAG;JPAG;;LB,CT;191,6;192;>
2022-02-16;09:43:15;192;;105;JPAG;JPAG;;LB,CT;191,6;192;>
2022-02-16;09:43:10;191,7;;97;UBS;MSE;;LB,CT;191,7;192,4;<
2022-02-16;09:42:23;191,7;;77;UBS;AVA;;LB,CT;191,7;192,4;<
2022-02-16;09:39:42;192,3;;12;BBI;XTXE;;LB,CT;192,3;192,8;<
2022-02-16;09:39:42;192,3;;52;BBI;XTXE;;LB,CT;192,3;192,8;<
2022-02-16;09:39:42;192,3;;12;BBI;XTXE;;LB,CT;192,3;192,8;<
2022-02-16;09:37:17;192,8;;41;MSE;JPAG;;LB,CT;192,5;193;>
2022-02-16;09:37:17;192,8;;51;MSE;GSAG;;LB,CT;192,5;193;>
2022-02-16;09:37:17;192,8;;25;MSE;GSAG;;LB,CT;192,5;193;>
2022-02-16;09:37:17;192,8;;137;MSE;JPAG;;LB,CT;192,5;193;>
2022-02-16;09:36:05;193;;7;AVA;MSE;;LB,CT;193;193,4;<
2022-02-16;09:35:04;193,1;;138;UBS;MSE;;LB,CT;193;193,6;<
2022-02-16;09:35:04;193,1;;4;UBS;JPAG;;LB,CT;193;193,6;<
2022-02-16;09:33:23;193,4;;24;JPAG;XTXE;;LB,CT;193,1;193,7;<
2022-02-16;09:31:41;193,6;;3;XTXE;MLEX;;LB,CT;193,2;193,6;>
2022-02-16;09:31:41;193,6;;55;XTXE;NON;;LB,CT;193,2;193,6;>
2022-02-16;09:31:35;193,5;;9;XTXE;CSV;;LB,CT;193,2;193,6;>
2022-02-16;09:31:35;193,5;;92;XTXE;CSV;;LB,CT;193,2;193,6;>
2022-02-16;09:31:04;193,2;;142;XTXE;MSE;;LB,CT;193,2;193,6;<
2022-02-16;09:31:04;193,5;;239;MSE;XTXE;;LB,CT;193,2;193,6;>
2022-02-16;09:31:01;193,1;;17;UBS;JPAG;;LB,CT;193,1;193,5;<
2022-02-16;09:31:01;193,1;;24;JPAG;JPAG;;LB,CT;193,1;193,5;<
2022-02-16;09:29:52;193,3;;6;XTXE;MLEX;;LB,CT;193,6;194,1;<
2022-02-16;09:29:52;193,6;;29;JPAG;MSE;;LB,CT;193,6;194,1;<
2022-02-16;09:29:52;193,6;;342;NRD;MSE;;LB,CT;193,6;194,1;<
2022-02-16;09:29:52;193,6;;295;XTXE;MSE;;LB,CT;193,6;194,1;<
2022-02-16;09:29:52;193,6;;5;XTXE;MLEX;;LB,CT;193,6;194,1;<
2022-02-16;09:29:25;194,1;;9;AVA;JPAG;;LB,CT;193,6;194,1;>
2022-02-16;09:29:02;193,6;;300;XTXE;MSE;;LB,CT;193,6;194,1;<
2022-02-16;09:29:02;194;;5;XTXE;MLEX;;LB,CT;193,6;194,1;>
2022-02-16;09:29:02;194;;5;XTXE;AVA;;LB,CT;193,6;194,1;>
2022-02-16;09:29:02;193,9;;300;JPAG;XTXE;;LB,CT;193,6;194,1;>
2022-02-16;09:24:35;193,5;;100;XTXE;AVA;;LB,CT;192,9;193,4;>
2022-02-16;09:24:35;193,4;;4;MSE;MLEX;;LB,CT;192,9;193,4;>
2022-02-16;09:24:35;193,4;;41;MSE;JPAG;;LB,CT;192,9;193,4;>
2022-02-16;09:24:02;193,5;;18;NRD;MSE;;LB,CT;193,5;194;<
2022-02-16;09:24:02;193,5;;12;NRD;XTXE;;LB,CT;193,5;194;<
2022-02-16;09:21:58;193,9;;3;MSE;AVA;;LB,CT;193,5;193,9;>
2022-02-16;09:21:45;193,5;;44;MSE;JPAG;;LB,CT;192,9;193,5;>
2022-02-16;09:21:29;192,9;;130;XTXE;CSV;;LB,CT;192,5;193,4;>
2022-02-16;09:21:29;192,9;;1;XTXE;AIV;;LB,CT;192,5;193,4;>
2022-02-16;09:21:29;192,8;;41;NRD;JPAG;;LB,CT;192,5;193,4;>
2022-02-16;09:21:29;192,8;;3;NRD;MLEX;;LB,CT;192,5;193,4;>
2022-02-16;09:21:02;192,8;;300;NRD;XTXE;;LB,CT;192,3;192,8;>
2022-02-16;09:20:59;192,7;;322;SSWM;MSE;;LB,CT;192,9;193,4;<
2022-02-16;09:20:59;192,7;;300;XTXE;BBI;;LB,CT;192,9;193,4;<
2022-02-16;09:20:59;192,9;;24;JPAG;AIV;;LB,CT;192,9;193,4;<
2022-02-16;09:20:49;193,4;;11;AVA;MLEX;;LB,CT;192,9;193,3;<
2022-02-16;09:20:49;193,4;;53;AVA;MSE;;LB,CT;192,9;193,3;<
2022-02-16;09:20:49;193,4;;64;AVA;XTXE;;LB,CT;192,9;193,3;<
2022-02-16;09:20:49;193,4;;62;AVA;JPAG;;LB,CT;192,9;193,3;>
2022-02-16;09:20:49;193,3;;10;AVA;MLEX;;LB,CT;192,9;193,3;>
2022-02-16;09:20:15;192,9;;172;XTXE;UBS;;LB,CT;192,8;193,3;<
2022-02-16;09:20:15;192,9;;54;XTXE;JPAG;;LB,CT;192,8;193,3;>
2022-02-16;09:20:15;192,9;;10;XTXE;SWB;;LB,CT;192,8;193,3;>
2022-02-16;09:20:14;192,8;;200;AVA;MSE;;LB,CT;192,4;192,9;<
2022-02-16;09:20:10;192,8;;27;AVA;MSE;;LB,CT;192,3;192,8;<
2022-02-16;09:20:10;192,8;;91;AVA;JPAG;;LB,CT;192,3;192,8;>
2022-02-16;09:20:10;192,8;;82;AVA;JPAG;;LB,CT;192,3;192,8;>
2022-02-16;09:19:52;192,7;;135;MSE;CSV;;LB,CT;192,2;192,7;>
2022-02-16;09:19:52;192,7;;7;MSE;MLEX;;LB,CT;192,2;192,7;>
2022-02-16;09:19:52;192,7;;29;MSE;JPAG;;LB,CT;192,2;192,7;>
2022-02-16;09:19:52;192,7;;59;AVA;JPAG;;LB,CT;192,2;192,7;>
2022-02-16;09:19:52;192,7;;41;AVA;JPAG;;LB,CT;192,2;192,7;>
2022-02-16;09:19:52;192,7;;300;AVA;XTXE;;LB,CT;192,2;192,7;>
2022-02-16;09:19:28;192,6;;160;NON;MSE;;LB,CT;192,2;192,8;<
2022-02-16;09:18:25;192,5;;5;AVA;MSE;;LB,CT;192,5;192,8;<
2022-02-16;09:17:19;192,9;;24;JPAG;MSE;;LB,CT;192,9;193,6;<
2022-02-16;09:17:16;193,3;;26;JPAG;MSE;;LB,CT;192,6;193,8;<
2022-02-16;09:17:16;193,3;;300;XTXE;MSE;;LB,CT;192,6;193,8;<
2022-02-16;09:16:14;193;;3;ENS;MSE;;LB,CT;193;193,6;<
2022-02-16;09:16:11;193,4;;48;MSE;JPAG;;LB,CT;193,3;193,9;>
2022-02-16;09:16:11;193,4;;115;MSE;CSV;;LB,CT;193,3;193,9;>
2022-02-16;09:16:11;193,4;;300;MSE;XTXE;;LB,CT;193,3;193,9;>
2022-02-16;09:14:33;192,5;;40;UBS;AVA;;LB,CT;192,5;193,4;<
2022-02-16;09:14:06;192,6;;41;MSE;JPAG;;LB,CT;192,5;193,4;<
2022-02-16;09:12:24;193,4;;15;NRD;MLEX;;LB,CT;193,4;193,8;<
2022-02-16;09:12:23;193,4;;58;NRD;XTXE;;LB,CT;193,4;193,9;<
2022-02-16;09:11:34;193,8;;315;BBI;SSWM;;LB,CT;193,3;193,9;>
2022-02-16;09:09:20;194,1;;319;SSWM;XTXE;;LB,CT;194,1;194,6;<
2022-02-16;09:09:17;194,5;;3;MSE;MLEX;;LB,CT;194,2;194,6;>
2022-02-16;09:09:17;194;;19;MLEX;UBS;;LB,CT;193,7;194,5;>
2022-02-16;09:09:17;194;;166;XTXE;UBS;;LB,CT;193,7;194,5;>
2022-02-16;09:09:17;194;;25;XTXE;AVA;;LB,CT;193,7;194,5;>
2022-02-16;09:09:17;194;;82;XTXE;JPAG;;LB,CT;193,7;194,5;>
2022-02-16;09:09:17;194;;6;XTXE;MLEX;;LB,CT;193,7;194,5;>
2022-02-16;09:09:17;193,9;;86;JPAG;CSV;;LB,CT;193,7;194,5;>
2022-02-16;09:09:17;193,9;;68;JPAG;JPAG;;LB,CT;193,7;194,5;>
2022-02-16;09:09:17;193,9;;43;JPAG;JPAG;;LB,CT;193,7;194,5;>
2022-02-16;09:09:17;193,9;;30;JPAG;JPAG;;LB,CT;193,7;194,5;>
2022-02-16;09:08:56;193,6;;300;JPAG;XTXE;;LB,CT;193,2;193,6;>
2022-02-16;09:08:56;193,6;;57;JPAG;JPAG;;LB,CT;193,2;193,6;>
2022-02-16;09:08:11;193,7;;88;NRD;GSAG;;LB,CT;193,1;193,9;>
2022-02-16;09:08:11;193,7;;76;NRD;JPAG;;LB,CT;193,1;193,9;>
2022-02-16;09:07:07;194;;15;AVA;MSE;;LB,CT;194;194,7;<
2022-02-16;09:07:07;194;;58;AVA;CSV;;LB,CT;194;194,7;<
2022-02-16;09:07:07;194;;10;GSAG;CSV;;LB,CT;194;194,7;<
2022-02-16;09:06:41;194,5;;2;AVA;MSE;;LB,CT;194;195,7;<
2022-02-16;09:06:40;194,7;;5;AVA;MSE;;LB,CT;194,7;195,7;<
2022-02-16;09:06:40;194,7;;100;AVA;MSE;;LB,CT;194,7;195,7;<
2022-02-16;09:06:40;194,7;;93;AVA;MSE;;LB,CT;194,7;195,7;<
2022-02-16;09:06:40;194,7;;373;JPAG;MSE;;LB,CT;194,7;195,7;<
2022-02-16;09:06:40;194,7;;5;AVA;AVA;;LB,CT;194,7;195,7;<
2022-02-16;09:05:22;194,7;;2;AVA;AVA;;LB,CT;194,7;195,9;<
2022-02-16;09:05:06;194,7;;9;JPAG;XTXE;;LB,CT;194,7;195,9;<
2022-02-16;09:05:06;194,9;;96;UBS;SIS;;LB,CT;194,7;195,9;<
2022-02-16;09:05:06;194,9;;8;AVA;SIS;;LB,CT;194,7;195,9;<
2022-02-16;09:05:06;194,9;;1;NRD;SIS;;LB,CT;194,7;195,9;<
2022-02-16;09:05:06;194,9;;108;NRD;XTXE;;LB,CT;194,7;195,9;<
2022-02-16;09:05:06;194,9;;92;AVA;AVA;;LB,CT;194,7;195,9;<
2022-02-16;09:04:55;194,9;;67;NRD;CSV;;LB,CT;194,9;195,9;<
2022-02-16;09:04:55;195;;74;UBS;CSV;;LB,CT;194,9;195,9;<
2022-02-16;09:04:41;195;;52;MLEX;AVA;;LB,CT;194,6;195,9;>
2022-02-16;09:04:41;195;;648;UBS;AVA;;LB,CT;194,6;195,9;<
2022-02-16;09:04:41;195;;300;XTXE;AVA;;LB,CT;194,6;195,9;<
2022-02-16;09:04:27;195,9;;129;MSE;XTXE;;LB,CT;196,3;197,6;<
2022-02-16;09:04:27;196;;316;SSWM;MSE;;LB,CT;196,3;197,6;<
2022-02-16;09:04:27;196;;5;JPAG;MSE;;LB,CT;196,3;197,6;<
2022-02-16;09:04:27;196,3;;7;BBI;AVA;;LB,CT;196,3;197,6;<
2022-02-16;09:04:25;196,4;;5;NRD;AVA;;LB,CT;196,4;197,6;<
2022-02-16;09:04:25;196,4;;368;NRD;AVA;;LB,CT;196,4;197,6;<
2022-02-16;09:02:00;196,1;;65;XTXE;CSV;;LB,CT;196,1;197,2;<
2022-02-16;09:02:00;196,5;;192;SIS;UBS;;LB,CT;196,1;197,2;>
2022-02-16;09:02:00;196,5;;40;SIS;MSE;;LB,CT;196,1;197,2;>
2022-02-16;09:02:00;196,5;;120;SIS;SHB;;LB,CT;196,1;197,2;>
2022-02-16;09:02:00;196,5;;10;SIS;NON;;LB,CT;196,1;197,2;>
2022-02-16;09:02:00;196,5;;12;SIS;NON;;LB,CT;196,1;197,2;>
2022-02-16;09:02:00;196,5;;3;SIS;AVA;;LB,CT;196,1;197,2;>
2022-02-16;09:02:00;196,5;;52;XTXE;AVA;;LB,CT;196,1;197,2;>
2022-02-16;09:02:00;196,5;;118;XTXE;AVA;;LB,CT;196,1;197,2;>
2022-02-16;09:02:00;196,5;;99;XTXE;AVA;;LB,CT;196,1;197,2;>
2022-02-16;09:02:00;196,5;;10;XTXE;AVA;;LB,CT;196,1;197,2;>
2022-02-16;09:02:00;196,4;;41;XTXE;JPAG;;LB,CT;196,1;197,2;>
2022-02-16;09:02:00;196,4;;41;XTXE;JPAG;;LB,CT;196,1;197,2;>
2022-02-16;09:02:00;196,4;;22;XTXE;JPAG;;LB,CT;196,1;197,2;>
2022-02-16;09:02:00;196,4;;30;XTXE;JPAG;;LB,CT;196,1;197,2;>
2022-02-16;09:02:00;196,3;;37;XTXE;NON;;LB,CT;196,1;197,2;>
2022-02-16;09:00:01;196;;1;AVA;AVA;CROS;LB,OA;193,9;196,4;<
2022-02-16;09:00:01;196;;6;SHB;NON;CROS;LB,OA;193,9;196,4;<
2022-02-16;09:00:01;196;;1;SHB;NON;CROS;LB,OA;193,9;196,4;<
2022-02-16;09:00:01;196;;5;AVA;NON;CROS;LB,OA;193,9;196,4;<
2022-02-16;09:00:01;196;;15;MSE;NON;CROS;LB,OA;193,9;196,4;<
2022-02-16;09:00:01;196;;3;BBI;NON;CROS;LB,OA;193,9;196,4;<
2022-02-16;09:00:01;196;;10;JTEU;NON;CROS;LB,OA;193,9;196,4;<
2022-02-16;09:00:01;196;;10;JPAG;NON;CROS;LB,OA;193,9;196,4;<
2022-02-16;09:00:01;196;;4;JPAG;MLEX;CROS;LB,OA;193,9;196,4;<
2022-02-16;09:00:01;196;;8;GSAG;MLEX;CROS;LB,OA;193,9;196,4;<
2022-02-16;09:00:01;196;;9;GSAG;CSV;CROS;LB,OA;193,9;196,4;<
2022-02-16;09:00:01;196;;1;GSAG;JPAG;CROS;LB,OA;193,9;196,4;<
2022-02-16;09:00:01;196;;23;GSAG;JPAG;CROS;LB,OA;193,9;196,4;<
2022-02-16;09:00:01;196;;1;BBI;JPAG;CROS;LB,OA;193,9;196,4;<
2022-02-16;09:00:01;196;;6;BBI;JPAG;CROS;LB,OA;193,9;196,4;<
2022-02-16;09:00:01;196;;2;AVA;XTXE;;LB,CT;193,3;196,4;<
2022-02-16;09:00:01;196;;94;SHB;XTXE;;LB,CT;193,3;196,4;<
2022-02-16;09:00:01;196;;103;-;-;AUCT;LB,OA;193,3;196,4;
