2022-02-02;17:29:55;280;;203;-;-;CROS;LB,CA;280;280;
2022-02-02;17:29:55;280;;2439;-;-;CROS;LB,CA;280;280;
2022-02-02;17:29:55;280;;33;-;-;CROS;LB,CA;280;280;
2022-02-02;17:29:55;280;;200;-;-;CROS;LB,CA;280;280;
2022-02-02;17:29:55;280;;735;-;-;CROS;LB,CA;280;280;
2022-02-02;17:29:55;280;;1566;-;-;CROS;LB,CA;280;280;
2022-02-02;17:29:55;280;;96;-;-;CROS;LB,CA;280;280;
2022-02-02;17:29:55;280;;107;-;-;CROS;LB,CA;280;280;
2022-02-02;17:29:55;280;;343;-;-;CROS;LB,CA;280;280;
2022-02-02;17:29:55;280;;204;-;-;CROS;LB,CA;280;280;
2022-02-02;17:29:55;280;;529;-;-;CROS;LB,CA;280;280;
2022-02-02;17:29:55;280;;108;-;-;CROS;LB,CA;280;280;
2022-02-02;17:29:55;280;;99;-;-;CROS;LB,CA;280;280;
2022-02-02;17:29:55;280;;592;-;-;CROS;LB,CA;280;280;
2022-02-02;17:29:55;280;;762;-;-;CROS;LB,CA;280;280;
2022-02-02;17:29:55;280;;203;-;-;CROS;LB,CA;280;280;
2022-02-02;17:29:55;280;;232;-;-;CROS;LB,CA;280;280;
2022-02-02;17:29:55;280;;833;-;-;CROS;LB,CA;280;280;
2022-02-02;17:29:55;280;;2824;-;-;CROS;LB,CA;280;280;
2022-02-02;17:29:55;280;;255;-;-;CROS;LB,CA;280;280;
2022-02-02;17:29:55;280;;106;-;-;CROS;LB,CA;280;280;
2022-02-02;17:29:55;280;;280;-;-;CROS;LB,CA;280;280;
2022-02-02;17:29:55;280;;162;-;-;CROS;LB,CA;280;280;
2022-02-02;17:29:55;280;;353;-;-;CROS;LB,CA;280;280;
2022-02-02;17:29:55;280;;181;-;-;CROS;LB,CA;280;280;
2022-02-02;17:29:55;280;;349;-;-;CROS;LB,CA;280;280;
2022-02-02;17:29:55;280;;574;-;-;CROS;LB,CA;280;280;
2022-02-02;17:29:55;280;;3;-;-;CROS;LB,CA;280;280;
2022-02-02;17:29:55;280;;354;-;-;CROS;LB,CA;280;280;
2022-02-02;17:29:55;280;;971;-;-;CROS;LB,CA;280;280;
2022-02-02;17:29:55;280;;1723;-;-;CROS;LB,CA;280;280;
2022-02-02;17:29:55;280;;4030;-;-;CROS;LB,CA;280;280;
2022-02-02;17:29:55;280;;297;-;-;CROS;LB,CA;280;280;
2022-02-02;17:29:55;280;;1000;-;-;CROS;LB,CA;280;280;
2022-02-02;17:29:55;280;;1394;-;-;CROS;LB,CA;280;280;
2022-02-02;17:29:55;280;;1550;-;-;CROS;LB,CA;280;280;
2022-02-02;17:29:55;280;;130;-;-;CROS;LB,CA;280;280;
2022-02-02;17:29:55;280;;1;-;-;CROS;LB,CA;280;280;
2022-02-02;17:29:55;280;;525;-;-;CROS;LB,CA;280;280;
2022-02-02;17:29:55;280;;426;-;-;CROS;LB,CA;280;280;
2022-02-02;17:29:55;280;;204;-;-;CROS;LB,CA;280;280;
2022-02-02;17:29:55;280;;211;-;-;CROS;LB,CA;280;280;
2022-02-02;17:29:55;280;;179;-;-;CROS;LB,CA;280;280;
2022-02-02;17:29:55;280;;765;-;-;CROS;LB,CA;280;280;
2022-02-02;17:29:55;280;;164;-;-;CROS;LB,CA;280;280;
2022-02-02;17:29:55;280;;1221;-;-;CROS;LB,CA;280;280;
2022-02-02;17:29:55;280;;379;-;-;CROS;LB,CA;280;280;
2022-02-02;17:29:55;280;;42;-;-;CROS;LB,CA;280;280;
2022-02-02;17:29:55;280;;25;-;-;CROS;LB,CA;280;280;
2022-02-02;17:29:55;280;;624;-;-;CROS;LB,CA;280;280;
2022-02-02;17:29:55;280;;1;-;-;CROS;LB,CA;280;280;
2022-02-02;17:29:55;280;;282;-;-;CROS;LB,CA;280;280;
2022-02-02;17:29:55;280;;387;-;-;CROS;LB,CA;280;280;
2022-02-02;17:29:55;280;;165;-;-;CROS;LB,CA;280;280;
2022-02-02;17:29:55;280;;166;-;-;CROS;LB,CA;280;280;
2022-02-02;17:29:55;280;;327;-;-;CROS;LB,CA;280;280;
2022-02-02;17:29:55;280;;279;-;-;CROS;LB,CA;280;280;
2022-02-02;17:29:55;280;;1373;-;-;CROS;LB,CA;280;280;
2022-02-02;17:29:55;280;;878;-;-;CROS;LB,CA;280;280;
2022-02-02;17:29:55;280;;238;-;-;CROS;LB,CA;280;280;
2022-02-02;17:29:55;280;;61;-;-;CROS;LB,CA;280;280;
2022-02-02;17:29:55;280;;114;-;-;CROS;LB,CA;280;280;
2022-02-02;17:29:55;280;;25;-;-;CROS;LB,CA;280;280;
2022-02-02;17:29:55;280;;33;-;-;CROS;LB,CA;280;280;
2022-02-02;17:29:55;280;;79;-;-;CROS;LB,CA;280;280;
2022-02-02;17:29:55;280;;148;-;-;CROS;LB,CA;280;280;
2022-02-02;17:29:55;280;;2021;-;-;CROS;LB,CA;280;280;
2022-02-02;17:29:55;280;;66;-;-;CROS;LB,CA;280;280;
2022-02-02;17:29:55;280;;79;-;-;CROS;LB,CA;280;280;
2022-02-02;17:29:55;280;;273;-;-;CROS;LB,CA;280;280;
2022-02-02;17:29:55;280;;285;-;-;CROS;LB,CA;280;280;
2022-02-02;17:29:55;280;;213;-;-;CROS;LB,CA;280;280;
2022-02-02;17:29:55;280;;161;-;-;CROS;LB,CA;280;280;
2022-02-02;17:29:55;280;;203;-;-;CROS;LB,CA;280;280;
2022-02-02;17:29:55;280;;113;-;-;CROS;LB,CA;280;280;
2022-02-02;17:29:55;280;;28;-;-;CROS;LB,CA;280;280;
2022-02-02;17:29:55;280;;3476;-;-;CROS;LB,CA;280;280;
2022-02-02;17:29:55;280;;1400;-;-;CROS;LB,CA;280;280;
2022-02-02;17:29:55;280;;548;-;-;CROS;LB,CA;280;280;
2022-02-02;17:29:55;280;;555;-;-;CROS;LB,CA;280;280;
2022-02-02;17:29:55;280;;2380;-;-;CROS;LB,CA;280;280;
2022-02-02;17:29:55;280;;128;-;-;CROS;LB,CA;280;280;
2022-02-02;17:29:55;280;;89;-;-;CROS;LB,CA;280;280;
2022-02-02;17:29:55;280;;197;-;-;CROS;LB,CA;280;280;
2022-02-02;17:29:55;280;;336;-;-;CROS;LB,CA;280;280;
2022-02-02;17:29:55;280;;88;-;-;CROS;LB,CA;280;280;
2022-02-02;17:29:55;280;;4316;-;-;CROS;LB,CA;280;280;
2022-02-02;17:29:55;280;;249;-;-;CROS;LB,CA;280;280;
2022-02-02;17:29:55;280;;102;-;-;CROS;LB,CA;280;280;
2022-02-02;17:29:55;280;;3075;-;-;CROS;LB,CA;280;280;
2022-02-02;17:29:55;280;;2704;-;-;CROS;LB,CA;280;280;
2022-02-02;17:29:55;280;;836;-;-;CROS;LB,CA;280;280;
2022-02-02;17:29:55;280;;975;-;-;CROS;LB,CA;280;280;
2022-02-02;17:29:55;280;;125;-;-;CROS;LB,CA;280;280;
2022-02-02;17:29:55;280;;578;-;-;CROS;LB,CA;280;280;
2022-02-02;17:29:55;280;;3811;-;-;CROS;LB,CA;280;280;
2022-02-02;17:29:55;280;;4129;-;-;CROS;LB,CA;280;280;
2022-02-02;17:29:55;280;;27;-;-;CROS;LB,CA;280;280;
2022-02-02;17:29:55;280;;837;-;-;CROS;LB,CA;280;280;
2022-02-02;17:29:55;280;;255;-;-;CROS;LB,CA;280;280;
2022-02-02;17:29:55;280;;3013;-;-;CROS;LB,CA;280;280;
2022-02-02;17:29:55;280;;122;-;-;CROS;LB,CA;280;280;
2022-02-02;17:29:55;280;;64;-;-;CROS;LB,CA;280;280;
2022-02-02;17:29:55;280;;784;-;-;CROS;LB,CA;280;280;
2022-02-02;17:29:55;280;;944;-;-;CROS;LB,CA;280;280;
2022-02-02;17:29:55;280;;523;-;-;CROS;LB,CA;280;280;
2022-02-02;17:29:55;280;;81;-;-;CROS;LB,CA;280;280;
2022-02-02;17:29:55;280;;596;-;-;CROS;LB,CA;280;280;
2022-02-02;17:29:55;280;;166;-;-;CROS;LB,CA;280;280;
2022-02-02;17:29:55;280;;1170;-;-;CROS;LB,CA;280;280;
2022-02-02;17:29:55;280;;363;-;-;CROS;LB,CA;280;280;
2022-02-02;17:29:55;280;;17;-;-;CROS;LB,CA;280;280;
2022-02-02;17:29:55;280;;29;-;-;CROS;LB,CA;280;280;
2022-02-02;17:29:55;280;;6383;-;-;CROS;LB,CA;280;280;
2022-02-02;17:29:55;280;;84055;-;-;AUCT;LB,CA;280;280;
2022-02-02;17:29:55;280;;2168;-;-;CROS;LB,CA,ALGO;280;280;
2022-02-02;17:29:55;280;;187;-;-;CROS;LB,CA,ALGO;280;280;
2022-02-02;17:29:55;280;;4;-;-;CROS;LB,CA,ALGO;280;280;
2022-02-02;17:29:55;280;;128;-;-;CROS;LB,CA,ALGO;280;280;
2022-02-02;17:29:55;280;;720;-;-;CROS;LB,CA,ALGO;280;280;
2022-02-02;17:29:55;280;;851;-;-;CROS;LB,CA;280;280;
2022-02-02;17:29:55;280;;17;-;-;CROS;LB,CA;280;280;
2022-02-02;17:29:55;280;;506;-;-;CROS;LB,CA;280;280;
2022-02-02;17:29:55;280;;168;-;-;CROS;LB,CA;280;280;
2022-02-02;17:29:55;280;;130;-;-;CROS;LB,CA;280;280;
2022-02-02;17:29:55;280;;80;-;-;CROS;LB,CA,ALGO;280;280;
2022-02-02;17:29:55;280;;17;-;-;CROS;LB,CA,ALGO;280;280;
2022-02-02;17:29:55;280;;96;-;-;CROS;LB,CA;280;280;
2022-02-02;17:29:55;280;;35;-;-;CROS;LB,CA,ALGO;280;280;
2022-02-02;17:24:03;280,2;;77;-;-;CROS;PA,UA;280;280,4;
2022-02-02;17:24:03;280,2;;77;-;-;AOD;PA,UA;280;280,4;
2022-02-02;17:24:02;280,2;;132;-;-;;LB,CT;280,2;280,4;<
2022-02-02;17:24:02;280,2;;85;-;-;;LB,CT;280,2;280,4;<
2022-02-02;17:24:02;280,2;;10;-;-;;LB,CT;280,2;280,4;<
2022-02-02;17:21:27;280,2;;19;-;-;;LB,CT;280;280,4;<
2022-02-02;17:21:07;280,2;;81;-;-;;LB,CT;280,2;280,4;<
2022-02-02;17:21:07;280,2;;14;-;-;;LB,CT;280,2;280,4;<
2022-02-02;17:21:07;280,2;;55;-;-;;LB,CT;280,2;280,4;<
2022-02-02;17:20:23;280,2;;2;-;-;;LB,CT;280,2;280,4;<
2022-02-02;17:20:23;280,4;;98;-;-;;LB,CT;280,2;280,4;>
2022-02-02;17:20:23;280,4;;250;-;-;;LB,CT;280,2;280,4;>
2022-02-02;17:20:03;280,2;;7;-;-;;LB,CT;280,2;280,4;>
2022-02-02;17:20:03;280,2;;9;-;-;;LB,CT;280,2;280,4;>
2022-02-02;17:20:03;280,2;;113;-;-;;LB,CT;280,2;280,4;>
2022-02-02;17:20:03;280,2;;117;-;-;;LB,CT;280,2;280,4;>
2022-02-02;17:20:03;280,2;;17;-;-;;LB,CT;280,2;280,4;>
2022-02-02;17:19:48;280,1;;49;-;-;CROS;PA,UA;280;280,2;
2022-02-02;17:19:48;280,1;;49;-;-;AOD;PA,UA;280;280,2;
2022-02-02;17:18:55;280;;4;-;-;;LB,CT;280;280,2;<
2022-02-02;17:18:51;280;;2;-;-;;LB,CT;280;280,2;<
2022-02-02;17:18:51;280;;2;-;-;;LB,CT;280;280,2;<
2022-02-02;17:18:06;280,2;;14;-;-;;LB,CT;280,2;280,4;<
2022-02-02;17:18:06;280,2;;12;-;-;;LB,CT;280,2;280,4;<
2022-02-02;17:17:52;280,4;;200;-;-;;LB,CT;280;280,4;>
2022-02-02;17:17:52;280,4;;31;-;-;;LB,CT;280;280,4;>
2022-02-02;17:17:52;280,4;;85;-;-;;LB,CT;280;280,4;>
2022-02-02;17:17:52;280,4;;1;-;-;;LB,CT;280;280,4;>
2022-02-02;17:17:52;280,4;;228;-;-;;LB,CT;280;280,4;>
2022-02-02;17:17:52;280,4;;11;-;-;;LB,CT;280;280,4;>
2022-02-02;17:17:52;280,4;;46;-;-;;LB,CT;280;280,4;>
2022-02-02;17:17:27;280,4;;30;-;-;;LB,CT;280;280,4;>
2022-02-02;17:17:20;280,2;;16;-;-;;LB,CT;280;280,4;>
2022-02-02;17:17:20;280,2;;349;-;-;;LB,CT;280;280,4;>
2022-02-02;17:17:20;280,2;;160;-;-;;LB,CT;280;280,4;>
2022-02-02;17:17:20;280,2;;208;-;-;;LB,CT;280;280,4;>
2022-02-02;17:17:20;280,2;;283;-;-;;LB,CT;280;280,4;>
2022-02-02;17:17:20;280,2;;1;-;-;;LB,CT;280;280,4;>
2022-02-02;17:17:20;280,2;;210;-;-;;LB,CT;280;280,4;>
2022-02-02;17:17:20;280,2;;120;-;-;;LB,CT;280;280,4;>
2022-02-02;17:17:20;280,2;;167;-;-;;LB,CT;280;280,4;>
2022-02-02;17:17:20;280,2;;2;-;-;;LB,CT;280;280,4;>
2022-02-02;17:17:20;280,2;;1;-;-;;LB,CT;280;280,4;>
2022-02-02;17:17:20;280,2;;2;-;-;;LB,CT;280;280,4;>
2022-02-02;17:16:53;280;;313;-;-;;LB,CT;280;280,2;<
2022-02-02;17:16:45;280;;77;-;-;HID;DB,CT;280;280,2;<
2022-02-02;17:16:45;280;;313;-;-;;LB,CT;280;280,2;<
2022-02-02;17:16:44;280;;26;-;-;HID;DB,CT;280;280,2;<
2022-02-02;17:16:44;280;;1;-;-;;LB,CT;280;280,2;<
2022-02-02;17:16:44;280;;312;-;-;;LB,CT;280;280,2;<
2022-02-02;17:16:44;280;;118;-;-;HID;DB,CT;280;280,2;<
2022-02-02;17:16:44;280;;7;-;-;;LB,CT;280;280,2;<
2022-02-02;17:16:44;280;;208;-;-;;LB,CT;280;280,2;<
2022-02-02;17:16:44;280;;139;-;-;;LB,CT;280;280,2;<
2022-02-02;17:16:44;280;;118;-;-;;LB,CT;280;280,2;<
2022-02-02;17:15:54;280;;55;-;-;;LB,CT;280;280,2;<
2022-02-02;17:15:42;280;;1;-;-;;LB,CT;280;280,2;<
2022-02-02;17:15:35;280;;302;-;-;;LB,CT;280;280,2;<
2022-02-02;17:15:35;280;;36;-;-;;LB,CT;280;280,2;<
2022-02-02;17:15:35;280;;158;-;-;;LB,CT;280;280,2;<
2022-02-02;17:15:31;280;;119;-;-;;LB,CT;280;280,2;<
2022-02-02;17:15:31;280;;6;-;-;;LB,CT;280;280,2;<
2022-02-02;17:15:23;280;;145;-;-;;LB,CT;280;280,2;<
2022-02-02;17:15:23;280;;87;-;-;;LB,CT;280;280,2;<
2022-02-02;17:15:23;280;;313;-;-;;LB,CT;280;280,2;<
2022-02-02;17:14:27;280,2;;8;-;-;CROS;PA,UA;280;280,4;
2022-02-02;17:14:27;280,2;;8;-;-;AOD;PA,UA;280;280,4;
2022-02-02;17:13:06;280,2;;250;-;-;;LB,CT;280,2;280,4;<
2022-02-02;17:12:02;280,4;;3;-;-;;LB,CT;280,2;280,4;>
2022-02-02;17:12:02;280,4;;2;-;-;;LB,CT;280,2;280,4;>
2022-02-02;17:12:02;280,4;;144;-;-;;LB,CT;280,2;280,4;>
2022-02-02;17:12:02;280,4;;144;-;-;;LB,CT;280,2;280,4;>
2022-02-02;17:12:02;280,4;;144;-;-;HID;DB,CT;280,2;280,4;>
2022-02-02;17:12:02;280,4;;144;-;-;;LB,CT;280,2;280,4;>
2022-02-02;17:12:02;280,4;;85;-;-;;LB,CT;280,2;280,4;<
2022-02-02;17:12:02;280,4;;76;-;-;;LB,CT;280,2;280,4;<
2022-02-02;17:11:41;280,4;;92;-;-;;LB,CT;280,4;280,6;<
2022-02-02;17:10:01;280,4;;82;-;-;;LB,CT;280,4;280,8;<
2022-02-02;17:10:01;280,4;;24;-;-;;LB,CT;280,4;280,8;<
2022-02-02;17:10:01;280,4;;250;-;-;;LB,CT;280,4;280,8;<
2022-02-02;17:09:55;280,6;;26;-;-;;LB,CT;280,6;280,8;<
2022-02-02;17:09:55;280,6;;2;-;-;;LB,CT;280,6;280,8;<
2022-02-02;17:09:00;280,6;;49;-;-;CROS;PA,UA,ALGO;280,4;280,8;
2022-02-02;17:09:00;280,6;;93;-;-;CROS;PA,UA,ALGO;280,4;280,8;
2022-02-02;17:09:00;280,6;;168;-;-;CROS;PA,UA,ALGO;280,4;280,8;
2022-02-02;17:08:57;280,6;;9;-;-;CROS;PA,UA;280,4;280,8;
2022-02-02;17:08:57;280,6;;9;-;-;AOD;PA,UA;280,4;280,8;
2022-02-02;17:08:45;280,6;;18;-;-;CROS;PA,UA;280,4;280,8;
2022-02-02;17:08:45;280,6;;18;-;-;AOD;PA,UA;280,4;280,8;
2022-02-02;17:08:44;280,6;;217;-;-;;LB,CT;280,4;280,8;>
2022-02-02;17:08:39;280,6;;241;-;-;;LB,CT;280,2;280,6;>
2022-02-02;17:08:38;280,6;;133;-;-;;LB,CT;280,2;280,6;>
2022-02-02;17:08:30;280,4;;10;-;-;;LB,CT;280,2;280,6;>
2022-02-02;17:08:30;280,4;;250;-;-;;LB,CT;280;280,4;<
2022-02-02;17:08:30;280,4;;167;-;-;;LB,CT;280;280,4;>
2022-02-02;17:08:30;280,4;;820;-;-;;LB,CT;280;280,4;>
2022-02-02;17:08:30;280,4;;175;-;-;;LB,CT;280;280,4;>
2022-02-02;17:08:30;280,4;;40;-;-;;LB,CT;280;280,4;>
2022-02-02;17:08:30;280,4;;4;-;-;;LB,CT;280;280,4;>
2022-02-02;17:08:30;280,4;;4;-;-;;LB,CT;280;280,4;>
2022-02-02;17:08:30;280,4;;1;-;-;;LB,CT;280;280,4;>
2022-02-02;17:08:23;280;;235;-;-;;LB,CT;280;280,2;<
2022-02-02;17:08:23;280;;83;-;-;;LB,CT;280;280,2;<
2022-02-02;17:08:23;280;;265;-;-;HID;DB,CT;280;280,2;<
2022-02-02;17:08:23;280;;24;-;-;;LB,CT;280;280,2;<
2022-02-02;17:08:23;280;;289;-;-;;LB,CT;280;280,2;<
2022-02-02;17:08:23;280;;313;-;-;HID;DB,CT;280;280,2;<
2022-02-02;17:08:23;280;;160;-;-;HID;DB,CT;280;280,2;<
2022-02-02;17:08:23;280;;153;-;-;;LB,CT;280;280,2;<
2022-02-02;17:08:23;280;;11;-;-;;LB,CT;280;280,2;<
2022-02-02;17:08:23;280;;149;-;-;;LB,CT;280;280,2;<
2022-02-02;17:08:23;280;;313;-;-;;LB,CT;280;280,2;<
2022-02-02;17:08:23;280;;10;-;-;HID;DB,CT;280;280,2;<
2022-02-02;17:08:23;280;;19;-;-;;LB,CT;280;280,2;<
2022-02-02;17:08:23;280;;29;-;-;;LB,CT;280;280,2;<
2022-02-02;17:07:42;280;;284;-;-;;LB,CT;280;280,4;<
2022-02-02;17:07:42;280;;9;-;-;;LB,CT;280;280,4;<
2022-02-02;17:06:53;280,2;;84;-;-;;LB,CT;280;280,4;<
2022-02-02;17:06:53;280,2;;1;-;-;;LB,CT;280;280,4;<
2022-02-02;17:05:16;280,8;;10;-;-;;LB,CT;280,2;280,8;>
2022-02-02;17:04:51;280,6;;81;-;-;;LB,CT;280,6;281;<
2022-02-02;17:04:51;280,6;;33;-;-;;LB,CT;280,6;281;<
2022-02-02;17:04:51;280,6;;170;-;-;;LB,CT;280,6;281;<
2022-02-02;17:03:54;281;;2;-;-;;LB,CT;280,6;281;>
2022-02-02;17:03:33;280,8;;44;-;-;CROS;PA,UA;280,6;281;
2022-02-02;17:03:33;280,8;;44;-;-;AOD;PA,UA;280,6;281;
2022-02-02;17:03:17;280,6;;3;-;-;;LB,CT;280,6;281;<
2022-02-02;17:01:56;280,6;;57;-;-;;LB,CT;280,4;281;<
2022-02-02;17:01:56;280,6;;17;-;-;;LB,CT;280,4;281;<
2022-02-02;17:01:41;280,8;;102;-;-;CROS;PA,UA;280,6;281;
2022-02-02;17:01:41;280,8;;102;-;-;AOD;PA,UA;280,6;281;
2022-02-02;17:01:37;280,8;;138;-;-;;LB,CT;280,8;281,2;<
2022-02-02;17:01:15;280,9;;54;-;-;CROS;PA,UA;280,8;281;
2022-02-02;17:01:15;280,9;;54;-;-;AOD;PA,UA;280,8;281;
2022-02-02;17:01:15;281;;79;-;-;;LB,CT;281;281,2;<
2022-02-02;16:59:24;281;;82;-;-;CROS;PA,UA;280,8;281,2;
2022-02-02;16:59:24;281;;82;-;-;AOD;PA,UA;280,8;281,2;
2022-02-02;16:59:23;281;;84;-;-;;LB,CT;280,8;281,2;<
2022-02-02;16:59:23;281;;95;-;-;;LB,CT;280,8;281,2;<
2022-02-02;16:59:12;281;;159;-;-;CROS;PA,UA;280,8;281,2;
2022-02-02;16:59:12;281;;159;-;-;AOD;PA,UA;280,8;281,2;
2022-02-02;16:58:10;281;;6;-;-;CROS;PA,UA;280,8;281,2;
2022-02-02;16:58:10;281;;6;-;-;AOD;PA,UA;280,8;281,2;
2022-02-02;16:58:02;281;;26;-;-;CROS;PA,UA;280,8;281,2;
2022-02-02;16:58:02;281;;26;-;-;AOD;PA,UA;280,8;281,2;
2022-02-02;16:56:40;280,9;;193;-;-;CROS;PA,UA;280,6;281,2;
2022-02-02;16:56:40;280,9;;193;-;-;AOD;PA,UA;280,6;281,2;
2022-02-02;16:55:24;280,8;;44;-;-;;LB,CT;280,6;281,2;<
2022-02-02;16:55:24;280,8;;4;-;-;;LB,CT;280,6;281,2;<
2022-02-02;16:55:24;280,8;;2;-;-;;LB,CT;280,6;281,2;<
2022-02-02;16:54:28;281,4;;61;-;-;;LB,CT;280,8;281,4;>
2022-02-02;16:54:28;281,4;;9;-;-;;LB,CT;280,8;281,4;>
2022-02-02;16:54:28;281,4;;2;-;-;;LB,CT;280,8;281,4;>
2022-02-02;16:52:29;281,2;;50;-;-;CROS;PA,UA;281;281,4;
2022-02-02;16:52:29;281,2;;51;-;-;CROS;PA,UA;281;281,4;
2022-02-02;16:52:29;281,2;;101;-;-;AOD;PA,UA;281;281,4;
2022-02-02;16:52:08;281,2;;82;-;-;;LB,CT;281;281,4;<
2022-02-02;16:52:08;281,2;;9;-;-;;LB,CT;281;281,4;<
2022-02-02;16:51:33;281,2;;84;-;-;;LB,CT;281,2;281,6;<
2022-02-02;16:50:37;281,6;;31;-;-;;LB,CT;281,2;281,6;>
2022-02-02;16:50:37;281,6;;96;-;-;;LB,CT;281,2;281,6;>
2022-02-02;16:50:37;281,6;;3;-;-;;LB,CT;281,2;281,6;>
2022-02-02;16:49:07;281,4;;146;-;-;;LB,CT;281;281,4;>
2022-02-02;16:49:07;281,4;;28;-;-;;LB,CT;281;281,4;>
2022-02-02;16:49:07;281,4;;16;-;-;;LB,CT;281;281,4;>
2022-02-02;16:49:07;281,4;;286;-;-;;LB,CT;281;281,4;>
2022-02-02;16:48:18;281,2;;2;-;-;;LB,CT;281;281,2;>
2022-02-02;16:48:18;281,2;;160;-;-;;LB,CT;281;281,2;>
2022-02-02;16:48:13;281;;9;-;-;CROS;PA,UA;280,8;281,2;
2022-02-02;16:48:13;281;;9;-;-;AOD;PA,UA;280,8;281,2;
2022-02-02;16:48:12;281;;9;-;-;CROS;PA,UA;280,8;281,2;
2022-02-02;16:48:12;281;;9;-;-;AOD;PA,UA;280,8;281,2;
2022-02-02;16:47:44;281;;161;-;-;;LB,CT;280,8;281,2;<
2022-02-02;16:47:44;281;;174;-;-;;LB,CT;280,8;281,2;<
2022-02-02;16:46:36;281,2;;33;-;-;CROS;PA,UA;281;281,4;
2022-02-02;16:46:36;281,2;;344;-;-;CROS;PA,UA;281;281,4;
2022-02-02;16:46:36;281,2;;377;-;-;AOD;PA,UA;281;281,4;
2022-02-02;16:44:55;281,2;;17;-;-;;LB,CT;281;281,2;>
2022-02-02;16:44:08;281,2;;6;-;-;;LB,CT;281;281,2;>
2022-02-02;16:43:14;280,8;;40;-;-;;LB,CT;280,8;281,2;<
2022-02-02;16:43:14;281;;100;-;-;MID;DB,CT;280,8;281,2;<
2022-02-02;16:42:36;280,8;;26;-;-;;LB,CT;280,8;281,2;<
2022-02-02;16:42:18;281;;197;-;-;;LB,CT;280,8;281,2;>
2022-02-02;16:42:18;281;;68;-;-;;LB,CT;280,8;281,2;>
2022-02-02;16:42:18;281;;69;-;-;;LB,CT;280,8;281,2;>
2022-02-02;16:41:58;280,9;;9;-;-;CROS;PA,UA;280,8;281;
2022-02-02;16:41:58;280,9;;84;-;-;CROS;PA,UA;280,8;281;
2022-02-02;16:41:58;280,9;;93;-;-;AOD;PA,UA;280,8;281;
2022-02-02;16:41:42;280,8;;22;-;-;;LB,CT;280,8;281;<
2022-02-02;16:40:26;280,8;;83;-;-;CROS;PA,UA,ALGO;280,6;281;>
2022-02-02;16:40:26;280,8;;344;-;-;CROS;PA,UA,ALGO;280,6;281;>
2022-02-02;16:38:17;280,8;;56;-;-;;LB,CT;280,4;281;>
2022-02-02;16:38:17;280,6;;418;-;-;;LB,CT;280,2;280,6;>
2022-02-02;16:38:17;280,6;;53;-;-;;LB,CT;280,2;280,6;>
2022-02-02;16:38:17;280,6;;114;-;-;;LB,CT;280,2;280,6;>
2022-02-02;16:38:17;280,6;;69;-;-;;LB,CT;280,2;280,6;>
2022-02-02;16:38:17;280,6;;26;-;-;;LB,CT;280,2;280,6;>
2022-02-02;16:37:03;280,4;;27;-;-;;LB,CT;280,2;280,4;>
2022-02-02;16:37:03;280,4;;102;-;-;;LB,CT;280,2;280,4;>
2022-02-02;16:37:03;280,4;;102;-;-;;LB,CT;280,2;280,4;>
2022-02-02;16:37:03;280,4;;102;-;-;;LB,CT;280,2;280,4;>
2022-02-02;16:37:03;280,4;;102;-;-;;LB,CT;280,2;280,4;>
2022-02-02;16:37:03;280,4;;102;-;-;;LB,CT;280,2;280,4;>
2022-02-02;16:36:48;280,4;;102;-;-;;LB,CT;280,2;280,4;>
2022-02-02;16:36:40;280,3;;22;-;-;CROS;PA,UA;280,2;280,4;
2022-02-02;16:36:40;280,3;;22;-;-;AOD;PA,UA;280,2;280,4;
2022-02-02;16:36:35;280,3;;19;-;-;CROS;PA,UA;280,2;280,4;
2022-02-02;16:36:35;280,3;;19;-;-;AOD;PA,UA;280,2;280,4;
2022-02-02;16:35:40;280,4;;15;-;-;;LB,CT;280;280,6;<
2022-02-02;16:35:40;280,4;;167;-;-;;LB,CT;280;280,6;<
2022-02-02;16:35:40;280,4;;4;-;-;;LB,CT;280;280,6;<
2022-02-02;16:35:25;280,6;;2;-;-;;LB,CT;280,4;280,8;<
2022-02-02;16:35:25;280,6;;198;-;-;HID;DB,CT;280,4;280,6;>
2022-02-02;16:35:25;280,6;;102;-;-;;LB,CT;280,4;280,6;>
2022-02-02;16:34:07;280,6;;102;-;-;;LB,CT;280,4;280,6;>
2022-02-02;16:33:56;280,6;;102;-;-;;LB,CT;280,4;280,6;>
2022-02-02;16:33:56;280,6;;102;-;-;;LB,CT;280,4;280,6;>
2022-02-02;16:33:56;280,6;;186;-;-;;LB,CT;280,4;280,6;>
2022-02-02;16:33:56;280,6;;170;-;-;;LB,CT;280,4;280,6;>
2022-02-02;16:32:22;280,6;;9;-;-;CROS;PA,UA,ALGO;280,4;280,8;>
2022-02-02;16:32:19;280,8;;40;-;-;;LB,CT;280,4;280,8;>
2022-02-02;16:32:17;280,8;;250;-;-;;LB,CT;280,6;281;>
2022-02-02;16:31:35;281;;1;-;-;;LB,CT;281;281,2;<
2022-02-02;16:31:00;281,2;;249;-;-;;LB,CT;281;281,4;<
2022-02-02;16:31:00;281;;45;-;-;;LB,CT;281;281,4;<
2022-02-02;16:28:04;281,4;;250;-;-;;LB,CT;281,2;281,4;>
2022-02-02;16:28:04;281,4;;69;-;-;;LB,CT;281;281,4;>
2022-02-02;16:28:04;281,4;;233;-;-;;LB,CT;281;281,4;>
2022-02-02;16:28:04;281,4;;69;-;-;;LB,CT;281;281,4;>
2022-02-02;16:28:04;281,4;;107;-;-;;LB,CT;281;281,4;>
2022-02-02;16:28:04;281,4;;250;-;-;;LB,CT;281;281,4;>
2022-02-02;16:27:40;281,2;;250;-;-;;LB,CT;281;281,4;<
2022-02-02;16:27:40;281,2;;10;-;-;;LB,CT;281;281,4;<
2022-02-02;16:27:34;281,4;;426;-;-;;LB,CT;281,4;281,8;<
2022-02-02;16:27:34;281,4;;100;-;-;;LB,CT;281,4;281,8;<
2022-02-02;16:27:34;281,4;;33;-;-;;LB,CT;281,4;281,8;<
2022-02-02;16:27:24;281,6;;250;-;-;;LB,CT;281,4;281,8;<
2022-02-02;16:27:24;281,8;;146;-;-;;LB,CT;281,4;281,8;<
2022-02-02;16:27:24;281,8;;118;-;-;;LB,CT;281,4;281,8;<
2022-02-02;16:27:24;281,8;;82;-;-;;LB,CT;281,4;281,8;<
2022-02-02;16:25:56;282,2;;6;-;-;;LB,CT;281,8;282,2;>
2022-02-02;16:25:09;282;;44;-;-;;LB,CT;281,8;282,2;>
2022-02-02;16:25:09;282;;39;-;-;;LB,CT;281,8;282,2;>
2022-02-02;16:25:09;282;;66;-;-;;LB,CT;281,8;282,2;>
2022-02-02;16:25:06;281,6;;158;-;-;;LB,CT;281,2;281,6;>
2022-02-02;16:25:06;281,6;;140;-;-;;LB,CT;281,2;281,6;>
2022-02-02;16:25:06;281,6;;186;-;-;;LB,CT;281,2;281,6;>
2022-02-02;16:25:06;281,6;;1;-;-;;LB,CT;281,2;281,6;>
2022-02-02;16:25:06;281,6;;313;-;-;;LB,CT;281,2;281,6;>
2022-02-02;16:25:06;281,6;;95;-;-;;LB,CT;281,2;281,6;>
2022-02-02;16:25:06;281,6;;152;-;-;;LB,CT;281,2;281,6;>
2022-02-02;16:24:58;281,6;;128;-;-;;LB,CT;281,2;281,6;>
2022-02-02;16:24:58;281,6;;72;-;-;;LB,CT;281,2;281,6;>
2022-02-02;16:24:07;281,4;;234;-;-;CROS;PA,UA;281,2;281,6;
2022-02-02;16:24:07;281,4;;234;-;-;AOD;PA,UA;281,2;281,6;
2022-02-02;16:24:07;281,4;;66;-;-;;LB,CT;281,4;281,6;<
2022-02-02;16:24:07;281,4;;87;-;-;;LB,CT;281,4;281,6;<
2022-02-02;16:24:07;281,4;;55;-;-;;LB,CT;281,4;281,6;<
2022-02-02;16:24:07;281,4;;109;-;-;;LB,CT;281,4;281,6;<
2022-02-02;16:24:07;281,4;;166;-;-;;LB,CT;281,4;281,6;<
2022-02-02;16:24:07;281,4;;250;-;-;;LB,CT;281,4;281,6;<
2022-02-02;16:23:26;281,4;;219;-;-;CROS;PA,UA;281,2;281,6;
2022-02-02;16:23:26;281,4;;219;-;-;AOD;PA,UA;281,2;281,6;
2022-02-02;16:21:55;281;;8;-;-;;LB,CT;281;281,6;<
2022-02-02;16:21:09;281,2;;1;-;-;;LB,CT;281,2;281,6;<
2022-02-02;16:21:07;281,2;;39;-;-;;LB,CT;281,2;281,6;<
2022-02-02;16:21:01;281,6;;164;-;-;;LB,CT;281,6;282;<
2022-02-02;16:21:01;281,6;;84;-;-;;LB,CT;281,6;282;<
2022-02-02;16:21:01;281,6;;84;-;-;;LB,CT;281,6;282;<
2022-02-02;16:20:43;282;;15;-;-;;LB,CT;281,6;282;>
2022-02-02;16:20:03;281,8;;34;-;-;CROS;PA,UA;281,6;282;
2022-02-02;16:20:03;281,8;;34;-;-;AOD;PA,UA;281,6;282;
2022-02-02;16:19:33;281,8;;280;-;-;;LB,CT;281,6;282;>
2022-02-02;16:19:33;281,8;;21;-;-;;LB,CT;281,6;282;>
2022-02-02;16:19:23;281,6;;250;-;-;;LB,CT;281,2;281,6;>
2022-02-02;16:19:23;281,6;;120;-;-;;LB,CT;281,2;281,6;>
2022-02-02;16:19:23;281,6;;68;-;-;;LB,CT;281,2;281,6;>
2022-02-02;16:18:59;281,2;;131;-;-;;LB,CT;281,2;281,4;<
2022-02-02;16:18:58;281,4;;250;-;-;;LB,CT;281,2;281,6;<
2022-02-02;16:18:58;281,4;;120;-;-;;LB,CT;281,2;281,6;>
2022-02-02;16:18:58;281,4;;169;-;-;;LB,CT;281,2;281,6;>
2022-02-02;16:18:58;281,4;;81;-;-;;LB,CT;281,2;281,6;>
2022-02-02;16:18:42;281,4;;250;-;-;;LB,CT;281,4;281,6;<
2022-02-02;16:18:19;281,6;;115;-;-;;LB,CT;281,2;281,6;>
2022-02-02;16:18:19;281,6;;62;-;-;;LB,CT;281,2;281,6;>
2022-02-02;16:18:19;281,6;;323;-;-;;LB,CT;281,2;281,6;>
2022-02-02;16:17:43;281,6;;250;-;-;;LB,CT;281,8;282,2;<
2022-02-02;16:17:43;281,8;;199;-;-;;LB,CT;281,8;282,2;<
2022-02-02;16:16:31;282;;250;-;-;;LB,CT;281,8;282;>
2022-02-02;16:15:54;282;;1;-;-;;LB,CT;282;282,2;<
2022-02-02;16:15:25;282;;436;-;-;;LB,CT;281,8;282,2;>
2022-02-02;16:15:25;282;;73;-;-;;LB,CT;281,8;282,2;>
2022-02-02;16:15:25;282;;177;-;-;;LB,CT;281,8;282,2;>
2022-02-02;16:14:46;281,8;;52;-;-;;LB,CT;281,8;282;>
2022-02-02;16:14:46;281,8;;50;-;-;;LB,CT;281,6;281,8;>
2022-02-02;16:14:46;281,8;;2;-;-;;LB,CT;281,6;281,8;>
2022-02-02;16:14:46;281,8;;301;-;-;;LB,CT;281,6;281,8;>
2022-02-02;16:14:46;281,8;;30;-;-;;LB,CT;281,6;281,8;>
2022-02-02;16:14:40;281,8;;250;-;-;;LB,CT;281,6;282;<
2022-02-02;16:14:12;282;;87;-;-;;LB,CT;281,8;282,2;<
2022-02-02;16:14:12;282;;141;-;-;;LB,CT;281,8;282,2;<
2022-02-02;16:14:12;282;;250;-;-;;LB,CT;281,8;282,2;<
2022-02-02;16:13:52;282,2;;88;-;-;;LB,CT;282,2;282,4;<
2022-02-02;16:13:52;282,2;;37;-;-;;LB,CT;282,2;282,4;<
2022-02-02;16:13:52;282,2;;51;-;-;;LB,CT;282,2;282,4;<
2022-02-02;16:13:52;282,2;;54;-;-;;LB,CT;282,2;282,4;<
2022-02-02;16:13:52;282,2;;38;-;-;;LB,CT;282,2;282,4;<
2022-02-02;16:13:38;282,4;;121;-;-;;LB,CT;282,2;282,4;<
2022-02-02;16:13:38;282,4;;19;-;-;;LB,CT;282,2;282,4;<
2022-02-02;16:12:53;282,4;;1;-;-;STRO;OB,ON,PRIC,ALGO;282,2;282,6;>
2022-02-02;16:12:31;282,4;;54;-;-;;LB,CT;282,2;282,6;>
2022-02-02;16:12:31;282,4;;42;-;-;;LB,CT;282,2;282,6;>
2022-02-02;16:10:32;282,2;;250;-;-;;LB,CT;282;282,2;<
2022-02-02;16:10:07;282,2;;2;-;-;STRO;OB,ON,PRIC,ALGO;282;282,4;<
2022-02-02;16:10:00;282,2;;165;-;-;;LB,CT;282;282,4;<
2022-02-02;16:10:00;282,2;;40;-;-;;LB,CT;282;282,4;<
2022-02-02;16:09:38;282,4;;2;-;-;;LB,CT;282,2;282,6;>
2022-02-02;16:09:38;282,4;;10;-;-;;LB,CT;282,2;282,6;>
2022-02-02;16:09:37;282,2;;45;-;-;;LB,CT;282,2;282,4;<
2022-02-02;16:09:35;282,2;;250;-;-;;LB,CT;282;282,2;>
2022-02-02;16:09:35;282,2;;185;-;-;;LB,CT;282;282,2;>
2022-02-02;16:09:35;282,2;;220;-;-;;LB,CT;282;282,2;>
2022-02-02;16:09:20;282;;60;-;-;;LB,CT;281,8;282;>
2022-02-02;16:09:20;282;;21;-;-;;LB,CT;281,8;282;>
2022-02-02;16:09:20;282;;50;-;-;;LB,CT;281,8;282;>
2022-02-02;16:08:50;281,8;;203;-;-;;LB,CT;281,6;281,8;>
2022-02-02;16:08:50;281,8;;71;-;-;;LB,CT;281,6;281,8;>
2022-02-02;16:08:26;281,8;;250;-;-;;LB,CT;281,8;282;>
2022-02-02;16:08:26;281,8;;250;-;-;;LB,CT;281,8;282;>
2022-02-02;16:08:26;281,8;;371;-;-;;LB,CT;281,8;282;<
2022-02-02;16:08:26;281,8;;43;-;-;;LB,CT;281,8;282;<
2022-02-02;16:08:26;281,8;;98;-;-;;LB,CT;281,8;282;<
2022-02-02;16:08:26;281,8;;1;-;-;;LB,CT;281,8;282;<
2022-02-02;16:07:58;281,6;;237;-;-;;LB,CT;281,6;281,8;<
2022-02-02;16:07:58;281,6;;266;-;-;;LB,CT;281,6;281,8;>
2022-02-02;16:07:58;281,6;;19;-;-;;LB,CT;281,6;281,8;>
2022-02-02;16:07:58;281,6;;88;-;-;;LB,CT;281,6;281,8;>
2022-02-02;16:07:58;281,6;;138;-;-;;LB,CT;281,6;281,8;>
2022-02-02;16:07:58;281,6;;54;-;-;;LB,CT;281,6;281,8;>
2022-02-02;16:07:58;281,6;;31;-;-;;LB,CT;281,6;281,8;>
2022-02-02;16:06:54;281,4;;163;-;-;;LB,CT;281,2;281,4;>
2022-02-02;16:06:54;281,4;;26;-;-;;LB,CT;281,2;281,4;>
2022-02-02;16:06:54;281,4;;56;-;-;;LB,CT;281,2;281,4;>
2022-02-02;16:06:07;281,2;;171;-;-;;LB,CT;281;281,4;>
2022-02-02;16:06:07;281,2;;14;-;-;;LB,CT;281;281,4;>
2022-02-02;16:06:07;281,2;;39;-;-;;LB,CT;281;281,4;>
2022-02-02;16:06:07;281,2;;306;-;-;;LB,CT;281;281,4;>
2022-02-02;16:06:07;281,2;;72;-;-;;LB,CT;281;281,4;>
2022-02-02;16:04:42;281,4;;120;-;-;;LB,CT;281,2;281,6;>
2022-02-02;16:04:42;281,4;;196;-;-;;LB,CT;281,2;281,6;>
2022-02-02;16:04:42;281,4;;81;-;-;;LB,CT;281,2;281,6;>
2022-02-02;16:04:42;281,4;;169;-;-;;LB,CT;281,2;281,6;>
2022-02-02;16:04:42;281,4;;81;-;-;;LB,CT;281,2;281,6;>
2022-02-02;16:04:34;281,4;;250;-;-;;LB,CT;281,2;281,6;>
2022-02-02;16:04:31;281,4;;98;-;-;;LB,CT;281,2;281,4;>
2022-02-02;16:04:31;281,4;;129;-;-;;LB,CT;281,2;281,4;>
2022-02-02;16:04:31;281,4;;337;-;-;;LB,CT;281,2;281,4;>
2022-02-02;16:04:31;281,4;;27;-;-;;LB,CT;281,2;281,4;>
2022-02-02;16:03:27;281,4;;250;-;-;;LB,CT;281,2;281,4;<
2022-02-02;16:03:23;281,4;;33;-;-;;LB,CT;281,2;281,6;>
2022-02-02;16:03:23;281,4;;185;-;-;;LB,CT;281,2;281,6;>
2022-02-02;16:03:23;281,4;;99;-;-;;LB,CT;281,2;281,6;>
2022-02-02;16:03:23;281,4;;386;-;-;;LB,CT;281,2;281,6;>
2022-02-02;16:03:06;281,4;;98;-;-;;LB,CT;281,2;281,6;<
2022-02-02;16:03:06;281,4;;203;-;-;;LB,CT;281,2;281,6;<
2022-02-02;16:03:06;281,4;;41;-;-;;LB,CT;281,2;281,6;<
2022-02-02;16:01:06;281,6;;100;-;-;;LB,CT;281,6;281,8;>
2022-02-02;16:01:06;281,6;;175;-;-;;LB,CT;281,6;281,8;>
2022-02-02;16:01:06;281,6;;82;-;-;;LB,CT;281,6;281,8;>
2022-02-02;16:00:41;281,6;;84;-;-;CROS;PA,UA,ALGO;281,4;281,8;<
2022-02-02;16:00:07;281,6;;2;-;-;;LB,CT;281,6;281,8;<
2022-02-02;16:00:07;281,6;;126;-;-;;LB,CT;281,4;281,6;>
2022-02-02;16:00:07;281,6;;250;-;-;;LB,CT;281,4;281,6;>
2022-02-02;15:59:14;281,2;;159;-;-;;LB,CT;281,2;281,4;<
2022-02-02;15:59:03;281,2;;250;-;-;;LB,CT;281;281,4;>
2022-02-02;15:58:06;281,2;;48;-;-;;LB,CT;281;281,2;>
2022-02-02;15:58:06;281,2;;94;-;-;;LB,CT;281;281,2;>
2022-02-02;15:58:02;281,2;;4;-;-;;LB,CT;281;281,2;>
2022-02-02;15:57:53;281;;23;-;-;;LB,CT;281;281,2;<
2022-02-02;15:57:47;281,1;;9;-;-;CROS;PA,UA;281;281,2;
2022-02-02;15:57:47;281,1;;9;-;-;AOD;PA,UA;281;281,2;
2022-02-02;15:57:11;281,2;;11;-;-;;LB,CT;281;281,2;>
2022-02-02;15:57:11;281,2;;36;-;-;;LB,CT;281;281,2;>
2022-02-02;15:57:11;281,2;;438;-;-;;LB,CT;281;281,2;>
2022-02-02;15:57:11;281,2;;112;-;-;;LB,CT;281;281,2;>
2022-02-02;15:57:11;281,2;;112;-;-;;LB,CT;281;281,2;>
2022-02-02;15:57:11;281,2;;186;-;-;;LB,CT;281;281,2;>
2022-02-02;15:56:57;281,2;;169;-;-;;LB,CT;281,2;281,4;<
2022-02-02;15:56:14;281,4;;186;-;-;;LB,CT;281;281,4;>
2022-02-02;15:55:11;281,4;;13;-;-;CROS;PA,UA;281,2;281,6;
2022-02-02;15:55:11;281,4;;51;-;-;CROS;PA,UA;281,2;281,6;
2022-02-02;15:55:11;281,4;;167;-;-;CROS;PA,UA;281,2;281,6;
2022-02-02;15:55:11;281,4;;231;-;-;AOD;PA,UA;281,2;281,6;
2022-02-02;15:55:00;281,4;;190;-;-;;LB,CT;281,2;281,6;>
2022-02-02;15:55:00;281,4;;88;-;-;;LB,CT;281,2;281,6;>
2022-02-02;15:55:00;281,4;;250;-;-;;LB,CT;281,2;281,6;>
2022-02-02;15:54:24;281,4;;248;-;-;;LB,CT;281,2;281,6;>
2022-02-02;15:54:24;281,4;;19;-;-;;LB,CT;281,2;281,6;>
2022-02-02;15:53:24;281,2;;85;-;-;;LB,CT;281,2;281,4;<
2022-02-02;15:53:24;281,2;;93;-;-;;LB,CT;281,2;281,4;<
2022-02-02;15:53:24;281,2;;250;-;-;;LB,CT;281,2;281,4;<
2022-02-02;15:53:11;281,4;;9;-;-;CROS;PA,UA,ALGO;281,2;281,6;<
2022-02-02;15:53:09;281,4;;41;-;-;;LB,CT;281,4;281,6;<
2022-02-02;15:53:02;281,5;;43;-;-;CROS;PA,UA;281,4;281,6;
2022-02-02;15:53:02;281,5;;43;-;-;CROS;PA,UA;281,4;281,6;
2022-02-02;15:53:02;281,5;;86;-;-;AOD;PA,UA;281,4;281,6;
2022-02-02;15:52:29;281,5;;9;-;-;CROS;PA,UA,ALGO;281,4;281,6;>
2022-02-02;15:52:29;281,4;;176;-;-;;LB,CT;281,2;281,6;>
2022-02-02;15:52:29;281,4;;67;-;-;;LB,CT;281,2;281,6;>
2022-02-02;15:52:29;281,4;;112;-;-;;LB,CT;281,2;281,6;>
2022-02-02;15:52:29;281,4;;30;-;-;;LB,CT;281,2;281,6;>
2022-02-02;15:51:54;281,2;;15;-;-;;LB,CT;281,2;281,4;<
2022-02-02;15:51:46;281,4;;3;-;-;;LB,CT;281,2;281,4;>
2022-02-02;15:51:39;281,4;;137;-;-;;LB,CT;281,2;281,4;>
2022-02-02;15:51:38;281,2;;141;-;-;;LB,CT;281;281,2;>
2022-02-02;15:51:38;281,2;;17;-;-;;LB,CT;281;281,2;>
2022-02-02;15:51:21;281,2;;92;-;-;;LB,CT;281;281,2;>
2022-02-02;15:51:21;281,2;;150;-;-;;LB,CT;281;281,2;>
2022-02-02;15:51:10;281;;130;-;-;;LB,CT;280,8;281,2;>
2022-02-02;15:51:10;281;;161;-;-;;LB,CT;280,8;281;>
2022-02-02;15:51:10;281;;150;-;-;;LB,CT;280,8;281;>
2022-02-02;15:51:10;281;;118;-;-;;LB,CT;280,8;281;>
2022-02-02;15:51:08;280,8;;186;-;-;;LB,CT;280,8;281;>
2022-02-02;15:51:08;280,8;;37;-;-;;LB,CT;280,8;281;>
2022-02-02;15:51:08;280,8;;91;-;-;;LB,CT;280,8;281;>
2022-02-02;15:51:04;280,6;;23;-;-;;LB,CT;280,6;280,8;<
2022-02-02;15:51:04;280,6;;250;-;-;;LB,CT;280,6;280,8;<
2022-02-02;15:51:04;280,6;;59;-;-;;LB,CT;280,6;280,8;<
2022-02-02;15:51:04;280,6;;419;-;-;;LB,CT;280,6;280,8;<
2022-02-02;15:50:52;280,8;;63;-;-;;LB,CT;280,6;280,8;<
2022-02-02;15:50:52;280,8;;11;-;-;;LB,CT;280,6;280,8;<
2022-02-02;15:50:37;280,8;;258;-;-;;LB,CT;280,8;281;<
2022-02-02;15:50:36;280,8;;16;-;-;;LB,CT;280,8;281;<
2022-02-02;15:50:35;280,8;;3;-;-;;LB,CT;280,8;281;<
2022-02-02;15:50:15;281,2;;22;-;-;CROS;PA,UA;281;281,4;
2022-02-02;15:50:15;281,2;;454;-;-;CROS;PA,UA;281;281,4;
2022-02-02;15:50:15;281,2;;476;-;-;AOD;PA,UA;281;281,4;
2022-02-02;15:50:07;281,2;;468;-;-;;LB,CT;281;281,2;>
2022-02-02;15:50:07;281,2;;152;-;-;;LB,CT;281;281,2;>
2022-02-02;15:50:07;281,2;;40;-;-;;LB,CT;281;281,2;>
2022-02-02;15:50:07;281,2;;250;-;-;;LB,CT;281;281,2;>
2022-02-02;15:50:04;281,1;;6;-;-;CROS;PA,UA,ALGO;281;281,2;<
2022-02-02;15:50:04;281,1;;6;-;-;CROS;PA,UA,ALGO;281;281,2;<
2022-02-02;15:50:03;281;;36;-;-;;LB,CT;281;281,2;<
2022-02-02;15:50:03;281;;228;-;-;;LB,CT;281;281,2;<
2022-02-02;15:50:03;281;;339;-;-;;LB,CT;281;281,2;>
2022-02-02;15:50:03;281;;47;-;-;;LB,CT;281;281,2;>
2022-02-02;15:50:03;281;;363;-;-;;LB,CT;281;281,2;>
2022-02-02;15:50:03;281;;105;-;-;;LB,CT;281;281,2;>
2022-02-02;15:49:59;280,9;;62;-;-;CROS;PA,UA;280,8;281;
2022-02-02;15:49:59;280,9;;62;-;-;AOD;PA,UA;280,8;281;
2022-02-02;15:49:58;280,8;;74;-;-;;LB,CT;280,8;281;<
2022-02-02;15:49:58;280,8;;250;-;-;;LB,CT;280,8;281;<
2022-02-02;15:49:58;280,8;;102;-;-;;LB,CT;280,8;281;<
2022-02-02;15:49:58;280,8;;249;-;-;;LB,CT;280,8;281;<
2022-02-02;15:49:58;280,8;;186;-;-;HID;DB,CT;280,8;281;<
2022-02-02;15:49:58;280,8;;351;-;-;;LB,CT;280,8;281;<
2022-02-02;15:49:58;280,8;;87;-;-;;LB,CT;280,8;281;<
2022-02-02;15:49:58;280,8;;80;-;-;;LB,CT;280,8;281;<
2022-02-02;15:49:58;280,8;;8;-;-;;LB,CT;280,8;281;<
2022-02-02;15:49:58;280,8;;43;-;-;;LB,CT;280,8;281;<
2022-02-02;15:49:56;280,9;;8;-;-;CROS;PA,UA;280,8;281;
2022-02-02;15:49:56;280,9;;8;-;-;AOD;PA,UA;280,8;281;
2022-02-02;15:49:56;280,9;;8;-;-;CROS;PA,UA;280,8;281;
2022-02-02;15:49:56;280,9;;8;-;-;AOD;PA,UA;280,8;281;
2022-02-02;15:49:50;280,9;;7;-;-;CROS;PA,UA;280,8;281;
2022-02-02;15:49:50;280,9;;7;-;-;AOD;PA,UA;280,8;281;
2022-02-02;15:49:02;280,9;;37;-;-;CROS;PA,UA;280,8;281;
2022-02-02;15:49:02;280,9;;37;-;-;AOD;PA,UA;280,8;281;
2022-02-02;15:48:50;280,8;;1;-;-;;LB,CT;280,8;281;<
2022-02-02;15:48:50;280,8;;1;-;-;;LB,CT;280,8;281;<
2022-02-02;15:48:17;280,8;;42;-;-;;LB,CT;280,6;281;>
2022-02-02;15:48:17;280,8;;110;-;-;HID;DB,CT;280,6;280,8;>
2022-02-02;15:48:17;280,8;;140;-;-;;LB,CT;280,6;280,8;>
2022-02-02;15:48:17;280,8;;64;-;-;;LB,CT;280,6;280,8;>
2022-02-02;15:48:17;280,8;;250;-;-;;LB,CT;280,6;280,8;>
2022-02-02;15:48:17;280,8;;250;-;-;;LB,CT;280,6;280,8;>
2022-02-02;15:48:17;280,8;;150;-;-;;LB,CT;280,6;280,8;>
2022-02-02;15:48:17;280,8;;19;-;-;;LB,CT;280,6;280,8;>
2022-02-02;15:48:17;280,8;;312;-;-;HID;DB,CT;280,6;280,8;>
2022-02-02;15:48:17;280,8;;312;-;-;;LB,CT;280,6;280,8;>
2022-02-02;15:48:17;280,8;;64;-;-;;LB,CT;280,6;280,8;>
2022-02-02;15:48:17;280,8;;107;-;-;;LB,CT;280,6;280,8;>
2022-02-02;15:48:17;280,8;;88;-;-;;LB,CT;280,6;280,8;>
2022-02-02;15:48:17;280,8;;186;-;-;;LB,CT;280,6;280,8;>
2022-02-02;15:47:29;280,8;;37;-;-;;LB,CT;280,6;281;<
2022-02-02;15:47:29;280,8;;90;-;-;;LB,CT;280,6;281;<
2022-02-02;15:46:16;281,2;;72;-;-;;LB,CT;281;281,2;>
2022-02-02;15:46:16;281,2;;1;-;-;;LB,CT;281;281,2;>
2022-02-02;15:46:12;281,2;;138;-;-;;LB,CT;281;281,2;>
2022-02-02;15:46:02;281,3;;32;-;-;CROS;PA,UA;281,2;281,4;
2022-02-02;15:46:02;281,3;;48;-;-;CROS;PA,UA;281,2;281,4;
2022-02-02;15:46:02;281,3;;80;-;-;AOD;PA,UA;281,2;281,4;
2022-02-02;15:45:59;281,2;;49;-;-;;LB,CT;281,2;281,4;<
2022-02-02;15:45:59;281,2;;91;-;-;;LB,CT;281,2;281,4;<
2022-02-02;15:45:14;281,2;;72;-;-;;LB,CT;281,2;281,4;<
2022-02-02;15:45:14;281,4;;90;-;-;;LB,CT;281,2;281,6;<
2022-02-02;15:45:14;281,4;;250;-;-;;LB,CT;281,2;281,6;<
2022-02-02;15:45:06;281,6;;314;-;-;;LB,CT;281,6;281,8;<
2022-02-02;15:45:06;281,6;;220;-;-;;LB,CT;281,6;281,8;>
2022-02-02;15:45:02;281,4;;210;-;-;;LB,CT;281,2;281,4;>
2022-02-02;15:45:02;281,4;;40;-;-;;LB,CT;281,2;281,4;>
2022-02-02;15:45:02;281,4;;73;-;-;;LB,CT;281,2;281,4;>
2022-02-02;15:44:46;281,2;;44;-;-;CROS;PA,UA;281;281,4;
2022-02-02;15:44:46;281,2;;44;-;-;AOD;PA,UA;281;281,4;
2022-02-02;15:44:40;281,2;;9;-;-;CROS;PA,UA;281;281,4;
2022-02-02;15:44:40;281,2;;9;-;-;AOD;PA,UA;281;281,4;
2022-02-02;15:44:40;281,2;;13;-;-;CROS;PA,UA;281;281,4;
2022-02-02;15:44:40;281,2;;13;-;-;AOD;PA,UA;281;281,4;
2022-02-02;15:44:35;281,2;;12;-;-;CROS;PA,UA;281;281,4;
2022-02-02;15:44:35;281,2;;12;-;-;AOD;PA,UA;281;281,4;
2022-02-02;15:44:32;281,2;;244;-;-;;LB,CT;281;281,2;>
2022-02-02;15:44:32;281,2;;47;-;-;;LB,CT;281;281,2;>
2022-02-02;15:44:32;281,2;;250;-;-;;LB,CT;281;281,2;>
2022-02-02;15:44:28;281;;1;-;-;;LB,CT;281;281,2;<
2022-02-02;15:44:28;281;;40;-;-;;LB,CT;281;281,2;>
2022-02-02;15:44:28;281;;250;-;-;;LB,CT;281;281,2;>
2022-02-02;15:44:09;280,9;;62;-;-;CROS;PA,UA,ALGO;280,8;281;<
2022-02-02;15:44:03;280,8;;250;-;-;;LB,CT;280,8;281,2;<
2022-02-02;15:44:03;280,8;;82;-;-;;LB,CT;280,8;281,2;<
2022-02-02;15:44:03;280,8;;90;-;-;;LB,CT;280,8;281,2;<
2022-02-02;15:43:33;281;;57;-;-;CROS;PA,UA;280,8;281,2;
2022-02-02;15:43:33;281;;57;-;-;AOD;PA,UA;280,8;281,2;
2022-02-02;15:42:31;281,2;;2;-;-;;LB,CT;281,2;281,4;<
2022-02-02;15:42:31;281,2;;250;-;-;;LB,CT;281,2;281,4;>
2022-02-02;15:42:02;281,2;;250;-;-;;LB,CT;281;281,4;>
2022-02-02;15:41:35;281,2;;82;-;-;;LB,CT;281;281,2;>
2022-02-02;15:41:35;281,2;;90;-;-;;LB,CT;281;281,2;<
2022-02-02;15:41:35;281,2;;4;-;-;;LB,CT;281;281,2;<
2022-02-02;15:40:02;281,4;;25;-;-;;LB,CT;281,2;281,6;<
2022-02-02;15:39:32;281,4;;145;-;-;;LB,CT;281,2;281,6;<
2022-02-02;15:39:32;281,4;;94;-;-;;LB,CT;281,2;281,6;<
2022-02-02;15:39:32;281,4;;156;-;-;;LB,CT;281,2;281,6;<
2022-02-02;15:39:32;281,4;;93;-;-;;LB,CT;281,2;281,6;<
2022-02-02;15:38:36;281,6;;78;-;-;CROS;PA,UA;281,4;281,8;
2022-02-02;15:38:36;281,6;;78;-;-;AOD;PA,UA;281,4;281,8;
2022-02-02;15:38:35;281,8;;100;-;-;;LB,CT;281,4;281,8;>
2022-02-02;15:36:57;281,6;;59;-;-;;LB,CT;281,2;281,6;>
2022-02-02;15:36:57;281,6;;12;-;-;;LB,CT;281,2;281,6;>
2022-02-02;15:36:43;281,4;;244;-;-;;LB,CT;281,2;281,6;<
2022-02-02;15:36:42;281,2;;1;-;-;;LB,CT;281;281,2;<
2022-02-02;15:36:42;281,2;;8;-;-;;LB,CT;281;281,2;>
2022-02-02;15:36:22;281,2;;61;-;-;;LB,CT;280,8;281,2;<
2022-02-02;15:36:09;281,3;;88;-;-;CROS;PA,UA;281,2;281,4;
2022-02-02;15:36:09;281,3;;88;-;-;AOD;PA,UA;281,2;281,4;
2022-02-02;15:35:44;281,3;;76;-;-;CROS;PA,UA,ALGO;281,2;281,4;>
2022-02-02;15:35:32;281,4;;7;-;-;;LB,CT;281,2;281,6;>
2022-02-02;15:35:32;281,4;;48;-;-;;LB,CT;281,2;281,6;>
2022-02-02;15:35:32;281,4;;21;-;-;;LB,CT;281,2;281,6;>
2022-02-02;15:35:16;281,2;;12;-;-;;LB,CT;281;281,4;>
2022-02-02;15:35:16;281,2;;158;-;-;;LB,CT;281;281,4;>
2022-02-02;15:35:16;281,2;;250;-;-;;LB,CT;281;281,4;>
2022-02-02;15:35:15;281;;54;-;-;;LB,CT;280,8;281;>
2022-02-02;15:35:15;281;;14;-;-;;LB,CT;280,8;281;>
2022-02-02;15:35:15;281;;10;-;-;;LB,CT;280,8;281;>
2022-02-02;15:35:11;280,8;;38;-;-;;LB,CT;280,6;281;<
2022-02-02;15:35:11;280,8;;8;-;-;;LB,CT;280,4;280,8;<
2022-02-02;15:35:11;280,8;;13;-;-;;LB,CT;280,4;280,8;>
2022-02-02;15:35:11;280,8;;1;-;-;;LB,CT;280,4;280,8;>
2022-02-02;15:35:11;280,8;;59;-;-;;LB,CT;280,4;280,8;>
2022-02-02;15:35:11;280,8;;110;-;-;;LB,CT;280,4;280,8;>
2022-02-02;15:35:11;280,8;;409;-;-;;LB,CT;280,4;280,8;>
2022-02-02;15:35:11;280,8;;233;-;-;;LB,CT;280,4;280,8;>
2022-02-02;15:35:11;280,8;;17;-;-;;LB,CT;280,4;280,8;>
2022-02-02;15:33:13;280,6;;57;-;-;CROS;PA,UA;280,4;280,8;
2022-02-02;15:33:13;280,6;;57;-;-;AOD;PA,UA;280,4;280,8;
2022-02-02;15:32:58;280,6;;158;-;-;;LB,CT;280,4;280,8;>
2022-02-02;15:32:58;280,6;;51;-;-;;LB,CT;280,4;280,8;>
2022-02-02;15:32:58;280,6;;60;-;-;;LB,CT;280,4;280,8;>
2022-02-02;15:32:24;280,4;;196;-;-;;LB,CT;280,4;280,6;<
2022-02-02;15:32:24;280,4;;54;-;-;;LB,CT;280,4;280,6;<
2022-02-02;15:32:24;280,4;;16;-;-;;LB,CT;280,4;280,6;<
2022-02-02;15:32:22;280,5;;76;-;-;CROS;PA,UA;280,4;280,6;
2022-02-02;15:32:22;280,5;;76;-;-;AOD;PA,UA;280,4;280,6;
2022-02-02;15:32:15;280,4;;102;-;-;;LB,CT;280,2;280,6;<
2022-02-02;15:30:54;280,4;;259;-;-;CROS;PA,UA,ALGO;280,2;280,6;>
2022-02-02;15:30:45;280,4;;250;-;-;;LB,CT;280,2;280,4;>
2022-02-02;15:30:45;280,4;;53;-;-;;LB,CT;280,2;280,4;>
2022-02-02;15:30:45;280,4;;65;-;-;;LB,CT;280,2;280,4;>
2022-02-02;15:30:43;280,2;;82;-;-;;LB,CT;280;280,4;<
2022-02-02;15:30:43;280,2;;250;-;-;;LB,CT;280;280,4;<
2022-02-02;15:30:37;280,4;;12;-;-;;LB,CT;280,4;280,6;<
2022-02-02;15:30:37;280,4;;238;-;-;;LB,CT;280,4;280,6;<
2022-02-02;15:30:37;280,4;;82;-;-;;LB,CT;280,4;280,6;<
2022-02-02;15:30:37;280,4;;139;-;-;;LB,CT;280,4;280,6;<
2022-02-02;15:30:37;280,4;;250;-;-;;LB,CT;280,4;280,6;<
2022-02-02;15:29:02;280,4;;77;-;-;;LB,CT;280,4;280,6;>
2022-02-02;15:29:02;280,4;;1;-;-;;LB,CT;280,4;280,6;>
2022-02-02;15:27:55;280,3;;86;-;-;CROS;PA,UA;280,2;280,4;
2022-02-02;15:27:55;280,3;;86;-;-;AOD;PA,UA;280,2;280,4;
2022-02-02;15:27:54;280,4;;88;-;-;;LB,CT;280,2;280,6;<
2022-02-02;15:27:54;280,4;;35;-;-;;LB,CT;280,2;280,6;<
2022-02-02;15:27:54;280,4;;117;-;-;;LB,CT;280,2;280,6;<
2022-02-02;15:27:28;280,4;;27;-;-;;LB,CT;280,4;280,8;<
2022-02-02;15:27:28;280,4;;230;-;-;;LB,CT;280,4;280,8;<
2022-02-02;15:27:28;280,4;;250;-;-;;LB,CT;280,4;280,8;<
2022-02-02;15:25:52;280,6;;60;-;-;;LB,CT;280,4;280,8;<
2022-02-02;15:25:52;280,6;;54;-;-;;LB,CT;280,4;280,6;>
2022-02-02;15:25:52;280,6;;63;-;-;;LB,CT;280,4;280,6;>
2022-02-02;15:25:07;280,4;;80;-;-;;LB,CT;280,2;280,4;>
2022-02-02;15:25:07;280,4;;5;-;-;;LB,CT;280,2;280,4;>
2022-02-02;15:22:35;280,4;;77;-;-;CROS;PA,UA,ALGO;280,2;280,6;>
2022-02-02;15:22:31;280,6;;79;-;-;;LB,CT;280,2;280,6;>
2022-02-02;15:22:31;280,6;;21;-;-;;LB,CT;280,2;280,6;>
2022-02-02;15:21:41;280,4;;97;-;-;;LB,CT;280,4;280,6;<
2022-02-02;15:21:41;280,4;;130;-;-;;LB,CT;280,4;280,6;<
2022-02-02;15:21:41;280,4;;250;-;-;;LB,CT;280,4;280,6;<
2022-02-02;15:21:41;280,4;;250;-;-;;LB,CT;280,4;280,6;>
2022-02-02;15:21:41;280,4;;250;-;-;;LB,CT;280,4;280,6;>
2022-02-02;15:21:41;280,4;;280;-;-;;LB,CT;280,4;280,6;>
2022-02-02;15:21:41;280,4;;250;-;-;;LB,CT;280,4;280,6;>
2022-02-02;15:20:43;280,2;;234;-;-;;LB,CT;280;280,4;<
2022-02-02;15:20:43;280,2;;19;-;-;;LB,CT;280;280,4;>
2022-02-02;15:20:43;280,2;;15;-;-;;LB,CT;280;280,4;>
2022-02-02;15:20:43;280;;194;-;-;;LB,CT;280;280,4;<
2022-02-02;15:20:43;280;;166;-;-;;LB,CT;280;280,4;<
2022-02-02;15:20:43;280;;106;-;-;;LB,CT;280;280,4;<
2022-02-02;15:20:43;280;;194;-;-;;LB,CT;280;280,4;<
2022-02-02;15:20:43;280;;246;-;-;;LB,CT;280;280,4;<
2022-02-02;15:17:45;280,2;;230;-;-;;LB,CT;280;280,2;<
2022-02-02;15:17:45;280,2;;54;-;-;;LB,CT;280;280,2;>
2022-02-02;15:17:45;280,2;;35;-;-;;LB,CT;280;280,2;>
2022-02-02;15:17:45;280,2;;63;-;-;;LB,CT;280;280,2;>
2022-02-02;15:17:45;280,2;;6;-;-;;LB,CT;280;280,2;>
2022-02-02;15:17:45;280,2;;4;-;-;;LB,CT;280;280,2;>
2022-02-02;15:10:47;280,2;;513;-;-;CROS;PA,UA;280;280,4;
2022-02-02;15:10:47;280,2;;513;-;-;AOD;PA,UA;280;280,4;
2022-02-02;15:07:45;280,2;;123;-;-;;LB,CT;280;280,2;>
2022-02-02;15:07:45;280,2;;78;-;-;;LB,CT;280;280,2;>
2022-02-02;15:07:45;280,2;;70;-;-;;LB,CT;280;280,2;>
2022-02-02;15:06:27;280;;4;-;-;;LB,CT;280;280,2;<
2022-02-02;15:06:20;280,1;;79;-;-;CROS;PA,UA;280;280,2;
2022-02-02;15:06:20;280,1;;79;-;-;AOD;PA,UA;280;280,2;
2022-02-02;15:06:20;280,1;;79;-;-;CROS;PA,UA;280;280,2;
2022-02-02;15:06:20;280,1;;79;-;-;AOD;PA,UA;280;280,2;
2022-02-02;15:06:20;280,1;;25;-;-;CROS;PA,UA;280;280,2;
2022-02-02;15:06:20;280,1;;25;-;-;AOD;PA,UA;280;280,2;
2022-02-02;15:04:24;280,2;;24;-;-;;LB,CT;280;280,2;>
2022-02-02;15:04:02;280,2;;226;-;-;;LB,CT;280;280,2;>
2022-02-02;15:04:02;280,2;;328;-;-;;LB,CT;280;280,2;>
2022-02-02;15:03:57;280;;600;-;-;HID;DB,CT;280;280,2;<
2022-02-02;15:03:57;280;;194;-;-;;LB,CT;280;280,2;<
2022-02-02;15:03:57;280;;194;-;-;;LB,CT;280;280,2;<
2022-02-02;15:03:57;280;;175;-;-;;LB,CT;280;280,2;<
2022-02-02;15:03:57;280;;175;-;-;;LB,CT;280;280,2;<
2022-02-02;15:03:57;280;;147;-;-;;LB,CT;280;280,2;<
2022-02-02;15:03:57;280;;175;-;-;;LB,CT;280;280,2;<
2022-02-02;15:03:57;280;;106;-;-;;LB,CT;280;280,2;<
2022-02-02;15:03:57;280;;15;-;-;;LB,CT;280;280,2;<
2022-02-02;15:03:57;280;;175;-;-;;LB,CT;280;280,2;<
2022-02-02;15:02:46;280;;37;-;-;;LB,CT;280;280,2;<
2022-02-02;15:02:23;280,1;;54;-;-;CROS;PA,UA;280;280,2;
2022-02-02;15:02:23;280,1;;54;-;-;AOD;PA,UA;280;280,2;
2022-02-02;15:01:36;280,2;;54;-;-;;LB,CT;280;280,4;>
2022-02-02;15:01:36;280,2;;168;-;-;;LB,CT;280;280,4;>
2022-02-02;15:00:07;280;;169;-;-;;LB,CT;280;280,2;<
2022-02-02;15:00:07;280;;86;-;-;;LB,CT;280;280,2;<
2022-02-02;15:00:07;280;;175;-;-;;LB,CT;280;280,2;<
2022-02-02;15:00:07;280;;250;-;-;;LB,CT;280;280,2;<
2022-02-02;14:59:51;280,1;;24;-;-;CROS;PA,UA,ALGO;280;280,2;>
2022-02-02;14:59:49;280,2;;1;-;-;;LB,CT;280;280,2;>
2022-02-02;14:57:29;280;;175;-;-;;LB,CT;280;280,2;<
2022-02-02;14:57:29;280;;175;-;-;;LB,CT;280;280,2;<
2022-02-02;14:56:26;280,2;;81;-;-;;LB,CT;280;280,4;<
2022-02-02;14:56:26;280,2;;178;-;-;;LB,CT;280;280,4;<
2022-02-02;14:55:18;280,2;;89;-;-;;LB,CT;280;280,2;>
2022-02-02;14:55:18;280,2;;45;-;-;;LB,CT;280;280,2;>
2022-02-02;14:53:07;280,2;;10;-;-;;LB,CT;280;280,2;>
2022-02-02;14:52:09;280;;189;-;-;;LB,CT;280;280,2;<
2022-02-02;14:52:09;280;;175;-;-;;LB,CT;280;280,2;<
2022-02-02;14:51:23;280,2;;21;-;-;;LB,CT;280;280,2;<
2022-02-02;14:50:17;280,2;;250;-;-;;LB,CT;280;280,4;<
2022-02-02;14:50:17;280,2;;13;-;-;;LB,CT;280;280,4;<
2022-02-02;14:48:25;280,2;;36;-;-;;LB,CT;280,2;280,4;<
2022-02-02;14:48:25;280,2;;21;-;-;;LB,CT;280,2;280,4;<
2022-02-02;14:48:25;280,2;;218;-;-;;LB,CT;280,2;280,4;<
2022-02-02;14:48:23;280,4;;25;-;-;;LB,CT;280,2;280,4;>
2022-02-02;14:48:10;280,4;;4;-;-;;LB,CT;280,2;280,4;>
2022-02-02;14:48:10;280,2;;32;-;-;;LB,CT;280,2;280,4;<
2022-02-02;14:48:10;280,4;;22;-;-;;LB,CT;280,2;280,4;<
2022-02-02;14:48:10;280,4;;168;-;-;;LB,CT;280,2;280,4;<
2022-02-02;14:47:56;280,6;;87;-;-;;LB,CT;280,4;280,6;>
2022-02-02;14:47:56;280,6;;10;-;-;;LB,CT;280,4;280,6;>
2022-02-02;14:45:58;280,4;;180;-;-;;LB,CT;280,2;280,6;>
2022-02-02;14:45:41;280,2;;62;-;-;;LB,CT;280;280,2;>
2022-02-02;14:45:41;280,2;;127;-;-;;LB,CT;280;280,2;>
2022-02-02;14:45:16;280;;237;-;-;HID;DB,CT;280;280,2;<
2022-02-02;14:45:16;280;;175;-;-;;LB,CT;280;280,2;<
2022-02-02;14:45:06;280;;13;-;-;;LB,CT;280;280,2;<
2022-02-02;14:45:06;280;;159;-;-;;LB,CT;280;280,2;<
2022-02-02;14:45:06;280;;16;-;-;;LB,CT;280;280,2;<
2022-02-02;14:45:06;280;;250;-;-;HID;DB,CT;280;280,2;<
2022-02-02;14:45:06;280;;172;-;-;;LB,CT;280;280,2;<
2022-02-02;14:45:04;280,2;;22;-;-;;LB,CT;280;280,4;<
2022-02-02;14:45:04;280,4;;84;-;-;;LB,CT;280;280,4;>
2022-02-02;14:45:04;280,2;;70;-;-;;LB,CT;280;280,4;<
2022-02-02;14:45:04;280,4;;51;-;-;;LB,CT;280;280,4;<
2022-02-02;14:45:04;280,4;;167;-;-;;LB,CT;280;280,4;<
2022-02-02;14:45:04;280,4;;22;-;-;;LB,CT;280;280,4;<
2022-02-02;14:45:04;280,4;;250;-;-;;LB,CT;280;280,4;<
2022-02-02;14:38:52;280,6;;740;-;-;HID;DB,CT;280,4;280,6;>
2022-02-02;14:38:52;280,6;;10;-;-;;LB,CT;280,4;280,6;>
2022-02-02;14:38:52;280,6;;250;-;-;;LB,CT;280,4;280,6;>
2022-02-02;14:38:52;280,6;;1;-;-;;LB,CT;280,4;280,6;>
2022-02-02;14:34:28;280,4;;250;-;-;;LB,CT;280,4;280,6;<
2022-02-02;14:34:28;280,4;;250;-;-;;LB,CT;280,4;280,6;<
2022-02-02;14:34:28;280,4;;166;-;-;;LB,CT;280,4;280,6;<
2022-02-02;14:34:28;280,4;;84;-;-;;LB,CT;280,4;280,6;<
2022-02-02;14:34:28;280,4;;47;-;-;;LB,CT;280,4;280,6;<
2022-02-02;14:34:28;280,4;;45;-;-;;LB,CT;280,4;280,6;<
2022-02-02;14:33:58;280,6;;74;-;-;;LB,CT;280,4;280,8;>
2022-02-02;14:33:58;280,6;;23;-;-;;LB,CT;280,4;280,8;>
2022-02-02;14:33:58;280,6;;250;-;-;;LB,CT;280,4;280,8;>
2022-02-02;14:28:59;280,8;;75;-;-;;LB,CT;280,6;280,8;>
2022-02-02;14:27:25;280,8;;20;-;-;;LB,CT;280,6;280,8;>
2022-02-02;14:27:13;280,6;;1;-;-;STRO;OB,ON,PRIC,ALGO;280,4;280,8;<
2022-02-02;14:25:09;280,6;;97;-;-;;LB,CT;280,6;280,8;<
2022-02-02;14:25:09;280,6;;250;-;-;;LB,CT;280,6;280,8;<
2022-02-02;14:25:09;280,6;;276;-;-;;LB,CT;280,6;280,8;>
2022-02-02;14:25:09;280,6;;3;-;-;;LB,CT;280,6;280,8;<
2022-02-02;14:23:36;280,8;;10;-;-;STRO;OB,ON,PRIC,ALGO;280,6;281;>
2022-02-02;14:22:55;280,8;;10;-;-;;LB,CT;280,6;280,8;>
2022-02-02;14:18:08;280,6;;21;-;-;;LB,CT;280,6;280,8;<
2022-02-02;14:18:08;280,6;;2;-;-;;LB,CT;280,6;280,8;<
2022-02-02;14:17:03;280,6;;170;-;-;;LB,CT;280,4;280,6;>
2022-02-02;14:17:03;280,6;;566;-;-;;LB,CT;280,4;280,6;>
2022-02-02;14:15:13;280,4;;250;-;-;;LB,CT;280,2;280,6;>
2022-02-02;14:11:04;280,4;;370;-;-;;LB,CT;280,2;280,4;<
2022-02-02;14:11:04;280,4;;51;-;-;;LB,CT;280,2;280,4;>
2022-02-02;14:11:04;280,4;;166;-;-;;LB,CT;280,2;280,4;>
2022-02-02;14:11:02;280,3;;34;-;-;CROS;PA,UA;280,2;280,4;>
2022-02-02;14:10:51;280,2;;53;-;-;;LB,CT;280;280,2;>
2022-02-02;14:10:51;280,2;;82;-;-;;LB,CT;280;280,2;>
2022-02-02;14:10:51;280,2;;85;-;-;;LB,CT;280;280,2;>
2022-02-02;14:10:51;280,2;;65;-;-;;LB,CT;280;280,2;>
2022-02-02;14:10:51;280,2;;178;-;-;;LB,CT;280;280,2;>
2022-02-02;14:10:15;280;;3;-;-;;LB,CT;280;280,2;<
2022-02-02;14:10:07;280;;35;-;-;HID;DB,CT;280;280,2;<
2022-02-02;14:10:07;280;;175;-;-;;LB,CT;280;280,2;<
2022-02-02;14:09:52;280;;59;-;-;HID;DB,CT;280;280,2;<
2022-02-02;14:09:52;280;;175;-;-;;LB,CT;280;280,2;<
2022-02-02;14:09:36;280;;82;-;-;;LB,CT;280;280,2;<
2022-02-02;14:09:36;280;;73;-;-;;LB,CT;280;280,2;<
2022-02-02;14:09:36;280;;250;-;-;;LB,CT;280;280,2;<
2022-02-02;14:09:36;280;;175;-;-;;LB,CT;280;280,2;<
2022-02-02;14:09:24;280,2;;228;-;-;;LB,CT;280;280,2;>
2022-02-02;14:09:20;280,2;;30;-;-;;LB,CT;280;280,2;<
2022-02-02;14:09:20;280,2;;54;-;-;;LB,CT;280;280,2;<
2022-02-02;14:09:20;280,2;;30;-;-;;LB,CT;280;280,2;<
2022-02-02;14:09:20;280,2;;61;-;-;;LB,CT;280;280,2;<
2022-02-02;14:09:20;280,2;;23;-;-;;LB,CT;280;280,2;<
2022-02-02;14:09:20;280,4;;33;-;-;;LB,CT;280,2;280,4;>
2022-02-02;14:09:20;280,4;;250;-;-;;LB,CT;280,2;280,4;<
2022-02-02;14:09:20;280,4;;158;-;-;HID;DB,CT;280,2;280,4;<
2022-02-02;14:09:20;280,4;;250;-;-;;LB,CT;280,2;280,4;<
2022-02-02;14:09:20;280,4;;35;-;-;;LB,CT;280,2;280,4;<
2022-02-02;14:09:20;280,4;;251;-;-;;LB,CT;280,2;280,4;<
2022-02-02;14:09:20;280,4;;360;-;-;HID;DB,CT;280,2;280,4;<
2022-02-02;14:09:20;280,4;;21;-;-;;LB,CT;280,2;280,4;<
2022-02-02;14:09:20;280,4;;286;-;-;;LB,CT;280,2;280,4;<
2022-02-02;14:08:48;280,6;;57;-;-;;LB,CT;280,4;280,6;<
2022-02-02;14:08:48;280,6;;22;-;-;;LB,CT;280,4;280,6;<
2022-02-02;14:08:48;280,6;;250;-;-;;LB,CT;280,4;280,6;<
2022-02-02;14:08:19;280,8;;22;-;-;;LB,CT;280,6;280,8;<
2022-02-02;14:08:15;281;;1;-;-;;LB,CT;280,8;281,2;<
2022-02-02;14:08:15;281,2;;336;-;-;;LB,CT;280,8;281,2;>
2022-02-02;14:08:15;281,2;;250;-;-;;LB,CT;280,8;281,2;>
2022-02-02;14:08:15;281,2;;67;-;-;;LB,CT;280,8;281,2;>
2022-02-02;14:08:15;281;;250;-;-;;LB,CT;280,6;280,8;>
2022-02-02;14:08:15;281;;70;-;-;;LB,CT;280,6;280,8;>
2022-02-02;14:08:15;280,8;;250;-;-;;LB,CT;280,6;280,8;>
2022-02-02;14:08:15;280,8;;66;-;-;;LB,CT;280,6;280,8;>
2022-02-02;14:08:15;280,8;;138;-;-;;LB,CT;280,6;280,8;>
2022-02-02;14:05:48;280,8;;126;-;-;;LB,CT;280,6;280,8;>
2022-02-02;14:05:10;280,8;;52;-;-;;LB,CT;280,8;281;>
2022-02-02;14:05:10;280,8;;340;-;-;;LB,CT;280,8;281;>
2022-02-02;14:05:10;280,6;;300;-;-;;LB,CT;280,8;281;>
2022-02-02;14:05:10;280,6;;250;-;-;;LB,CT;280,8;281;<
2022-02-02;14:05:10;280,6;;20;-;-;;LB,CT;280,8;281;<
2022-02-02;14:05:10;280,6;;21;-;-;;LB,CT;280,8;281;<
2022-02-02;14:05:10;280,6;;220;-;-;;LB,CT;280,8;281;<
2022-02-02;14:05:10;280,6;;30;-;-;;LB,CT;280,8;281;<
2022-02-02;14:05:10;280,8;;157;-;-;;LB,CT;280,8;281;<
2022-02-02;14:05:10;280,8;;93;-;-;;LB,CT;280,8;281;<
2022-02-02;14:04:16;280,8;;9;-;-;;LB,CT;280,6;281;>
2022-02-02;14:04:16;280,8;;199;-;-;;LB,CT;280,6;280,8;>
2022-02-02;14:04:16;280,8;;40;-;-;;LB,CT;280,6;280,8;>
2022-02-02;14:03:26;280,6;;2;-;-;;LB,CT;280,4;280,8;<
2022-02-02;14:03:26;280,6;;25;-;-;;LB,CT;280,4;280,8;<
2022-02-02;14:03:26;280,6;;132;-;-;;LB,CT;280,4;280,8;>
2022-02-02;14:03:26;280,6;;57;-;-;;LB,CT;280,4;280,8;>
2022-02-02;14:03:26;280,6;;97;-;-;;LB,CT;280,4;280,8;>
2022-02-02;14:03:15;280,4;;87;-;-;;LB,CT;280,4;280,6;<
2022-02-02;14:03:15;280,4;;62;-;-;;LB,CT;280,4;280,6;<
2022-02-02;14:03:15;280,4;;286;-;-;;LB,CT;280,4;280,6;<
2022-02-02;14:03:15;280,4;;26;-;-;;LB,CT;280,4;280,6;<
2022-02-02;14:03:09;280,4;;224;-;-;;LB,CT;280,4;280,6;<
2022-02-02;14:03:08;280,4;;250;-;-;HID;DB,CT;280,4;280,6;<
2022-02-02;14:03:08;280,4;;257;-;-;;LB,CT;280,4;280,6;<
2022-02-02;14:03:08;280,4;;257;-;-;;LB,CT;280,4;280,6;<
2022-02-02;14:03:08;280,4;;250;-;-;HID;DB,CT;280,4;280,6;<
2022-02-02;14:03:08;280,4;;258;-;-;;LB,CT;280,4;280,6;<
2022-02-02;14:03:08;280,4;;258;-;-;;LB,CT;280,4;280,6;<
2022-02-02;14:03:08;280,4;;258;-;-;;LB,CT;280,4;280,6;<
2022-02-02;14:03:07;280,4;;140;-;-;;LB,CT;280,4;280,6;<
2022-02-02;14:03:06;280,4;;118;-;-;;LB,CT;280,4;280,6;<
2022-02-02;14:03:04;280,4;;250;-;-;;LB,CT;280,4;280,6;<
2022-02-02;14:03:04;280,4;;37;-;-;;LB,CT;280,4;280,6;<
2022-02-02;14:03:04;280,4;;129;-;-;;LB,CT;280,4;280,6;<
2022-02-02;14:03:04;280,4;;258;-;-;;LB,CT;280,4;280,6;<
2022-02-02;14:01:49;280,6;;50;-;-;;LB,CT;280,4;280,6;>
2022-02-02;13:59:51;280,4;;250;-;-;;LB,CT;280,4;280,6;<
2022-02-02;13:59:51;280,4;;258;-;-;;LB,CT;280,4;280,6;<
2022-02-02;13:59:04;280,6;;59;-;-;;LB,CT;280,4;280,8;>
2022-02-02;13:59:04;280,6;;28;-;-;;LB,CT;280,4;280,8;>
2022-02-02;13:59:04;280,4;;250;-;-;;LB,CT;280,4;280,8;<
2022-02-02;13:59:04;280,4;;22;-;-;;LB,CT;280,4;280,8;<
2022-02-02;13:59:04;280,4;;258;-;-;;LB,CT;280,4;280,8;<
2022-02-02;13:57:05;280,6;;87;-;-;;LB,CT;280,6;281;<
2022-02-02;13:57:05;280,6;;22;-;-;;LB,CT;280,6;281;<
2022-02-02;13:56:39;280,8;;64;-;-;;LB,CT;280,8;281;<
2022-02-02;13:56:39;280,8;;68;-;-;;LB,CT;280,8;281;>
2022-02-02;13:56:39;280,8;;96;-;-;;LB,CT;280,8;281;>
2022-02-02;13:56:39;280,8;;407;-;-;;LB,CT;280,8;281;>
2022-02-02;13:54:47;280,6;;115;-;-;;LB,CT;280,4;280,6;<
2022-02-02;13:54:47;280,6;;85;-;-;;LB,CT;280,4;280,6;>
2022-02-02;13:54:47;280,6;;150;-;-;;LB,CT;280,4;280,6;>
2022-02-02;13:54:47;280,6;;4;-;-;;LB,CT;280,4;280,6;>
2022-02-02;13:54:47;280,6;;136;-;-;;LB,CT;280,4;280,6;>
2022-02-02;13:53:24;280,4;;21;-;-;;LB,CT;280,4;280,6;<
2022-02-02;13:53:24;280,4;;194;-;-;;LB,CT;280,4;280,6;<
2022-02-02;13:53:13;280,4;;64;-;-;;LB,CT;280,4;280,6;<
2022-02-02;13:53:13;280,4;;21;-;-;;LB,CT;280,4;280,6;<
2022-02-02;13:51:19;280,4;;1;-;-;;LB,CT;280,4;280,6;<
2022-02-02;13:50:07;280,6;;99;-;-;;LB,CT;280,4;280,6;>
2022-02-02;13:49:26;280,4;;1;-;-;;LB,CT;280,4;280,6;<
2022-02-02;13:49:26;280,4;;257;-;-;;LB,CT;280,4;280,6;<
2022-02-02;13:49:11;280,4;;104;-;-;;LB,CT;280,4;280,6;<
2022-02-02;13:49:09;280,4;;257;-;-;;LB,CT;280,4;280,6;<
2022-02-02;13:49:07;280,4;;257;-;-;;LB,CT;280,4;280,8;<
2022-02-02;13:49:04;280,4;;477;-;-;;LB,CT;280;280,4;>
2022-02-02;13:49:01;280,2;;58;-;-;;LB,CT;280;280,4;>
2022-02-02;13:49:01;280,2;;29;-;-;;LB,CT;280;280,4;>
2022-02-02;13:49:01;280;;22;-;-;;LB,CT;280;280,4;<
2022-02-02;13:49:01;280;;83;-;-;;LB,CT;280;280,4;<
2022-02-02;13:49:01;280;;100;-;-;;LB,CT;280;280,4;<
2022-02-02;13:49:01;280;;106;-;-;;LB,CT;280;280,4;<
2022-02-02;13:49:01;280;;175;-;-;;LB,CT;280;280,4;<
2022-02-02;13:44:40;280,2;;76;-;-;;LB,CT;280;280,8;<
2022-02-02;13:43:58;280,2;;201;-;-;;LB,CT;280,2;280,8;<
2022-02-02;13:43:57;280,4;;82;-;-;;LB,CT;280,2;280,8;<
2022-02-02;13:43:57;280,4;;47;-;-;;LB,CT;280,2;280,8;<
2022-02-02;13:43:57;280,4;;250;-;-;;LB,CT;280,2;280,8;<
2022-02-02;13:43:57;280,4;;157;-;-;;LB,CT;280,2;280,8;<
2022-02-02;13:43:09;280,6;;136;-;-;;LB,CT;280,2;280,6;<
2022-02-02;13:43:09;280,6;;29;-;-;;LB,CT;280,2;280,6;>
2022-02-02;13:43:09;280,6;;15;-;-;;LB,CT;280,2;280,6;>
2022-02-02;13:42:22;280,6;;30;-;-;;LB,CT;280,2;280,6;>
2022-02-02;13:41:48;280,6;;3;-;-;;LB,CT;280,2;280,6;>
2022-02-02;13:41:08;280,6;;40;-;-;;LB,CT;280,2;280,6;>
2022-02-02;13:39:17;280,4;;1;-;-;STRO;OB,ON,PRIC,ALGO;280;280,6;>
2022-02-02;13:39:17;280,4;;1;-;-;;LB,CT;280;280,4;>
2022-02-02;13:36:31;280,4;;250;-;-;;LB,CT;280;280,6;>
2022-02-02;13:36:31;280,4;;63;-;-;;LB,CT;280;280,6;>
2022-02-02;13:35:55;280,6;;3;-;-;;LB,CT;280;280,6;>
2022-02-02;13:34:37;280,4;;86;-;-;;LB,CT;280,2;280,6;<
2022-02-02;13:34:37;280,4;;250;-;-;;LB,CT;280,2;280,6;<
2022-02-02;13:34:37;280,4;;10;-;-;;LB,CT;280,2;280,6;<
2022-02-02;13:34:37;280,4;;4;-;-;;LB,CT;280,2;280,6;<
2022-02-02;13:34:37;280,4;;1;-;-;;LB,CT;280,2;280,6;<
2022-02-02;13:34:26;280,6;;180;-;-;;LB,CT;280,4;280,8;<
2022-02-02;13:34:22;280,6;;2;-;-;;LB,CT;280,4;280,6;<
2022-02-02;13:34:22;280,6;;41;-;-;;LB,CT;280,4;280,6;>
2022-02-02;13:34:22;280,6;;174;-;-;;LB,CT;280,4;280,6;>
2022-02-02;13:34:11;280,6;;250;-;-;;LB,CT;280,4;280,8;>
2022-02-02;13:34:11;280,6;;221;-;-;;LB,CT;280,4;280,8;<
2022-02-02;13:34:11;280,6;;329;-;-;;LB,CT;280,4;280,8;<
2022-02-02;13:34:11;280,6;;350;-;-;;LB,CT;280,4;280,8;<
2022-02-02;13:34:11;280,6;;42;-;-;;LB,CT;280,4;280,8;>
2022-02-02;13:34:11;280,6;;5;-;-;;LB,CT;280,4;280,8;>
2022-02-02;13:34:11;280,6;;250;-;-;;LB,CT;280,4;280,8;>
2022-02-02;13:34:11;280,4;;49;-;-;;LB,CT;280,4;280,8;>
2022-02-02;13:34:11;280,4;;44;-;-;;LB,CT;280,4;280,8;>
2022-02-02;13:34:11;280,4;;2;-;-;;LB,CT;280,4;280,8;>
2022-02-02;13:33:11;280,2;;6;-;-;CROS;PA,UA;280;280,4;
2022-02-02;13:33:11;280,2;;6;-;-;AOD;PA,UA;280;280,4;
2022-02-02;13:32:05;280,2;;9;-;-;CROS;PA,UA;280;280,4;
2022-02-02;13:32:05;280,2;;80;-;-;CROS;PA,UA;280;280,4;
2022-02-02;13:32:05;280,2;;80;-;-;CROS;PA,UA;280;280,4;
2022-02-02;13:32:05;280,2;;169;-;-;AOD;PA,UA;280;280,4;
2022-02-02;13:30:19;280,2;;99;-;-;;LB,CT;280;280,4;>
2022-02-02;13:30:19;280,2;;112;-;-;;LB,CT;280;280,4;>
2022-02-02;13:30:19;280,4;;2;-;-;;LB,CT;280;280,4;>
2022-02-02;13:30:16;280;;91;-;-;HID;DB,CT;280;280,4;<
2022-02-02;13:30:16;280;;175;-;-;;LB,CT;280;280,4;<
2022-02-02;13:30:16;280;;175;-;-;HID;DB,CT;280;280,4;<
2022-02-02;13:30:16;280;;175;-;-;;LB,CT;280;280,4;<
2022-02-02;13:30:16;280;;266;-;-;HID;DB,CT;280;280,4;<
2022-02-02;13:30:16;280;;86;-;-;;LB,CT;280;280,4;<
2022-02-02;13:30:16;280;;5;-;-;;LB,CT;280;280,4;<
2022-02-02;13:30:16;280;;175;-;-;;LB,CT;280;280,4;<
2022-02-02;13:26:18;280,2;;139;-;-;;LB,CT;280,2;280,6;<
2022-02-02;13:26:18;280,2;;9;-;-;;LB,CT;280,2;280,6;<
2022-02-02;13:26:13;280,2;;9;-;-;;LB,CT;280,2;280,6;<
2022-02-02;13:26:13;280,2;;84;-;-;;LB,CT;280,2;280,6;<
2022-02-02;13:26:13;280,2;;9;-;-;;LB,CT;280,2;280,6;<
2022-02-02;13:26:07;280,4;;165;-;-;;LB,CT;280;280,4;<
2022-02-02;13:26:07;280,4;;85;-;-;;LB,CT;280;280,4;>
2022-02-02;13:25:03;280,2;;250;-;-;;LB,CT;280;280,4;<
2022-02-02;13:25:00;280,6;;17;-;-;;LB,CT;280,2;280,6;>
2022-02-02;13:23:08;280,4;;66;-;-;;LB,CT;280,2;280,6;>
2022-02-02;13:23:08;280,4;;224;-;-;;LB,CT;280,2;280,6;>
2022-02-02;13:23:08;280,4;;411;-;-;;LB,CT;280,2;280,6;>
2022-02-02;13:22:02;280,2;;35;-;-;CROS;PA,UA;280;280,4;
2022-02-02;13:22:02;280,2;;35;-;-;CROS;PA,UA;280;280,4;
2022-02-02;13:22:02;280,2;;70;-;-;AOD;PA,UA;280;280,4;
2022-02-02;13:21:57;280;;78;-;-;;LB,CT;280;280,4;<
2022-02-02;13:21:57;280;;26;-;-;;LB,CT;280;280,4;<
2022-02-02;13:21:57;280;;14;-;-;;LB,CT;280;280,4;<
2022-02-02;13:21:48;280,4;;350;-;-;;LB,CT;280;280,4;>
2022-02-02;13:21:05;280;;10;-;-;;LB,CT;280;280,4;<
2022-02-02;13:21:02;280;;139;-;-;;LB,CT;280;280,4;<
2022-02-02;13:21:00;280;;175;-;-;;LB,CT;280;280,2;<
2022-02-02;13:21:00;280;;64;-;-;HID;DB,CT;280;280,2;<
2022-02-02;13:21:00;280;;175;-;-;;LB,CT;280;280,2;<
2022-02-02;13:21:00;280;;27;-;-;HID;DB,CT;280;280,2;<
2022-02-02;13:21:00;280;;175;-;-;;LB,CT;280;280,2;<
2022-02-02;13:21:00;280;;475;-;-;HID;DB,CT;280;280,2;<
2022-02-02;13:21:00;280;;175;-;-;;LB,CT;280;280,2;<
2022-02-02;13:21:00;280;;175;-;-;;LB,CT;280;280,2;<
2022-02-02;13:21:00;280;;87;-;-;;LB,CT;280;280,2;<
2022-02-02;13:21:00;280;;200;-;-;;LB,CT;280;280,2;<
2022-02-02;13:21:00;280;;175;-;-;;LB,CT;280;280,2;<
2022-02-02;13:21:00;280;;378;-;-;;LB,CT;280;280,2;<
2022-02-02;13:21:00;280;;57;-;-;;LB,CT;280;280,2;<
2022-02-02;13:21:00;280;;250;-;-;;LB,CT;280;280,2;<
2022-02-02;13:16:05;280,2;;4;-;-;;LB,CT;280,2;280,6;<
2022-02-02;13:16:05;280,2;;1;-;-;;LB,CT;280,2;280,6;<
2022-02-02;13:16:04;280,2;;41;-;-;;LB,CT;280,2;280,6;<
2022-02-02;13:15:59;280,6;;7;-;-;;LB,CT;280;280,6;>
2022-02-02;13:15:09;280,4;;121;-;-;;LB,CT;280;280,6;>
2022-02-02;13:15:02;280,2;;160;-;-;CROS;PA,UA,ALGO;280;280,4;
2022-02-02;13:15:02;280,2;;52;-;-;CROS;PA,UA;280;280,4;
2022-02-02;13:15:02;280,2;;52;-;-;CROS;PA,UA;280;280,4;
2022-02-02;13:15:02;280,2;;104;-;-;AOD;PA,UA;280;280,4;
2022-02-02;13:14:24;280;;206;-;-;;LB,CT;280;280,4;<
2022-02-02;13:14:23;280,2;;77;-;-;CROS;PA,UA;280;280,4;
2022-02-02;13:14:23;280,2;;77;-;-;AOD;PA,UA;280;280,4;
2022-02-02;13:14:23;280;;436;-;-;HID;DB,CT;280;280,4;<
2022-02-02;13:14:23;280;;250;-;-;;LB,CT;280;280,4;<
2022-02-02;13:14:23;280;;158;-;-;;LB,CT;280;280,4;<
2022-02-02;13:14:23;280,2;;87;-;-;;LB,CT;280;280,4;>
2022-02-02;13:14:23;280;;28;-;-;;LB,CT;280;280,4;<
2022-02-02;13:14:23;280;;20;-;-;;LB,CT;280;280,4;<
2022-02-02;13:14:23;280;;220;-;-;;LB,CT;280;280,4;<
2022-02-02;13:14:23;280;;177;-;-;;LB,CT;280;280,4;<
2022-02-02;13:14:23;280;;174;-;-;;LB,CT;280;280,4;<
2022-02-02;13:14:23;280;;426;-;-;;LB,CT;280;280,4;<
2022-02-02;13:12:33;280,4;;162;-;-;;LB,CT;280;280,6;>
2022-02-02;13:12:10;280,2;;250;-;-;;LB,CT;280,2;280,6;<
2022-02-02;13:12:10;280,4;;470;-;-;;LB,CT;280,2;280,6;>
2022-02-02;13:12:10;280,2;;250;-;-;;LB,CT;280,2;280,6;<
2022-02-02;13:11:36;280,4;;115;-;-;;LB,CT;280,2;280,6;>
2022-02-02;13:11:36;280,4;;37;-;-;;LB,CT;280,2;280,6;>
2022-02-02;13:11:32;280,4;;68;-;-;;LB,CT;280;280,4;>
2022-02-02;13:11:32;280,4;;250;-;-;;LB,CT;280;280,4;>
2022-02-02;13:11:20;280,2;;86;-;-;;LB,CT;280,2;280,4;<
2022-02-02;13:11:20;280,2;;126;-;-;;LB,CT;280,2;280,4;<
2022-02-02;13:11:20;280,2;;94;-;-;;LB,CT;280,2;280,4;<
2022-02-02;13:11:20;280,2;;59;-;-;;LB,CT;280,2;280,4;>
2022-02-02;13:11:20;280;;426;-;-;;LB,CT;280,2;280,4;<
2022-02-02;13:11:20;280;;283;-;-;;LB,CT;279,4;280;>
2022-02-02;13:11:20;280;;63;-;-;;LB,CT;279,4;280;>
2022-02-02;13:11:20;280;;307;-;-;;LB,CT;279,4;280;>
2022-02-02;13:11:20;280;;250;-;-;;LB,CT;279,4;280;>
2022-02-02;13:11:14;279,8;;114;-;-;;LB,CT;279,4;280;<
2022-02-02;13:11:14;280;;306;-;-;;LB,CT;279,4;280;>
2022-02-02;13:11:14;280;;40;-;-;;LB,CT;279,4;280;>
2022-02-02;13:11:14;280;;88;-;-;;LB,CT;279,4;280;>
2022-02-02;13:11:14;280;;39;-;-;;LB,CT;279,4;280;>
2022-02-02;13:11:14;280;;2;-;-;;LB,CT;279,4;280;>
2022-02-02;13:09:42;279,7;;9;-;-;CROS;PA,UA;279,4;280;
2022-02-02;13:09:42;279,7;;9;-;-;AOD;PA,UA;279,4;280;
2022-02-02;13:09:30;279,8;;60;-;-;;LB,CT;279,4;280;>
2022-02-02;13:09:30;279,8;;62;-;-;;LB,CT;279,4;280;>
2022-02-02;13:09:30;279,8;;108;-;-;;LB,CT;279,4;280;>
2022-02-02;13:08:46;279,4;;87;-;-;;LB,CT;279,4;279,8;<
2022-02-02;13:08:46;279,4;;3;-;-;;LB,CT;279,4;279,8;<
2022-02-02;13:08:41;279,6;;102;-;-;;LB,CT;279,4;279,8;>
2022-02-02;13:08:41;279,6;;35;-;-;;LB,CT;279,4;279,8;>
2022-02-02;13:08:41;279,6;;250;-;-;;LB,CT;279,4;279,8;>
2022-02-02;13:08:41;279,6;;187;-;-;;LB,CT;279,4;279,8;>
2022-02-02;13:08:41;279,6;;63;-;-;;LB,CT;279,4;279,8;>
2022-02-02;13:08:41;279,6;;37;-;-;;LB,CT;279,2;279,6;>
2022-02-02;13:08:41;279,6;;2;-;-;;LB,CT;279,2;279,6;>
2022-02-02;13:08:41;279,6;;250;-;-;;LB,CT;279,2;279,6;>
2022-02-02;13:08:34;279,4;;650;-;-;;LB,CT;279,4;279,6;<
2022-02-02;13:08:34;279,4;;84;-;-;;LB,CT;279;279,4;>
2022-02-02;13:08:34;279,2;;81;-;-;;LB,CT;279;279,4;<
2022-02-02;13:08:34;279,2;;100;-;-;;LB,CT;279;279,4;>
2022-02-02;13:08:34;279,2;;396;-;-;;LB,CT;279;279,4;>
2022-02-02;13:08:34;279,2;;63;-;-;;LB,CT;279;279,4;>
2022-02-02;13:08:34;279,2;;64;-;-;;LB,CT;279;279,4;>
2022-02-02;13:08:34;279,2;;250;-;-;;LB,CT;279;279,4;>
2022-02-02;13:06:10;279;;250;-;-;;LB,CT;278,6;279;>
2022-02-02;13:06:10;278,8;;115;-;-;;LB,CT;278,6;279;>
2022-02-02;13:05:33;278,6;;19;-;-;;LB,CT;278,6;279;<
2022-02-02;13:05:10;278,8;;1;-;-;;LB,CT;278,6;279;<
2022-02-02;13:05:10;278,8;;81;-;-;;LB,CT;278,6;279;<
2022-02-02;13:05:10;278,8;;250;-;-;;LB,CT;278,6;279;<
2022-02-02;13:05:00;279,1;;14;-;-;CROS;PA,UA;278,8;279,4;
2022-02-02;13:05:00;279,1;;14;-;-;AOD;PA,UA;278,8;279,4;
2022-02-02;13:04:14;279,4;;1;-;-;;LB,CT;278,8;279,4;>
2022-02-02;13:03:52;279,1;;9;-;-;CROS;PA,UA;278,8;279,4;
2022-02-02;13:03:52;279,1;;9;-;-;AOD;PA,UA;278,8;279,4;
2022-02-02;13:03:21;279,1;;9;-;-;CROS;PA,UA;278,8;279,4;
2022-02-02;13:03:21;279,1;;9;-;-;AOD;PA,UA;278,8;279,4;
2022-02-02;13:02:24;279,2;;39;-;-;;LB,CT;279;279,4;>
2022-02-02;13:02:24;279;;63;-;-;;LB,CT;279;279,4;>
2022-02-02;13:02:24;279;;250;-;-;;LB,CT;279;279,4;>
2022-02-02;13:02:24;279;;650;-;-;;LB,CT;279;279,4;>
2022-02-02;13:02:15;278,8;;250;-;-;;LB,CT;278,6;279;<
2022-02-02;13:02:15;278,8;;168;-;-;;LB,CT;278,6;279;<
2022-02-02;13:02:15;279;;250;-;-;;LB,CT;278,6;279;<
2022-02-02;13:02:15;279;;2;-;-;;LB,CT;278,6;279;<
2022-02-02;13:01:55;279,2;;65;-;-;;LB,CT;279;279,4;>
2022-02-02;13:01:55;279,2;;170;-;-;;LB,CT;279;279,4;>
2022-02-02;13:01:55;279,2;;2;-;-;;LB,CT;279;279,4;>
2022-02-02;13:00:18;279;;179;-;-;;LB,CT;278,8;279,2;>
2022-02-02;13:00:18;279;;250;-;-;;LB,CT;278,8;279,2;>
2022-02-02;13:00:01;278,8;;170;-;-;;LB,CT;278,6;278,8;>
2022-02-02;13:00:00;278,8;;15;-;-;;LB,CT;278,6;278,8;>
2022-02-02;13:00:00;278,8;;15;-;-;;LB,CT;278,6;278,8;>
2022-02-02;13:00:00;278,8;;15;-;-;;LB,CT;278,6;278,8;>
2022-02-02;13:00:00;278,8;;15;-;-;;LB,CT;278,6;278,8;>
2022-02-02;13:00:00;278,8;;15;-;-;;LB,CT;278,6;278,8;>
2022-02-02;13:00:00;278,8;;5;-;-;;LB,CT;278,6;278,8;>
2022-02-02;13:00:00;278,8;;10;-;-;;LB,CT;278,6;278,8;>
2022-02-02;13:00:00;278,6;;250;-;-;;LB,CT;278,6;278,8;>
2022-02-02;13:00:00;278,6;;250;-;-;;LB,CT;278,6;278,8;>
2022-02-02;13:00:00;278,6;;165;-;-;;LB,CT;278,6;278,8;>
2022-02-02;13:00:00;278,6;;15;-;-;;LB,CT;278,6;278,8;>
2022-02-02;13:00:00;278,6;;15;-;-;;LB,CT;278,6;278,8;>
2022-02-02;13:00:00;278,6;;15;-;-;;LB,CT;278,6;278,8;>
2022-02-02;13:00:00;278,6;;16;-;-;;LB,CT;278,6;278,8;>
2022-02-02;12:59:38;278,4;;100;-;-;;LB,CT;278;278,4;>
2022-02-02;12:57:26;278,2;;107;-;-;;LB,CT;277,8;278,2;>
2022-02-02;12:57:26;278,2;;8;-;-;;LB,CT;277,8;278,2;>
2022-02-02;12:57:26;278,2;;142;-;-;;LB,CT;277,8;278,2;>
2022-02-02;12:57:26;278,2;;108;-;-;;LB,CT;277,8;278,2;>
2022-02-02;12:57:15;278;;250;-;-;;LB,CT;277,8;278;>
2022-02-02;12:55:26;277,8;;164;-;-;;LB,CT;277,8;278;<
2022-02-02;12:55:26;277,8;;50;-;-;;LB,CT;277,8;278;<
2022-02-02;12:54:40;277,8;;80;-;-;;LB,CT;277,6;278;>
2022-02-02;12:54:38;277,8;;7;-;-;;LB,CT;277,6;277,8;>
2022-02-02;12:54:37;277,6;;192;-;-;;LB,CT;277,2;277,6;>
2022-02-02;12:54:32;277,4;;5;-;-;;LB,CT;277;277,4;>
2022-02-02;12:53:07;277,4;;3;-;-;;LB,CT;277;277,4;>
2022-02-02;12:53:02;277,2;;10;-;-;;LB,CT;277;277,2;>
2022-02-02;12:50:37;277,2;;4;-;-;;LB,CT;277,2;277,4;<
2022-02-02;12:48:41;277,4;;70;-;-;;LB,CT;277;277,4;>
2022-02-02;12:48:41;277,4;;6;-;-;;LB,CT;277;277,4;>
2022-02-02;12:48:41;277,4;;168;-;-;;LB,CT;277;277,4;>
2022-02-02;12:46:43;277,2;;11;-;-;;LB,CT;277;277,4;>
2022-02-02;12:46:43;277,2;;185;-;-;;LB,CT;277;277,4;>
2022-02-02;12:46:41;277;;26;-;-;;LB,CT;277;277,4;<
2022-02-02;12:46:41;277;;5;-;-;;LB,CT;277;277,4;<
2022-02-02;12:46:41;277;;161;-;-;;LB,CT;277;277,4;<
2022-02-02;12:46:41;277;;82;-;-;;LB,CT;277;277,4;<
2022-02-02;12:46:41;277;;169;-;-;;LB,CT;277;277,4;<
2022-02-02;12:46:02;277,4;;1;-;-;;LB,CT;277;277,4;>
2022-02-02;12:45:22;277,2;;84;-;-;;LB,CT;277;277,4;<
2022-02-02;12:45:22;277,2;;88;-;-;;LB,CT;277;277,4;<
2022-02-02;12:44:04;277,2;;86;-;-;CROS;PA,UA;277;277,4;
2022-02-02;12:44:04;277,2;;86;-;-;AOD;PA,UA;277;277,4;
2022-02-02;12:43:55;277,4;;200;-;-;;LB,CT;277;277,4;>
2022-02-02;12:41:52;277,4;;3;-;-;;LB,CT;277;277,4;>
2022-02-02;12:39:40;277,2;;47;-;-;CROS;PA,UA;277;277,4;
2022-02-02;12:39:40;277,2;;47;-;-;AOD;PA,UA;277;277,4;
2022-02-02;12:38:47;277,2;;83;-;-;;LB,CT;277;277,4;>
2022-02-02;12:38:47;277,2;;157;-;-;;LB,CT;277;277,4;>
2022-02-02;12:38:47;277,2;;127;-;-;;LB,CT;277;277,4;>
2022-02-02;12:38:38;277;;17;-;-;HID;DB,CT;277;277,2;<
2022-02-02;12:38:38;277;;178;-;-;;LB,CT;277;277,2;<
2022-02-02;12:38:38;277;;17;-;-;;LB,CT;277;277,2;<
2022-02-02;12:38:38;277;;106;-;-;;LB,CT;277;277,2;<
2022-02-02;12:38:38;277;;189;-;-;;LB,CT;277;277,2;<
2022-02-02;12:38:38;277;;82;-;-;;LB,CT;277;277,2;<
2022-02-02;12:38:38;277;;195;-;-;;LB,CT;277;277,2;<
2022-02-02;12:37:33;277;;2;-;-;;LB,CT;277;277,6;<
2022-02-02;12:31:03;277,6;;428;-;-;;LB,CT;277;277,6;>
2022-02-02;12:26:04;277;;176;-;-;HID;DB,CT;277;277,4;<
2022-02-02;12:26:04;277;;195;-;-;;LB,CT;277;277,4;<
2022-02-02;12:26:04;277;;37;-;-;;LB,CT;277;277,4;<
2022-02-02;12:26:04;277;;213;-;-;;LB,CT;277;277,4;<
2022-02-02;12:26:04;277,2;;45;-;-;;LB,CT;277;277,4;>
2022-02-02;12:26:04;277,2;;42;-;-;;LB,CT;277;277,4;>
2022-02-02;12:26:04;277;;250;-;-;;LB,CT;277;277,4;<
2022-02-02;12:26:04;277;;195;-;-;;LB,CT;277;277,4;<
2022-02-02;12:26:04;277;;88;-;-;;LB,CT;277;277,4;<
2022-02-02;12:26:04;277;;125;-;-;;LB,CT;277;277,4;<
2022-02-02;12:26:04;277;;32;-;-;;LB,CT;277;277,4;<
2022-02-02;12:26:04;277;;195;-;-;;LB,CT;277;277,4;<
2022-02-02;12:24:58;277,2;;250;-;-;;LB,CT;277,2;277,6;<
2022-02-02;12:24:58;277,2;;172;-;-;;LB,CT;277,2;277,6;<
2022-02-02;12:23:56;277,6;;10;-;-;;LB,CT;277,2;277,6;>
2022-02-02;12:23:49;277,6;;10;-;-;;LB,CT;277,2;277,6;>
2022-02-02;12:23:08;277,6;;10;-;-;;LB,CT;277,2;277,6;>
2022-02-02;12:21:13;277,4;;300;-;-;;LB,CT;277,4;277,6;<
2022-02-02;12:20:49;277,4;;15;-;-;;LB,CT;277;277,4;>
2022-02-02;12:20:49;277,4;;90;-;-;;LB,CT;277;277,4;>
2022-02-02;12:20:49;277,4;;127;-;-;;LB,CT;277;277,4;>
2022-02-02;12:19:55;277,2;;57;-;-;CROS;PA,UA;277;277,4;
2022-02-02;12:19:55;277,2;;57;-;-;AOD;PA,UA;277;277,4;
2022-02-02;12:17:03;277,4;;1;-;-;;LB,CT;277;277,4;>
2022-02-02;12:14:40;277,2;;9;-;-;CROS;PA,UA;277;277,4;
2022-02-02;12:14:40;277,2;;9;-;-;AOD;PA,UA;277;277,4;
2022-02-02;12:10:46;277,4;;9;-;-;;LB,CT;277,2;277,6;>
2022-02-02;12:10:46;277,4;;176;-;-;;LB,CT;277,2;277,6;>
2022-02-02;12:10:19;277,4;;4;-;-;;LB,CT;277;277,4;>
2022-02-02;12:09:41;277;;250;-;-;;LB,CT;277;277,4;<
2022-02-02;12:09:41;277;;51;-;-;;LB,CT;277;277,4;<
2022-02-02;12:09:41;277;;195;-;-;;LB,CT;277;277,4;<
2022-02-02;12:09:41;277;;2;-;-;;LB,CT;277;277,4;<
2022-02-02;12:07:19;277,2;;200;-;-;;LB,CT;277;277,4;>
2022-02-02;12:07:19;277,2;;204;-;-;;LB,CT;277;277,4;>
2022-02-02;12:07:19;277,2;;111;-;-;;LB,CT;277;277,4;>
2022-02-02;12:07:19;277,2;;63;-;-;;LB,CT;277;277,4;>
2022-02-02;12:07:19;277;;195;-;-;;LB,CT;277;277,4;<
2022-02-02;12:07:19;277;;195;-;-;;LB,CT;277;277,4;<
2022-02-02;12:07:19;277;;195;-;-;;LB,CT;276,6;277,2;<
2022-02-02;12:07:19;277;;195;-;-;;LB,CT;276,6;277,2;<
2022-02-02;12:06:59;276,8;;19;-;-;;LB,CT;276,2;276,8;>
2022-02-02;12:06:59;276,8;;93;-;-;;LB,CT;276,2;276,8;>
2022-02-02;12:06:59;276,8;;33;-;-;;LB,CT;276,2;276,8;>
2022-02-02;12:06:59;276,8;;74;-;-;;LB,CT;276,2;276,8;>
2022-02-02;12:06:59;276,8;;250;-;-;;LB,CT;276,2;276,8;>
2022-02-02;12:06:19;276,6;;191;-;-;;LB,CT;276,2;276,6;>
2022-02-02;12:05:37;276,6;;125;-;-;;LB,CT;276,2;276,6;>
2022-02-02;12:05:34;276,4;;150;-;-;;LB,CT;276,2;276,6;>
2022-02-02;12:05:30;276,2;;250;-;-;;LB,CT;276;276,2;<
2022-02-02;12:05:18;276,4;;400;-;-;CROS;PA,UA;276,2;276,6;
2022-02-02;12:05:18;276,4;;400;-;-;AOD;PA,UA;276,2;276,6;
2022-02-02;12:04:59;276,2;;236;-;-;;LB,CT;275,8;276;>
2022-02-02;12:04:59;276,2;;250;-;-;;LB,CT;275,8;276;>
2022-02-02;12:04:59;276;;248;-;-;;LB,CT;275,8;276;>
2022-02-02;12:04:44;276;;2;-;-;;LB,CT;275,8;276;>
2022-02-02;12:04:44;276;;199;-;-;;LB,CT;276;276,2;<
2022-02-02;12:03:14;276,4;;84;-;-;;LB,CT;276,4;276,8;<
2022-02-02;12:03:14;276,4;;2;-;-;;LB,CT;276,4;276,8;<
2022-02-02;12:03:14;276,4;;82;-;-;;LB,CT;276,4;276,8;<
2022-02-02;12:00:18;277;;18;-;-;;LB,CT;276,4;277;>
2022-02-02;11:57:49;277;;23;-;-;;LB,CT;276,4;276,8;>
2022-02-02;11:56:14;276,6;;90;-;-;;LB,CT;276,4;276,8;>
2022-02-02;11:55:57;276,6;;110;-;-;;LB,CT;276,4;276,6;>
2022-02-02;11:55:31;276,4;;513;-;-;CROS;PA,UA;276,2;276,6;
2022-02-02;11:55:31;276,4;;513;-;-;AOD;PA,UA;276,2;276,6;
2022-02-02;11:54:11;276,2;;1;-;-;;LB,CT;276,2;276,6;<
2022-02-02;11:54:11;276,2;;5;-;-;;LB,CT;276,2;276,6;<
2022-02-02;11:54:11;276,2;;2;-;-;;LB,CT;276,2;276,6;<
2022-02-02;11:53:17;276,6;;2;-;-;;LB,CT;276,2;276,6;>
2022-02-02;11:52:34;276,4;;260;-;-;;LB,CT;276,2;276,6;>
2022-02-02;11:52:33;276,2;;65;-;-;;LB,CT;275,8;276,2;>
2022-02-02;11:52:33;276,2;;56;-;-;;LB,CT;275,8;276,2;>
2022-02-02;11:52:33;276,2;;246;-;-;;LB,CT;275,8;276,2;>
2022-02-02;11:52:33;276,2;;4;-;-;;LB,CT;275,8;276,2;>
2022-02-02;11:50:27;276;;490;-;-;;LB,CT;275,4;276;>
2022-02-02;11:50:27;276;;83;-;-;;LB,CT;275,4;276;>
2022-02-02;11:50:27;276;;99;-;-;;LB,CT;275,4;276;>
2022-02-02;11:50:14;275,8;;73;-;-;;LB,CT;275,4;276;>
2022-02-02;11:50:14;275,8;;27;-;-;;LB,CT;275,4;275,8;>
2022-02-02;11:50:14;275,8;;88;-;-;;LB,CT;275,4;275,8;>
2022-02-02;11:49:30;275,4;;4;-;-;;LB,CT;275,2;275,6;>
2022-02-02;11:49:30;275,4;;250;-;-;;LB,CT;275,2;275,6;<
2022-02-02;11:49:21;275,6;;69;-;-;;LB,CT;275,4;275,6;>
2022-02-02;11:49:15;275,4;;165;-;-;;LB,CT;275,2;275,6;>
2022-02-02;11:49:15;275,4;;155;-;-;;LB,CT;275,2;275,6;>
2022-02-02;11:49:15;275,4;;65;-;-;;LB,CT;275,2;275,6;>
2022-02-02;11:49:15;275,4;;82;-;-;;LB,CT;275,2;275,6;<
2022-02-02;11:49:15;275,4;;64;-;-;;LB,CT;275,2;275,6;<
2022-02-02;11:49:15;275,4;;250;-;-;;LB,CT;275,2;275,6;<
2022-02-02;11:49:10;275,4;;82;-;-;;LB,CT;275,2;275,6;<
2022-02-02;11:49:10;275,4;;250;-;-;;LB,CT;275,2;275,6;<
2022-02-02;11:49:10;275,6;;204;-;-;;LB,CT;275,2;275,6;>
2022-02-02;11:49:10;275,4;;329;-;-;;LB,CT;275,2;275,6;>
2022-02-02;11:49:10;275,4;;152;-;-;;LB,CT;275,2;275,6;<
2022-02-02;11:49:10;275,4;;400;-;-;;LB,CT;275,2;275,6;<
2022-02-02;11:49:07;275,6;;4;-;-;;LB,CT;275,6;276;<
2022-02-02;11:48:12;275,8;;23;-;-;;LB,CT;275,4;275,8;>
2022-02-02;11:48:12;275,8;;48;-;-;;LB,CT;275,4;275,8;>
2022-02-02;11:48:12;275,8;;51;-;-;;LB,CT;275,4;275,8;>
2022-02-02;11:47:05;275,8;;3;-;-;;LB,CT;275,4;275,8;>
2022-02-02;11:46:52;275,4;;35;-;-;;LB,CT;275,4;275,8;<
2022-02-02;11:46:52;275,4;;13;-;-;;LB,CT;275,4;275,8;<
2022-02-02;11:46:52;275,4;;2;-;-;;LB,CT;275,4;275,8;<
2022-02-02;11:44:25;275,6;;157;-;-;;LB,CT;275,4;275,8;>
2022-02-02;11:44:22;275,6;;340;-;-;;LB,CT;275,4;275,6;>
2022-02-02;11:44:21;275,4;;168;-;-;;LB,CT;275;275,4;>
2022-02-02;11:40:35;275,2;;1;-;-;;LB,CT;275;275,4;>
2022-02-02;11:40:03;275,2;;4;-;-;;LB,CT;274,8;275,2;>
2022-02-02;11:38:07;275;;86;-;-;;LB,CT;275;275,4;<
2022-02-02;11:38:07;275;;3;-;-;;LB,CT;275;275,4;<
2022-02-02;11:38:07;275;;1;-;-;;LB,CT;275;275,4;<
2022-02-02;11:36:46;275,2;;83;-;-;;LB,CT;275,2;275,8;<
2022-02-02;11:30:57;275,4;;88;-;-;;LB,CT;275,4;275,8;<
2022-02-02;11:30:57;275,4;;62;-;-;;LB,CT;275,4;275,8;<
2022-02-02;11:30:57;275,4;;66;-;-;;LB,CT;275,4;275,8;<
2022-02-02;11:30:23;275,6;;14;-;-;;LB,CT;275,4;275,6;>
2022-02-02;11:30:23;275,6;;220;-;-;;LB,CT;275,4;275,6;>
2022-02-02;11:30:17;275,6;;176;-;-;;LB,CT;275,6;275,8;<
2022-02-02;11:29:38;275,8;;4;-;-;;LB,CT;275,4;275,8;>
2022-02-02;11:26:54;275,6;;94;-;-;;LB,CT;275,2;275,6;>
2022-02-02;11:26:54;275,6;;156;-;-;;LB,CT;275,2;275,6;>
2022-02-02;11:26:45;275,4;;141;-;-;;LB,CT;275;275,4;>
2022-02-02;11:26:45;275,4;;86;-;-;;LB,CT;275;275,4;>
2022-02-02;11:26:29;275,2;;23;-;-;CROS;PA,UA,ALGO;275;275,4;>
2022-02-02;11:22:16;275,4;;174;-;-;;LB,CT;275;275,4;>
2022-02-02;11:22:16;275,4;;56;-;-;;LB,CT;275;275,4;>
2022-02-02;11:21:32;275;;224;-;-;;LB,CT;275;275,6;>
2022-02-02;11:21:32;275;;365;-;-;;LB,CT;275;275,6;>
2022-02-02;11:21:32;275;;202;-;-;;LB,CT;275;275,6;>
2022-02-02;11:18:48;275;;30;-;-;;LB,CT;274,6;275,2;<
2022-02-02;11:18:47;275;;3;-;-;;LB,CT;275;275,6;<
2022-02-02;11:18:06;275,4;;22;-;-;;LB,CT;275,4;276;<
2022-02-02;11:17:14;275,8;;3;-;-;;LB,CT;275,8;276;<
2022-02-02;11:16:51;276;;18;-;-;;LB,CT;275,8;276;<
2022-02-02;11:15:40;276;;250;-;-;;LB,CT;275,8;276,2;<
2022-02-02;11:15:40;276,4;;18;-;-;;LB,CT;275,8;276,2;>
2022-02-02;11:15:17;276,2;;1;-;-;;LB,CT;276;276,4;>
2022-02-02;11:15:17;276,2;;79;-;-;;LB,CT;276;276,4;>
2022-02-02;11:14:08;276,2;;3;-;-;;LB,CT;275,8;276,2;>
2022-02-02;11:14:05;276;;86;-;-;;LB,CT;275,8;276,2;<
2022-02-02;11:09:33;276,4;;36;-;-;;LB,CT;276;276,6;<
2022-02-02;11:09:30;276,4;;253;-;-;;LB,CT;276,4;276,8;<
2022-02-02;11:09:16;276,6;;32;-;-;;LB,CT;276,4;276,8;<
2022-02-02;11:09:16;276,6;;128;-;-;;LB,CT;276,4;276,8;<
2022-02-02;11:07:30;277;;450;-;-;;LB,CT;276,8;277,2;<
2022-02-02;11:07:30;276,8;;230;-;-;;LB,CT;276,8;277,2;>
2022-02-02;11:07:30;276,8;;65;-;-;;LB,CT;276,8;277,2;>
2022-02-02;11:07:28;276,6;;250;-;-;;LB,CT;276,4;276,8;>
2022-02-02;11:07:28;276,6;;55;-;-;;LB,CT;276,4;276,8;>
2022-02-02;11:07:28;276,6;;170;-;-;;LB,CT;276,4;276,8;>
2022-02-02;11:04:01;276;;66;-;-;;LB,CT;276;276,6;<
2022-02-02;11:04:01;276;;209;-;-;;LB,CT;276;276,6;<
2022-02-02;11:03:14;276;;41;-;-;;LB,CT;276;276,6;<
2022-02-02;11:02:55;276,2;;414;-;-;;LB,CT;276;276,6;>
2022-02-02;11:02:55;276,2;;86;-;-;;LB,CT;276;276,6;>
2022-02-02;11:02:30;276,2;;119;-;-;;LB,CT;276,2;276,6;<
2022-02-02;11:02:30;276,2;;7;-;-;;LB,CT;276,2;276,6;<
2022-02-02;11:02:30;276,2;;73;-;-;;LB,CT;276,2;276,6;<
2022-02-02;11:02:08;276,4;;62;-;-;;LB,CT;276;276,4;>
2022-02-02;11:02:08;276,4;;54;-;-;;LB,CT;276;276,4;>
2022-02-02;11:01:14;276,2;;1;-;-;STRO;OB,ON,PRIC,ALGO;275,8;276,4;>
2022-02-02;11:00:15;276;;223;-;-;;LB,CT;275,8;276;>
2022-02-02;11:00:15;276;;9;-;-;;LB,CT;276;276,4;<
2022-02-02;10:58:57;276,4;;250;-;-;;LB,CT;276;276,6;>
2022-02-02;10:58:40;276,4;;54;-;-;;LB,CT;276;276,8;>
2022-02-02;10:54:43;276,2;;2;-;-;;LB,CT;276;276,4;<
2022-02-02;10:54:43;276,2;;268;-;-;;LB,CT;276;276,4;<
2022-02-02;10:50:45;276,6;;250;-;-;;LB,CT;276,4;276,8;>
2022-02-02;10:49:52;276,4;;30;-;-;;LB,CT;276,4;276,8;<
2022-02-02;10:48:27;276,8;;2;-;-;;LB,CT;276,4;276,8;>
2022-02-02;10:44:08;276,6;;150;-;-;;LB,CT;276,2;276,6;>
2022-02-02;10:42:57;276,4;;141;-;-;;LB,CT;276,2;276,6;>
2022-02-02;10:42:57;276,4;;89;-;-;;LB,CT;276,2;276,6;>
2022-02-02;10:42:34;276,6;;50;-;-;;LB,CT;276,4;277;<
2022-02-02;10:42:34;276,6;;200;-;-;;LB,CT;276,4;277;<
2022-02-02;10:42:34;276,6;;189;-;-;;LB,CT;276,4;277;<
2022-02-02;10:42:34;276,6;;220;-;-;;LB,CT;276,4;277;<
2022-02-02;10:38:44;276,6;;4;-;-;;LB,CT;276,4;276,8;<
2022-02-02;10:38:44;276,6;;159;-;-;;LB,CT;276,4;276,8;<
2022-02-02;10:34:21;276,6;;107;-;-;;LB,CT;276,6;277;<
2022-02-02;10:34:21;276,6;;130;-;-;;LB,CT;276,6;277;<
2022-02-02;10:33:07;277;;20;-;-;STRO;OB,ON,PRIC,ALGO;276,6;277,2;>
2022-02-02;10:31:04;277;;2;-;-;;LB,CT;276,6;277;>
2022-02-02;10:30:09;277;;2;-;-;STRO;OB,ON,PRIC,ALGO;276,6;277,2;<
2022-02-02;10:29:30;276,6;;3;-;-;STRO;OB,ON,PRIC,ALGO;276,2;276,8;<
2022-02-02;10:29:30;276,6;;6;-;-;STRO;OB,ON,PRIC,ALGO;276,2;276,8;<
2022-02-02;10:29:30;276,4;;108;-;-;;LB,CT;276,2;276,8;<
2022-02-02;10:29:30;276,4;;53;-;-;;LB,CT;276,2;276,8;<
2022-02-02;10:29:30;276,4;;250;-;-;;LB,CT;276,2;276,8;<
2022-02-02;10:28:43;277;;42;-;-;;LB,CT;276,4;277;>
2022-02-02;10:28:43;277;;53;-;-;;LB,CT;276,4;277;>
2022-02-02;10:25:27;276,4;;368;-;-;CROS;PA,UA;276,2;276,6;
2022-02-02;10:25:27;276,4;;368;-;-;AOD;PA,UA;276,2;276,6;
2022-02-02;10:23:48;276,4;;1;-;-;;LB,CT;276,4;276,8;<
2022-02-02;10:22:19;276,8;;20;-;-;;LB,CT;276,4;277;<
2022-02-02;10:22:10;277;;1;-;-;;LB,CT;276,8;277;>
2022-02-02;10:21:27;276,8;;105;-;-;;LB,CT;276,4;276,8;>
2022-02-02;10:21:27;276,8;;21;-;-;;LB,CT;276,4;276,8;>
2022-02-02;10:20:57;276,8;;174;-;-;;LB,CT;276,6;276,8;<
2022-02-02;10:20:57;276,8;;200;-;-;;LB,CT;276,6;276,8;<
2022-02-02;10:20:38;276,8;;33;-;-;;LB,CT;276,2;276,8;>
2022-02-02;10:20:38;276,8;;124;-;-;;LB,CT;276,2;276,8;>
2022-02-02;10:20:38;276,8;;262;-;-;;LB,CT;276,2;276,8;>
2022-02-02;10:20:38;276,8;;221;-;-;;LB,CT;276,2;276,8;>
2022-02-02;10:20:38;276,8;;293;-;-;;LB,CT;276,2;276,8;>
2022-02-02;10:20:38;276,8;;127;-;-;;LB,CT;276,2;276,8;>
2022-02-02;10:17:06;276,8;;26;-;-;;LB,CT;276,4;277;>
2022-02-02;10:15:26;276,8;;5;-;-;;LB,CT;276,4;276,8;>
2022-02-02;10:14:54;276,4;;79;-;-;;LB,CT;276,2;276,8;>
2022-02-02;10:14:54;276,4;;341;-;-;;LB,CT;276,2;276,8;>
2022-02-02;10:14:30;276,4;;85;-;-;;LB,CT;276;276,8;<
2022-02-02;10:14:30;276,4;;1;-;-;;LB,CT;276;276,8;<
2022-02-02;10:14:12;276,8;;100;-;-;;LB,CT;276,4;276,8;>
2022-02-02;10:14:05;276,8;;1;-;-;;LB,CT;276,4;276,8;>
2022-02-02;10:13:51;276,8;;11;-;-;;LB,CT;276,4;276,8;>
2022-02-02;10:12:09;276,8;;9;-;-;;LB,CT;276,2;276,8;>
2022-02-02;10:11:51;276,4;;86;-;-;;LB,CT;276,2;277;>
2022-02-02;10:11:51;276,4;;133;-;-;;LB,CT;276,2;277;>
2022-02-02;10:11:51;276,4;;220;-;-;;LB,CT;276,4;276,8;>
2022-02-02;10:11:51;276,4;;250;-;-;;LB,CT;276,4;276,8;<
2022-02-02;10:11:51;276,4;;49;-;-;;LB,CT;276,4;276,8;<
2022-02-02;10:11:51;276,4;;201;-;-;;LB,CT;276,4;276,8;<
2022-02-02;10:11:44;276,4;;380;-;-;;LB,CT;276,2;276,4;>
2022-02-02;10:07:15;276,8;;200;-;-;;LB,CT;276,8;277,2;<
2022-02-02;10:07:15;277;;250;-;-;;LB,CT;277;277,4;<
2022-02-02;10:06:20;277,2;;180;-;-;;LB,CT;276,8;277,2;>
2022-02-02;10:06:20;277,2;;11;-;-;;LB,CT;276,8;277,2;>
2022-02-02;10:06:20;277,2;;1;-;-;;LB,CT;276,8;277,2;>
2022-02-02;10:05:44;277;;8;-;-;;LB,CT;276,6;277;>
2022-02-02;10:05:44;277;;46;-;-;;LB,CT;276,6;277;>
2022-02-02;10:05:12;277;;100;-;-;;LB,CT;276,4;276,8;>
2022-02-02;10:05:12;276,8;;250;-;-;;LB,CT;276,4;276,8;>
2022-02-02;10:04:33;276,4;;4;-;-;;LB,CT;276,4;277;<
2022-02-02;10:04:04;276,6;;31;-;-;;LB,CT;276,4;277;<
2022-02-02;10:03:27;277;;750;-;-;;LB,CT;276,6;277;<
2022-02-02;10:03:27;277;;250;-;-;;LB,CT;276,6;277;>
2022-02-02;10:02:15;276,4;;54;-;-;STRO;OB,ON,PRIC,ALGO;276,2;276,6;>
2022-02-02;10:02:15;276,6;;91;-;-;;LB,CT;276;276,6;>
2022-02-02;10:01:28;276;;3;-;-;;LB,CT;276;276,2;<
2022-02-02;10:01:25;276,2;;2;-;-;;LB,CT;276,2;276,6;<
2022-02-02;09:57:29;275,8;;128;-;-;;LB,CT;275,4;275,8;>
2022-02-02;09:57:29;275,8;;72;-;-;;LB,CT;275,4;275,8;>
2022-02-02;09:57:29;275,8;;160;-;-;;LB,CT;275,4;275,8;>
2022-02-02;09:56:12;275,8;;18;-;-;;LB,CT;275,2;275,8;>
2022-02-02;09:54:26;275,4;;29;-;-;;LB,CT;275,4;275,8;<
2022-02-02;09:54:18;275,4;;250;-;-;;LB,CT;275,2;275,6;<
2022-02-02;09:54:17;275,6;;62;-;-;;LB,CT;275,4;275,8;<
2022-02-02;09:54:08;275,8;;75;-;-;;LB,CT;275,8;276,2;<
2022-02-02;09:54:08;275,8;;1;-;-;;LB,CT;275,8;276,2;<
2022-02-02;09:54:08;275,8;;250;-;-;;LB,CT;275,8;276,2;<
2022-02-02;09:51:33;275,2;;55;-;-;;LB,CT;274,6;275;>
2022-02-02;09:51:33;275,2;;41;-;-;;LB,CT;274,6;275;>
2022-02-02;09:51:33;275;;160;-;-;;LB,CT;274,6;275;>
2022-02-02;09:51:33;275;;90;-;-;;LB,CT;274,6;275;>
2022-02-02;09:47:33;274,8;;63;-;-;;LB,CT;274,6;275,2;<
2022-02-02;09:47:12;275;;141;-;-;;LB,CT;274,8;275,2;>
2022-02-02;09:46:01;275;;140;-;-;;LB,CT;274,8;275,2;>
2022-02-02;09:46:01;275;;110;-;-;;LB,CT;274,8;275,2;>
2022-02-02;09:46:01;275;;140;-;-;;LB,CT;274,8;275,2;>
2022-02-02;09:44:54;275;;190;-;-;;LB,CT;274,6;275;>
2022-02-02;09:44:54;275;;120;-;-;;LB,CT;274,6;275;>
2022-02-02;09:44:54;274,8;;106;-;-;;LB,CT;274,6;275;>
2022-02-02;09:44:54;274,8;;142;-;-;;LB,CT;274,6;275;>
2022-02-02;09:44:19;274,8;;2;-;-;;LB,CT;274,2;274,8;>
2022-02-02;09:42:13;274,6;;54;-;-;;LB,CT;274,2;274,8;>
2022-02-02;09:40:58;273,8;;18;-;-;;LB,CT;273,8;274,4;>
2022-02-02;09:40:58;273,8;;2;-;-;;LB,CT;273,8;274,4;<
2022-02-02;09:40:51;274,4;;15;-;-;;LB,CT;273,8;274,4;>
2022-02-02;09:39:58;274;;18;-;-;;LB,CT;273,6;274,4;<
2022-02-02;09:39:58;274;;5;-;-;;LB,CT;273,6;274,4;<
2022-02-02;09:39:58;274;;30;-;-;;LB,CT;273,6;274,4;<
2022-02-02;09:37:11;274,6;;58;-;-;;LB,CT;274,6;275;<
2022-02-02;09:35:37;274,6;;4;-;-;;LB,CT;274,2;274,8;<
2022-02-02;09:34:26;274,8;;5;-;-;STRO;OB,ON,PRIC,ALGO;274,2;275;<
2022-02-02;09:33:09;274,8;;10;-;-;;LB,CT;274,8;275,2;<
2022-02-02;09:31:53;275,6;;2;-;-;;LB,CT;275,2;275,8;>
2022-02-02;09:28:51;275,4;;90;-;-;;LB,CT;275,2;275,6;>
2022-02-02;09:28:51;275,4;;34;-;-;;LB,CT;275,2;275,6;>
2022-02-02;09:28:42;275,4;;10;-;-;;LB,CT;275;275,4;>
2022-02-02;09:28:37;275,4;;53;-;-;;LB,CT;275;275,4;>
2022-02-02;09:27:33;275,4;;29;-;-;CROS;PA,UA;275;275,8;
2022-02-02;09:27:33;275,4;;29;-;-;AOD;PA,UA;275;275,8;
2022-02-02;09:27:13;275,2;;11;-;-;;LB,CT;275;275,4;<
2022-02-02;09:27:13;275,2;;58;-;-;;LB,CT;275;275,4;<
2022-02-02;09:27:13;275,2;;406;-;-;;LB,CT;275;275,4;<
2022-02-02;09:27:13;275,2;;94;-;-;;LB,CT;275;275,4;<
2022-02-02;09:26:04;275,2;;49;-;-;;LB,CT;274,8;275,2;>
2022-02-02;09:26:04;275,2;;41;-;-;;LB,CT;274,8;275,2;>
2022-02-02;09:26:04;275,2;;99;-;-;;LB,CT;274,8;275,2;>
2022-02-02;09:26:04;275,2;;10;-;-;;LB,CT;274,6;275,2;>
2022-02-02;09:24:45;274,8;;20;-;-;STRO;OB,ON,PRIC,ALGO;274,4;275,2;<
2022-02-02;09:23:56;275,2;;62;-;-;;LB,CT;275;275,6;<
2022-02-02;09:23:56;275,2;;250;-;-;;LB,CT;275;275,6;<
2022-02-02;09:22:48;275,6;;20;-;-;;LB,CT;275,2;275,8;<
2022-02-02;09:21:03;276;;100;-;-;STRO;OB,ON,PRIC,ALGO;275,6;276,2;>
2022-02-02;09:20:27;276,2;;90;-;-;;LB,CT;276;276,6;>
2022-02-02;09:20:27;276,2;;170;-;-;;LB,CT;276;276,6;>
2022-02-02;09:20:27;276,2;;168;-;-;;LB,CT;276;276,6;>
2022-02-02;09:20:26;276;;170;-;-;;LB,CT;275,8;276,2;>
2022-02-02;09:20:26;275,8;;2;-;-;;LB,CT;275,2;275,8;>
2022-02-02;09:20:26;275,8;;88;-;-;;LB,CT;275,2;275,8;>
2022-02-02;09:19:57;275,2;;180;-;-;;LB,CT;275,2;275,8;<
2022-02-02;09:19:57;275,2;;57;-;-;;LB,CT;275,2;275,8;<
2022-02-02;09:19:57;275,2;;250;-;-;;LB,CT;275,2;275,8;<
2022-02-02;09:18:41;276;;12;-;-;;LB,CT;276;276,2;<
2022-02-02;09:18:10;275,4;;250;-;-;;LB,CT;275;275,8;<
2022-02-02;09:18:00;275,8;;97;-;-;;LB,CT;275;275,8;>
2022-02-02;09:18:00;275,4;;403;-;-;MID;DB,CT;275;275,8;>
2022-02-02;09:16:17;276,2;;10;-;-;;LB,CT;275,4;276,2;>
2022-02-02;09:16:15;276,2;;72;-;-;;LB,CT;275,6;276,2;>
2022-02-02;09:16:03;276;;2;-;-;;LB,CT;275,6;276,2;<
2022-02-02;09:15:30;276,2;;250;-;-;;LB,CT;276;276,6;>
2022-02-02;09:15:25;276,2;;260;-;-;;LB,CT;276,4;277;>
2022-02-02;09:15:25;276,2;;61;-;-;;LB,CT;276,4;277;<
2022-02-02;09:15:14;276,4;;10;-;-;;LB,CT;276,4;277;<
2022-02-02;09:14:58;276,6;;100;-;-;;LB,CT;276;276,6;>
2022-02-02;09:14:44;276,2;;112;-;-;;LB,CT;276,4;277;>
2022-02-02;09:14:44;276,2;;108;-;-;;LB,CT;276,4;277;>
2022-02-02;09:14:44;276,4;;60;-;-;;LB,CT;276,4;277;<
2022-02-02;09:14:44;276,4;;58;-;-;;LB,CT;276,4;277;<
2022-02-02;09:14:36;276,6;;65;-;-;;LB,CT;276,2;276,8;>
2022-02-02;09:14:29;276,2;;100;-;-;;LB,CT;276;276,2;>
2022-02-02;09:14:29;276,2;;120;-;-;;LB,CT;276;276,2;>
2022-02-02;09:14:29;276,2;;118;-;-;;LB,CT;276;276,2;<
2022-02-02;09:14:29;276,2;;250;-;-;;LB,CT;276;276,2;<
2022-02-02;09:14:29;276,2;;250;-;-;;LB,CT;276;276,2;>
2022-02-02;09:14:04;276,6;;106;-;-;;LB,CT;276,6;277;<
2022-02-02;09:14:04;276,6;;134;-;-;;LB,CT;276,6;277;<
2022-02-02;09:13:38;276,6;;260;-;-;;LB,CT;276,2;276,6;>
2022-02-02;09:13:30;276,6;;250;-;-;;LB,CT;276,2;276,6;<
2022-02-02;09:13:21;276,6;;45;-;-;;LB,CT;276,6;277;<
2022-02-02;09:13:21;276,6;;205;-;-;;LB,CT;276,6;277;<
2022-02-02;09:13:17;276,8;;59;-;-;;LB,CT;276,6;277,2;<
2022-02-02;09:13:16;277;;138;-;-;;LB,CT;276,6;277,4;>
2022-02-02;09:13:16;277;;30;-;-;;LB,CT;276,6;277,4;>
2022-02-02;09:13:16;277;;93;-;-;;LB,CT;276,6;277,4;>
2022-02-02;09:13:16;276,8;;74;-;-;;LB,CT;276,6;277,4;>
2022-02-02;09:13:16;276,8;;54;-;-;;LB,CT;276,6;277,4;>
2022-02-02;09:13:16;276,8;;83;-;-;;LB,CT;276,6;277,4;>
2022-02-02;09:13:16;276,6;;3240;-;-;;LB,CT;275,8;276,4;<
2022-02-02;09:13:16;276,6;;263;-;-;;LB,CT;275,8;276,4;>
2022-02-02;09:13:16;276,6;;190;-;-;;LB,CT;275,8;276,4;>
2022-02-02;09:13:16;276,6;;57;-;-;;LB,CT;275,8;276,4;>
2022-02-02;09:13:16;276,4;;250;-;-;;LB,CT;275,8;276,4;>
2022-02-02;09:13:13;275,8;;88;-;-;;LB,CT;275,8;276,4;<
2022-02-02;09:13:13;275,8;;23;-;-;;LB,CT;275,8;276,4;<
2022-02-02;09:13:08;276;;57;-;-;;LB,CT;276;276,4;<
2022-02-02;09:13:08;276;;93;-;-;;LB,CT;276;276,4;<
2022-02-02;09:13:08;276;;97;-;-;;LB,CT;276;276,4;<
2022-02-02;09:13:08;276;;153;-;-;;LB,CT;276;276,4;<
2022-02-02;09:13:08;276;;97;-;-;;LB,CT;276;276,4;<
2022-02-02;09:13:05;276,6;;35;-;-;;LB,CT;276;276,6;>
2022-02-02;09:12:53;276,4;;54;-;-;;LB,CT;276,2;276,8;<
2022-02-02;09:12:53;276,4;;3;-;-;;LB,CT;276,2;276,8;<
2022-02-02;09:12:53;276,4;;120;-;-;;LB,CT;276,2;276,8;<
2022-02-02;09:12:52;276,6;;58;-;-;;LB,CT;276,6;276,8;<
2022-02-02;09:12:51;276,6;;177;-;-;;LB,CT;276,6;276,8;<
2022-02-02;09:12:51;276,8;;250;-;-;;LB,CT;276,6;276,8;>
2022-02-02;09:12:42;277;;23;-;-;;LB,CT;276,6;277,2;>
2022-02-02;09:12:42;277;;23;-;-;;LB,CT;276,6;277,2;>
2022-02-02;09:12:42;277;;23;-;-;;LB,CT;276,6;277,2;>
2022-02-02;09:12:18;277;;85;-;-;;LB,CT;277;277,4;<
2022-02-02;09:12:18;277,2;;28;-;-;;LB,CT;277;277,4;<
2022-02-02;09:12:11;277,2;;250;-;-;;LB,CT;277;277,4;>
2022-02-02;09:12:10;277,2;;25;-;-;;LB,CT;276,6;277,2;>
2022-02-02;09:12:09;277;;16;-;-;;LB,CT;276,6;277,2;>
2022-02-02;09:12:09;277;;25;-;-;;LB,CT;276,6;277,2;>
2022-02-02;09:12:07;276,8;;45;-;-;;LB,CT;276,2;277;>
2022-02-02;09:12:06;276,8;;45;-;-;;LB,CT;276,2;276,8;>
2022-02-02;09:12:06;276,8;;20;-;-;;LB,CT;276,2;276,8;>
2022-02-02;09:11:59;276,4;;45;-;-;;LB,CT;276,2;276,8;>
2022-02-02;09:11:59;276,4;;20;-;-;;LB,CT;276,2;276,8;>
2022-02-02;09:11:56;276,2;;45;-;-;;LB,CT;275,8;276,4;<
2022-02-02;09:11:55;276;;45;-;-;;LB,CT;276,2;276,4;>
2022-02-02;09:11:54;276,2;;45;-;-;;LB,CT;275,8;276,4;>
2022-02-02;09:11:47;276,2;;187;-;-;;LB,CT;276,2;276,6;<
2022-02-02;09:11:47;276,4;;1000;-;-;;LB,CT;276,2;276,6;>
2022-02-02;09:11:47;276,4;;433;-;-;;LB,CT;276,2;276,6;>
2022-02-02;09:11:47;276,4;;567;-;-;;LB,CT;276,2;276,6;>
2022-02-02;09:11:46;276,4;;534;-;-;;LB,CT;276,2;276,8;>
2022-02-02;09:11:46;276,4;;466;-;-;;LB,CT;276,2;276,8;>
2022-02-02;09:11:41;276,2;;750;-;-;;LB,CT;275,6;276,2;<
2022-02-02;09:11:41;276,2;;250;-;-;;LB,CT;275,6;276,2;>
2022-02-02;09:11:30;276;;1;-;-;;LB,CT;276,2;276,6;<
2022-02-02;09:11:30;276;;20;-;-;;LB,CT;276,2;276,6;<
2022-02-02;09:11:30;276,2;;190;-;-;;LB,CT;276,2;276,6;<
2022-02-02;09:11:30;276,2;;250;-;-;;LB,CT;276,2;276,6;<
2022-02-02;09:11:29;276,4;;228;-;-;;LB,CT;276,4;276,8;<
2022-02-02;09:11:29;276,4;;22;-;-;;LB,CT;276,4;276,8;<
2022-02-02;09:11:29;276,4;;3;-;-;;LB,CT;276,4;276,8;<
2022-02-02;09:11:27;276,6;;225;-;-;;LB,CT;276,6;276,8;<
2022-02-02;09:11:26;276,6;;25;-;-;;LB,CT;276,6;277;<
2022-02-02;09:11:10;277;;12;-;-;;LB,CT;276,6;277;>
2022-02-02;09:11:10;277;;888;-;-;;LB,CT;276,6;277;>
2022-02-02;09:11:10;277;;112;-;-;;LB,CT;276,6;277;>
2022-02-02;09:11:10;277;;170;-;-;;LB,CT;276,6;277;>
2022-02-02;09:11:07;276,8;;250;-;-;;LB,CT;276,6;277;>
2022-02-02;09:10:53;276,6;;3;-;-;;LB,CT;276,4;276,8;<
2022-02-02;09:10:51;276,6;;290;-;-;;LB,CT;276,6;276,8;<
2022-02-02;09:10:51;276,6;;17;-;-;;LB,CT;276,6;276,8;>
2022-02-02;09:10:51;276,6;;200;-;-;;LB,CT;276,6;276,8;>
2022-02-02;09:10:49;276,4;;21;-;-;;LB,CT;276;276,4;>
2022-02-02;09:10:49;276,4;;247;-;-;;LB,CT;276;276,4;>
2022-02-02;09:10:49;276,4;;3;-;-;;LB,CT;276;276,4;>
2022-02-02;09:08:58;276,2;;250;-;-;;LB,CT;276;276,4;>
2022-02-02;09:08:58;276;;54;-;-;;LB,CT;275,4;276;>
2022-02-02;09:08:58;276;;250;-;-;;LB,CT;275,4;276;>
2022-02-02;09:08:43;275,8;;10;-;-;;LB,CT;275,4;276;<
2022-02-02;09:08:29;275,8;;250;-;-;;LB,CT;275,4;275,8;>
2022-02-02;09:08:28;275,8;;3;-;-;STRO;OB,ON,PRIC,ALGO;275,4;276;>
2022-02-02;09:08:27;275,6;;25;-;-;;LB,CT;275,4;275,8;>
2022-02-02;09:08:27;275,6;;19;-;-;;LB,CT;275,4;275,8;>
2022-02-02;09:08:26;275,8;;3;-;-;;LB,CT;275,4;275,8;>
2022-02-02;09:08:24;275,8;;3;-;-;;LB,CT;275,4;275,8;>
2022-02-02;09:08:16;275,6;;25;-;-;;LB,CT;275,4;275,8;>
2022-02-02;09:08:14;275,2;;25;-;-;;LB,CT;275,2;275,6;<
2022-02-02;09:07:59;275,4;;250;-;-;;LB,CT;275,2;275,6;>
2022-02-02;09:07:27;274,8;;1;-;-;;LB,CT;274,4;274,8;>
2022-02-02;09:07:12;274,4;;200;-;-;;LB,CT;274,2;274,6;<
2022-02-02;09:07:12;274,4;;430;-;-;;LB,CT;274,2;274,6;<
2022-02-02;09:07:04;274,6;;2;-;-;;LB,CT;274,6;274,8;<
2022-02-02;09:07:04;274,6;;17;-;-;;LB,CT;274,6;274,8;<
2022-02-02;09:06:43;274,4;;24;-;-;;LB,CT;274;274,4;>
2022-02-02;09:06:43;274,4;;3;-;-;;LB,CT;274;274,4;>
2022-02-02;09:06:43;274,4;;237;-;-;;LB,CT;274;274,4;>
2022-02-02;09:06:42;274,4;;10;-;-;;LB,CT;273,6;274,2;>
2022-02-02;09:06:42;274,2;;660;-;-;;LB,CT;273,6;274,2;<
2022-02-02;09:06:42;274,2;;90;-;-;;LB,CT;273,6;274,2;>
2022-02-02;09:06:42;274,2;;250;-;-;;LB,CT;273,6;274,2;>
2022-02-02;09:06:17;273,8;;90;-;-;;LB,CT;273,6;274;>
2022-02-02;09:06:17;273,8;;25;-;-;;LB,CT;273,6;274;>
2022-02-02;09:06:15;273,6;;25;-;-;;LB,CT;273,6;274;<
2022-02-02;09:06:03;274;;79;-;-;;LB,CT;273,6;274;>
2022-02-02;09:05:50;274;;250;-;-;;LB,CT;274;274,6;<
2022-02-02;09:05:27;274,2;;30;-;-;;LB,CT;274,2;275;<
2022-02-02;09:05:17;274,6;;250;-;-;;LB,CT;274,2;274,8;<
2022-02-02;09:04:56;274,8;;2;-;-;;LB,CT;274,8;275;<
2022-02-02;09:04:33;275,2;;1;-;-;;LB,CT;274,6;275,2;>
2022-02-02;09:04:05;275;;2;-;-;;LB,CT;275;275,6;<
2022-02-02;09:04:05;275;;138;-;-;;LB,CT;275;275,6;<
2022-02-02;09:03:16;275,6;;220;-;-;;LB,CT;275,6;276,6;<
2022-02-02;09:03:16;275,6;;30;-;-;;LB,CT;275,6;276,6;<
2022-02-02;09:03:08;276;;217;-;-;;LB,CT;275,2;276,4;>
2022-02-02;09:03:03;276;;76;-;-;CROS;PA,UA;275,2;276;
2022-02-02;09:03:03;276;;76;-;-;AOD;PA,UA;275,2;276;
2022-02-02;09:02:55;275,2;;95;-;-;;LB,CT;274,4;275;>
2022-02-02;09:02:55;275;;141;-;-;;LB,CT;274,4;275;>
2022-02-02;09:02:51;275;;237;-;-;;LB,CT;274,4;275,2;>
2022-02-02;09:02:51;275;;187;-;-;;LB,CT;274,4;275,2;>
2022-02-02;09:02:51;274,8;;72;-;-;;LB,CT;274,4;275,2;<
2022-02-02;09:02:07;274,6;;424;-;-;CROS;PA,UA;274;275;>
2022-02-02;09:02:07;274,6;;43;-;-;;LB,CT;273,8;274,6;>
2022-02-02;09:02:07;274,6;;250;-;-;;LB,CT;273,8;274,6;>
2022-02-02;09:02:07;274,6;;424;-;-;AOD;PA,UA;273,8;274,6;
2022-02-02;09:01:50;274,4;;53;-;-;;LB,CT;273,6;274,8;<
2022-02-02;09:01:50;274,4;;13;-;-;;LB,CT;273,6;274,8;<
2022-02-02;09:00:53;274,4;;18;-;-;CROS;PA,UA;273,8;275;
2022-02-02;09:00:53;274,4;;18;-;-;AOD;PA,UA;273,8;275;
2022-02-02;09:00:53;274,8;;165;-;-;;LB,CT;273,8;274,8;>
2022-02-02;09:00:53;274,8;;93;-;-;;LB,CT;273,8;274,8;>
2022-02-02;09:00:27;275;;1;-;-;;LB,CT;273,8;275;>
2022-02-02;09:00:04;274,4;;4;-;-;CROS;PA,UA;273,8;275;
2022-02-02;09:00:04;274,4;;4;-;-;AOD;PA,UA;273,8;275;
2022-02-02;09:00:04;274,8;;2;-;-;CROS;LB,OA;273,8;275;<
2022-02-02;09:00:04;274,8;;4;-;-;CROS;LB,OA;273,8;275;<
2022-02-02;09:00:04;274,8;;6;-;-;CROS;LB,OA;273,8;275;<
2022-02-02;09:00:04;274,8;;18;-;-;CROS;LB,OA;273,8;275;<
2022-02-02;09:00:04;274,8;;14;-;-;CROS;LB,OA;273,8;275;<
2022-02-02;09:00:04;274,8;;3;-;-;CROS;LB,OA;273,8;275;<
2022-02-02;09:00:04;274,8;;14;-;-;CROS;LB,OA;273,8;275;<
2022-02-02;09:00:04;274,8;;1;-;-;CROS;LB,OA;273,8;275;<
2022-02-02;09:00:04;274,8;;6;-;-;CROS;LB,OA;273,8;275;<
2022-02-02;09:00:04;274,8;;2;-;-;CROS;LB,OA;273,8;275;<
2022-02-02;09:00:04;274,8;;5;-;-;CROS;LB,OA;273,8;275;<
2022-02-02;09:00:04;274,8;;20;-;-;CROS;LB,OA;273,8;275;<
2022-02-02;09:00:04;274,8;;2;-;-;CROS;LB,OA;273,8;275;<
2022-02-02;09:00:04;274,8;;3;-;-;CROS;LB,OA;273,8;275;<
2022-02-02;09:00:04;274,8;;1;-;-;CROS;LB,OA;273,8;275;<
2022-02-02;09:00:04;274,8;;1;-;-;CROS;LB,OA;273,8;275;<
2022-02-02;09:00:04;274,8;;8;-;-;CROS;LB,OA;273,8;275;<
2022-02-02;09:00:04;274,8;;7;-;-;CROS;LB,OA;273,8;275;<
2022-02-02;09:00:04;274,8;;4;-;-;CROS;LB,OA;273,8;275;<
2022-02-02;09:00:04;274,8;;1;-;-;CROS;LB,OA;273,8;275;<
2022-02-02;09:00:04;274,8;;2;-;-;CROS;LB,OA;273,8;275;<
2022-02-02;09:00:04;274,8;;2;-;-;CROS;LB,OA;273,8;275;<
2022-02-02;09:00:04;274,8;;1;-;-;CROS;LB,OA;273,8;275;<
2022-02-02;09:00:04;274,8;;121;-;-;;LB,CT;273,8;275;<
2022-02-02;09:00:04;274,8;;127;-;-;AUCT;LB,OA;273,8;275;
