2022-01-31;17:29:33;145,3;;29;BBI;MLEX;CROS;LB,CA;145,3;145,3;
2022-01-31;17:29:33;145,3;;8;MLEX;MLEX;CROS;LB,CA;145,3;145,3;
2022-01-31;17:29:33;145,3;;5;MLEX;AVA;CROS;LB,CA;145,3;145,3;
2022-01-31;17:29:33;145,3;;19;MLEX;SWB;CROS;LB,CA;145,3;145,3;
2022-01-31;17:29:33;145,3;;17;BBI;SWB;CROS;LB,CA;145,3;145,3;
2022-01-31;17:29:33;145,3;;32;MLEX;SWB;CROS;LB,CA;145,3;145,3;
2022-01-31;17:29:33;145,3;;14;BBI;SWB;CROS;LB,CA;145,3;145,3;
2022-01-31;17:29:33;145,3;;5;BBI;MSE;CROS;LB,CA;145,3;145,3;
2022-01-31;17:29:33;145,3;;21;BBI;MSE;CROS;LB,CA;145,3;145,3;
2022-01-31;17:29:33;145,3;;37;MLEX;MSE;CROS;LB,CA;145,3;145,3;
2022-01-31;17:29:33;145,3;;202;MLEX;MSE;CROS;LB,CA;145,3;145,3;
2022-01-31;17:29:33;145,3;;21;MSE;MSE;CROS;LB,CA;145,3;145,3;
2022-01-31;17:29:33;145,3;;162;MLEX;MSE;CROS;LB,CA;145,3;145,3;
2022-01-31;17:29:33;145,3;;120;MLEX;JTEU;CROS;LB,CA;145,3;145,3;
2022-01-31;17:29:33;145,3;;18;MSE;JTEU;CROS;LB,CA;145,3;145,3;
2022-01-31;17:29:33;145,3;;5;MSE;JTEU;CROS;LB,CA;145,3;145,3;
2022-01-31;17:29:33;145,3;;10;CSV;JTEU;CROS;LB,CA;145,3;145,3;
2022-01-31;17:29:33;145,3;;100;MSE;JTEU;CROS;LB,CA;145,3;145,3;
2022-01-31;17:29:33;145,3;;474;MSE;GSAG;CROS;LB,CA;145,3;145,3;
2022-01-31;17:29:33;145,3;;1;MSE;GSAG;CROS;LB,CA;145,3;145,3;
2022-01-31;17:29:33;145,3;;55;MSE;GSAG;CROS;LB,CA;145,3;145,3;
2022-01-31;17:29:33;145,3;;22;MSE;IEGG;CROS;LB,CA;145,3;145,3;
2022-01-31;17:29:33;145,3;;99;ENS;IEGG;CROS;LB,CA;145,3;145,3;
2022-01-31;17:29:33;145,3;;457;ENS;BBI;CROS;LB,CA;145,3;145,3;
2022-01-31;17:29:33;145,3;;7;ENS;UBS;CROS;LB,CA;145,3;145,3;
2022-01-31;17:29:33;145,3;;38;ENS;UBS;CROS;LB,CA;145,3;145,3;
2022-01-31;17:29:33;145,3;;98;ENS;UBS;CROS;LB,CA;145,3;145,3;
2022-01-31;17:29:33;145,3;;188;ENS;JPAG;CROS;LB,CA;145,3;145,3;
2022-01-31;17:29:33;145,3;;49;ENS;UBS;CROS;LB,CA;145,3;145,3;
2022-01-31;17:29:33;145,3;;86;ENS;GSAG;CROS;LB,CA;145,3;145,3;
2022-01-31;17:29:33;145,3;;42;ENS;JPAG;CROS;LB,CA;145,3;145,3;
2022-01-31;17:29:33;145,3;;122;MLEX;JPAG;CROS;LB,CA;145,3;145,3;
2022-01-31;17:29:33;145,3;;178;MLEX;JPAG;CROS;LB,CA;145,3;145,3;
2022-01-31;17:29:33;145,3;;71;MLEX;JPAG;CROS;LB,CA;145,3;145,3;
2022-01-31;17:29:33;145,3;;72;JPAG;JPAG;CROS;LB,CA;145,3;145,3;
2022-01-31;17:29:33;145,3;;1;JPAG;JPAG;CROS;LB,CA;145,3;145,3;
2022-01-31;17:29:33;145,3;;53;JPAG;JPAG;CROS;LB,CA;145,3;145,3;
2022-01-31;17:29:33;145,3;;19;JPAG;JPAG;CROS;LB,CA;145,3;145,3;
2022-01-31;17:29:33;145,3;;7;JPAG;GSAG;CROS;LB,CA;145,3;145,3;
2022-01-31;17:29:33;145,3;;2964;-;-;AUCT;LB,CA;145,3;145,3;
2022-01-31;17:24:52;145,3;;18;MLEX;SWB;;LB,CT;145,05;145,3;>
2022-01-31;17:24:49;145,05;;5;MLEX;NRD;;LB,CT;145,05;145,3;<
2022-01-31;17:24:49;145,05;;170;MLEX;NRD;;LB,CT;145,05;145,3;<
2022-01-31;17:24:41;145,05;;48;MLEX;GSAG;;LB,CT;145,05;145,3;<
2022-01-31;17:24:33;145,05;;11;MLEX;GSAG;;LB,CT;145,05;145,3;<
2022-01-31;17:22:45;145,05;;14;BBI;GSAG;;LB,CT;145,05;145,35;<
2022-01-31;17:22:13;145,05;;3;BBI;AVA;;LB,CT;145,05;145,35;<
2022-01-31;17:22:07;145,15;;28;MLEX;MLEX;;LB,CT;145,15;145,35;<
2022-01-31;17:22:00;145,25;;21;AVA;MLEX;;LB,CT;145,25;145,4;<
2022-01-31;17:22:00;145,25;;150;AVA;MLEX;;LB,CT;145,25;145,4;<
2022-01-31;17:21:39;145,15;;70;IEGG;NON;;LB,CT;145,15;145,4;<
2022-01-31;17:20:36;145,25;;71;MSE;BBI;;LB,CT;145,25;145,45;<
2022-01-31;17:20:36;145,25;;21;MLEX;BBI;;LB,CT;145,25;145,45;<
2022-01-31;17:20:36;145,25;;1;JPAG;BBI;;LB,CT;145,25;145,45;<
2022-01-31;17:20:18;145,25;;192;JPAG;BBI;;LB,CT;145,25;145,55;>
2022-01-31;17:20:18;145,25;;93;JPAG;JPAG;;LB,CT;145,25;145,55;>
2022-01-31;17:20:08;145,2;;9;JPAG;GSAG;;LB,CT;145;145,2;>
2022-01-31;17:20:08;145,2;;56;JPAG;JPAG;;LB,CT;145;145,2;>
2022-01-31;17:20:08;145,2;;90;JPAG;JPAG;;LB,CT;145;145,2;>
2022-01-31;17:20:08;145,2;;57;JPAG;JPAG;;LB,CT;145;145,2;>
2022-01-31;17:19:08;145;;9;MLEX;MSE;;LB,CT;145;145,2;<
2022-01-31;17:18:44;145;;8;MSE;GSAG;;LB,CT;145;145,2;<
2022-01-31;17:18:41;145,05;;100;XTXE;AVA;;LB,CT;145,05;145,25;<
2022-01-31;17:17:13;145,2;;28;MLEX;MLEX;;LB,CT;145,1;145,4;<
2022-01-31;17:16:38;145,3;;26;MLEX;XTXE;;LB,CT;145,3;145,55;<
2022-01-31;17:16:38;145,35;;186;MSE;BBI;;LB,CT;145,3;145,55;<
2022-01-31;17:15:03;145,45;;56;MLEX;JPAG;;LB,CT;145,45;145,6;<
2022-01-31;17:15:02;145,45;;56;MLEX;JPAG;;LB,CT;145,45;145,6;<
2022-01-31;17:14:55;145,6;;161;XTXE;BBI;;LB,CT;145,3;145,55;>
2022-01-31;17:14:55;145,6;;5;XTXE;JPAG;;LB,CT;145,3;145,55;>
2022-01-31;17:14:55;145,6;;4;XTXE;NON;;LB,CT;145,3;145,55;>
2022-01-31;17:14:55;145,55;;16;XTXE;GSAG;;LB,CT;145,3;145,55;>
2022-01-31;17:14:55;145,55;;56;XTXE;JPAG;;LB,CT;145,3;145,55;>
2022-01-31;17:14:55;145,55;;10;XTXE;JPAG;;LB,CT;145,3;145,55;>
2022-01-31;17:14:55;145,55;;4;XTXE;JPAG;;LB,CT;145,3;145,55;>
2022-01-31;17:14:55;145,55;;61;XTXE;JPAG;;LB,CT;145,3;145,55;>
2022-01-31;17:14:22;145,35;;4;MSE;GSAG;;LB,CT;145,35;145,55;<
2022-01-31;17:12:49;145,45;;17;MLEX;IEGG;;LB,CT;145,45;145,6;<
2022-01-31;17:12:37;145,45;;56;MLEX;JPAG;;LB,CT;145,3;145,6;<
2022-01-31;17:12:30;145,3;;8;MLEX;GSAG;;LB,CT;145,3;145,6;<
2022-01-31;17:11:51;145,3;;258;SIS;AVA;;LB,CT;145,25;145,6;>
2022-01-31;17:11:51;145,3;;3;MSE;AVA;;LB,CT;145,25;145,6;<
2022-01-31;17:11:51;145,3;;152;UBS;AVA;;LB,CT;145,25;145,6;<
2022-01-31;17:11:13;145,4;;1;JPAG;MLEX;;LB,CT;145,4;145,6;<
2022-01-31;17:11:13;145,4;;18;MLEX;MLEX;;LB,CT;145,4;145,6;<
2022-01-31;17:10:30;145,45;;1;JPAG;IEGG;;LB,CT;145,4;145,65;<
2022-01-31;17:10:21;145,55;;31;MLEX;MSE;;LB,CT;145,45;145,65;<
2022-01-31;17:09:43;145,6;;8;MLEX;GSAG;;LB,CT;145,6;145,7;<
2022-01-31;17:09:43;145,6;;56;MLEX;JPAG;;LB,CT;145,6;145,7;<
2022-01-31;17:09:29;145,75;;21;MLEX;MLEX;;LB,CT;145,6;145,95;<
2022-01-31;17:09:29;145,75;;68;MLEX;AVA;;LB,CT;145,75;146;<
2022-01-31;17:08:22;145,75;;8;MLEX;GSAG;;LB,CT;145,75;146;<
2022-01-31;17:08:20;145,75;;73;MLEX;JPAG;;LB,CT;145,75;146;<
2022-01-31;17:08:19;145,8;;42;XTXE;MSE;;LB,CT;145,75;146;>
2022-01-31;17:08:19;145,75;;977;BBI;IEGG;;LB,CT;145,75;146;>
2022-01-31;17:08:19;145,75;;263;JPAG;IEGG;;LB,CT;145,75;146;<
2022-01-31;17:08:19;145,75;;160;MLEX;IEGG;;LB,CT;145,75;146;<
2022-01-31;17:06:32;146;;25;AVA;AVA;;LB,CT;145,75;146;>
2022-01-31;17:03:33;145,7;;1;XTXE;AVA;;LB,CT;145,7;146;<
2022-01-31;17:03:15;145,7;;56;XTXE;JPAG;;LB,CT;145,7;145,75;<
2022-01-31;17:00:21;145,95;;4;AVA;JPAG;;LB,CT;145,75;145,95;>
2022-01-31;16:59:53;145,95;;5;MLEX;XTXE;;LB,CT;145,6;145,9;>
2022-01-31;16:59:53;145,95;;7;MLEX;XTXE;;LB,CT;145,6;145,9;>
2022-01-31;16:59:53;145,95;;5;MLEX;XTXE;;LB,CT;145,6;145,9;>
2022-01-31;16:59:53;145,95;;4;MLEX;XTXE;;LB,CT;145,6;145,9;>
2022-01-31;16:59:53;145,9;;4;MLEX;JPAG;;LB,CT;145,6;145,9;>
2022-01-31;16:59:53;145,85;;5;MLEX;UBS;;LB,CT;145,6;145,9;>
2022-01-31;16:59:50;145,7;;4;BBI;JPAG;;LB,CT;145,45;145,8;>
2022-01-31;16:59:50;145,7;;104;BBI;BBI;;LB,CT;145,45;145,8;>
2022-01-31;16:57:21;145,6;;56;MLEX;JPAG;;LB,CT;145,4;145,6;>
2022-01-31;16:57:21;145,6;;200;MLEX;AVA;;LB,CT;145,4;145,6;>
2022-01-31;16:57:21;145,6;;107;MLEX;BBI;;LB,CT;145,4;145,6;>
2022-01-31;16:55:02;145,6;;134;JPAG;XTXE;;LB,CT;145,3;145,6;>
2022-01-31;16:55:02;145,6;;56;JPAG;JPAG;;LB,CT;145,3;145,6;>
2022-01-31;16:55:02;145,6;;61;JPAG;JPAG;;LB,CT;145,3;145,6;>
2022-01-31;16:55:02;145,55;;72;JPAG;MLEX;;LB,CT;145,3;145,6;>
2022-01-31;16:55:00;145,6;;1;AVA;XTXE;;LB,CT;145,3;145,6;>
2022-01-31;16:54:39;145,3;;9;MLEX;GSAG;;LB,CT;145,3;145,6;<
2022-01-31;16:54:16;145,4;;56;JPAG;JPAG;;LB,CT;145,2;145,4;>
2022-01-31;16:54:16;145,4;;4;JPAG;JPAG;;LB,CT;145,2;145,4;>
2022-01-31;16:54:16;145,4;;8;JPAG;JPAG;;LB,CT;145,2;145,4;>
2022-01-31;16:54:11;145,4;;2;AVA;JPAG;;LB,CT;145,2;145,4;>
2022-01-31;16:52:07;145,25;;56;MLEX;JPAG;;LB,CT;145,25;145,4;<
2022-01-31;16:51:43;145,3;;4;JPAG;AVA;;LB,CT;145,15;145,3;>
2022-01-31;16:51:43;145,3;;58;JPAG;JPAG;;LB,CT;145,15;145,3;>
2022-01-31;16:51:24;145,2;;114;JPAG;BBI;;LB,CT;144,9;145,2;>
2022-01-31;16:51:24;145,2;;56;JPAG;JPAG;;LB,CT;144,9;145,2;>
2022-01-31;16:49:20;145;;57;XTXE;JPAG;;LB,CT;144,8;145;>
2022-01-31;16:49:00;144,8;;327;JPAG;NRD;;LB,CT;144,6;144,8;>
2022-01-31;16:49:00;144,8;;103;JPAG;BBI;;LB,CT;144,6;144,8;>
2022-01-31;16:46:27;144,6;;7;MLEX;BBI;;LB,CT;144,6;144,8;<
2022-01-31;16:46:27;144,6;;1;JPAG;BBI;;LB,CT;144,6;144,8;<
2022-01-31;16:45:50;144,8;;381;BBI;XTXE;;LB,CT;144,8;145;<
2022-01-31;16:45:50;144,8;;6;MLEX;XTXE;;LB,CT;144,8;145;<
2022-01-31;16:43:53;145;;1;MSE;JPAG;;LB,CT;144,8;145;>
2022-01-31;16:43:48;144,8;;110;BBI;BBI;;LB,CT;144,7;144,8;>
2022-01-31;16:43:48;144,8;;15;BBI;AVA;;LB,CT;144,7;144,8;>
2022-01-31;16:43:39;144,75;;33;MLEX;BBI;;LB,CT;144,55;144,75;>
2022-01-31;16:43:24;144,65;;10;BBI;JPAG;;LB,CT;144,55;144,75;>
2022-01-31;16:43:24;144,65;;57;BBI;JPAG;;LB,CT;144,55;144,75;>
2022-01-31;16:43:20;144,5;;75;MLEX;SHB;;LB,CT;144,25;144,5;>
2022-01-31;16:43:20;144,5;;75;MLEX;SHB;;LB,CT;144,25;144,5;>
2022-01-31;16:43:06;144,45;;176;JPAG;BBI;;LB,CT;144,25;144,45;>
2022-01-31;16:43:06;144,45;;56;JPAG;JPAG;;LB,CT;144,25;144,45;>
2022-01-31;16:42:02;144,35;;5;MLEX;IEGG;;LB,CT;144,1;144,45;<
2022-01-31;16:39:58;144,55;;478;SIS;AVA;;LB,CT;144,45;144,8;>
2022-01-31;16:39:58;144,55;;356;XTXE;AVA;;LB,CT;144,45;144,8;>
2022-01-31;16:39:58;144,55;;9;MLEX;AVA;;LB,CT;144,45;144,8;<
2022-01-31;16:38:16;144,7;;6;MLEX;IEGG;;LB,CT;144,7;144,8;<
2022-01-31;16:38:03;144,8;;4;MLEX;JPAG;;LB,CT;144,7;145;<
2022-01-31;16:35:54;144,9;;108;BBI;BBI;;LB,CT;144,75;144,9;>
2022-01-31;16:35:54;144,9;;32;BBI;MSE;;LB,CT;144,75;144,9;>
2022-01-31;16:35:45;144,7;;4;MLEX;IEGG;;LB,CT;144,7;144,85;<
2022-01-31;16:35:45;144,85;;56;MSE;JPAG;;LB,CT;144,7;144,85;>
2022-01-31;16:34:00;144,7;;4;UBS;AVA;;LB,CT;144,6;144,9;<
2022-01-31;16:33:42;144,8;;56;BBI;JPAG;;LB,CT;144,5;144,8;>
2022-01-31;16:33:42;144,8;;400;BBI;XTXE;;LB,CT;144,5;144,8;>
2022-01-31;16:33:42;144,8;;148;BBI;BBI;;LB,CT;144,5;144,8;>
2022-01-31;16:33:35;144,55;;99;BBI;XTXE;;LB,CT;144,4;144,8;<
2022-01-31;16:33:35;144,55;;36;BBI;XTXE;;LB,CT;144,4;144,8;<
2022-01-31;16:33:35;144,6;;1;JPAG;IEGG;;LB,CT;144,4;144,8;<
2022-01-31;16:33:02;144,8;;3;JPAG;IEGG;;LB,CT;144,8;145,05;<
2022-01-31;16:33:02;144,8;;7;MLEX;IEGG;;LB,CT;144,8;145,05;<
2022-01-31;16:33:02;144,8;;1;IEGG;IEGG;;LB,CT;144,8;145,05;<
2022-01-31;16:30:51;145,05;;14;IEGG;XTXE;;LB,CT;145,05;145,25;<
2022-01-31;16:30:51;145,05;;221;IEGG;MLEX;;LB,CT;145,05;145,25;<
2022-01-31;16:30:51;145,05;;4;MLEX;MLEX;;LB,CT;145,05;145,25;<
2022-01-31;16:30:28;145,2;;1;MSE;JPAG;;LB,CT;145,1;145,2;>
2022-01-31;16:30:27;145,2;;56;MLEX;JPAG;;LB,CT;145;145,15;>
2022-01-31;16:30:27;145,2;;10;MLEX;JPAG;;LB,CT;145;145,15;>
2022-01-31;16:30:27;145,15;;9;MLEX;BBI;;LB,CT;145;145,15;>
2022-01-31;16:30:26;145,15;;75;MLEX;BBI;;LB,CT;145;145,15;>
2022-01-31;16:30:18;145,15;;22;XTXE;BBI;;LB,CT;145;145,15;>
2022-01-31;16:30:18;145,15;;10;MSE;BBI;;LB,CT;145;145,15;>
2022-01-31;16:30:02;145;;56;MLEX;JPAG;;LB,CT;144,8;145;>
2022-01-31;16:30:02;145;;1;MLEX;NRD;;LB,CT;144,8;145;>
2022-01-31;16:30:00;144,9;;140;XTXE;BBI;;LB,CT;144,7;144,9;>
2022-01-31;16:29:58;144,9;;4;AVA;BBI;;LB,CT;144,9;145;<
2022-01-31;16:29:58;144,9;;5;MLEX;BBI;;LB,CT;144,9;145;<
2022-01-31;16:28:19;145;;819;NRD;SIS;;LB,CT;145;145,2;<
2022-01-31;16:28:19;145;;145;NRD;MLEX;;LB,CT;145;145,2;<
2022-01-31;16:28:19;145;;5;MLEX;MLEX;;LB,CT;145;145,2;<
2022-01-31;16:28:19;145,05;;87;UBS;MLEX;;LB,CT;145,05;145,3;<
2022-01-31;16:28:01;145,1;;56;UBS;JPAG;;LB,CT;145,1;145,3;<
2022-01-31;16:27:48;145,3;;4;MLEX;AVA;;LB,CT;145,1;145,3;<
2022-01-31;16:26:22;145,5;;7;MLEX;AVA;;LB,CT;145,5;145,75;<
2022-01-31;16:26:01;145,6;;5;MLEX;JPAG;;LB,CT;145,6;145,9;<
2022-01-31;16:26:01;145,6;;1;JPAG;JPAG;;LB,CT;145,6;145,9;<
2022-01-31;16:25:53;145,9;;1;AVA;XTXE;;LB,CT;145,6;145,9;>
2022-01-31;16:24:11;145,8;;4;MLEX;MSE;;LB,CT;145,8;146,05;<
2022-01-31;16:23:43;145,9;;217;UBS;XTXE;;LB,CT;145,9;146,15;<
2022-01-31;16:22:56;146;;113;BBI;BBI;;LB,CT;145,9;146,15;>
2022-01-31;16:22:56;146;;10;AVA;BBI;;LB,CT;145,8;146;>
2022-01-31;16:21:42;145,85;;191;MSE;XTXE;;LB,CT;145,9;146,1;<
2022-01-31;16:21:42;145,9;;276;SIS;AVA;;LB,CT;145,9;146,1;>
2022-01-31;16:21:42;145,9;;224;UBS;AVA;;LB,CT;145,9;146,1;<
2022-01-31;16:21:09;146;;56;MLEX;JPAG;;LB,CT;145,8;146;>
2022-01-31;16:21:09;146;;24;MLEX;AVA;;LB,CT;145,8;146;>
2022-01-31;16:21:09;146;;56;MLEX;AVA;;LB,CT;145,8;146;>
2022-01-31;16:21:09;146;;159;BBI;AVA;;LB,CT;145,8;146;>
2022-01-31;16:21:09;146;;30;BBI;SHB;;LB,CT;145,8;146;>
2022-01-31;16:21:09;146;;388;BBI;SWB;;LB,CT;145,8;146;>
2022-01-31;16:21:09;146;;50;BBI;AVA;;LB,CT;145,8;146;>
2022-01-31;16:21:09;146;;6;BBI;AVA;;LB,CT;145,8;146;>
2022-01-31;16:21:09;146;;119;BBI;BBI;;LB,CT;145,8;146;>
2022-01-31;16:20:25;145,85;;6;MLEX;BBI;;LB,CT;145,8;146;>
2022-01-31;16:20:25;145,85;;27;XTXE;BBI;;LB,CT;145,8;146;>
2022-01-31;16:20:25;145,8;;56;XTXE;JPAG;;LB,CT;145,8;146;>
2022-01-31;16:20:25;145,75;;181;SIS;MSE;;LB,CT;145,8;146;>
2022-01-31;16:20:25;145,75;;272;SIS;BBI;;LB,CT;145,8;146;>
2022-01-31;16:20:25;145,75;;37;XTXE;BBI;;LB,CT;145,8;146;>
2022-01-31;16:20:25;145,75;;344;XTXE;BBI;;LB,CT;145,8;146;>
2022-01-31;16:20:25;145,7;;157;JPAG;BBI;;LB,CT;145,8;146;>
2022-01-31;16:20:25;145,7;;90;JPAG;JPAG;;LB,CT;145,8;146;>
2022-01-31;16:19:53;145,65;;1548;AVA;SIS;;LB,CT;145,4;145,65;<
2022-01-31;16:19:53;145,65;;111;AVA;BBI;;LB,CT;145,4;145,65;>
2022-01-31;16:19:53;145,65;;400;AVA;XTXE;;LB,CT;145,4;145,65;>
2022-01-31;16:19:10;145,6;;138;GSAG;XTXE;;LB,CT;145,4;145,6;>
2022-01-31;16:19:10;145,45;;145;GSAG;BBI;;LB,CT;145,45;145,75;<
2022-01-31;16:19:10;145,45;;400;XTXE;BBI;;LB,CT;145,45;145,75;<
2022-01-31;16:18:56;145,7;;5;MLEX;MSE;;LB,CT;145,7;145,8;<
2022-01-31;16:18:56;145,7;;1;AVA;MSE;;LB,CT;145,7;145,8;<
2022-01-31;16:18:36;145,75;;56;MLEX;JPAG;;LB,CT;145,7;145,8;>
2022-01-31;16:18:36;145,75;;121;MLEX;BBI;;LB,CT;145,7;145,8;>
2022-01-31;16:15:08;145,7;;164;IEGG;MLEX;;LB,CT;145,7;145,9;<
2022-01-31;16:14:38;145,8;;11;BBI;JPAG;;LB,CT;145,6;145,8;>
2022-01-31;16:14:38;145,8;;59;BBI;JPAG;;LB,CT;145,6;145,8;>
2022-01-31;16:14:38;145,8;;123;BBI;BBI;;LB,CT;145,6;145,8;>
2022-01-31;16:14:35;145,55;;95;XTXE;ENS;;LB,CT;145,6;145,8;<
2022-01-31;16:14:35;145,6;;5;MLEX;ENS;;LB,CT;145,6;145,8;<
2022-01-31;16:13:57;145,65;;65;XTXE;BBI;;LB,CT;145,3;145,65;>
2022-01-31;16:13:16;145,35;;414;SIS;AVA;;LB,CT;145,3;145,65;>
2022-01-31;16:13:16;145,35;;249;XTXE;AVA;;LB,CT;145,3;145,65;>
2022-01-31;16:13:16;145,35;;120;MLEX;AVA;;LB,CT;145,3;145,65;<
2022-01-31;16:13:01;145,35;;49;MLEX;JPAG;;LB,CT;145,35;145,65;<
2022-01-31;16:13:01;145,35;;6;MLEX;JPAG;;LB,CT;145,35;145,65;<
2022-01-31;16:13:01;145,35;;1;JPAG;JPAG;;LB,CT;145,35;145,65;<
2022-01-31;16:10:56;145,5;;113;GSAG;MLEX;;LB,CT;145,5;145,75;<
2022-01-31;16:10:56;145,5;;88;GSAG;XTXE;;LB,CT;145,5;145,75;<
2022-01-31;16:10:40;145,7;;6;MLEX;BBI;;LB,CT;145,7;145,9;<
2022-01-31;16:10:40;145,7;;127;GSAG;BBI;;LB,CT;145,7;145,9;<
2022-01-31;16:10:40;145,7;;2;MSE;BBI;;LB,CT;145,7;145,9;<
2022-01-31;16:10:18;145,7;;114;MSE;XTXE;;LB,CT;145,7;145,85;<
2022-01-31;16:10:09;145,7;;56;MSE;JPAG;;LB,CT;145,7;145,9;<
2022-01-31;16:09:05;145,95;;101;DDB;XTXE;;LB,CT;145,7;145,9;>
2022-01-31;16:09:05;145,9;;69;DDB;MLEX;;LB,CT;145,7;145,9;>
2022-01-31;16:09:00;145,7;;77;JPAG;BBI;;LB,CT;145,6;145,7;>
2022-01-31;16:08:40;145,55;;51;MSE;JPAG;;LB,CT;145,55;145,7;<
2022-01-31;16:08:40;145,55;;5;MLEX;JPAG;;LB,CT;145,55;145,7;<
2022-01-31;16:08:18;145,7;;40;XTXE;BBI;;LB,CT;145,6;145,7;>
2022-01-31;16:08:18;145,7;;60;XTXE;BBI;;LB,CT;145,6;145,7;>
2022-01-31;16:08:18;145,7;;60;XTXE;JPAG;;LB,CT;145,6;145,7;>
2022-01-31;16:08:10;145,6;;10;JPAG;AVA;;LB,CT;145,45;145,6;>
2022-01-31;16:07:53;145,5;;207;MLEX;BBI;;LB,CT;145,25;145,5;>
2022-01-31;16:07:53;145,5;;200;MLEX;AVA;;LB,CT;145,25;145,5;>
2022-01-31;16:07:53;145,5;;193;MLEX;AVA;;LB,CT;145,25;145,5;>
2022-01-31;16:07:53;145,5;;81;GSAG;AVA;;LB,CT;145,25;145,5;>
2022-01-31;16:07:53;145,5;;297;GSAG;AVA;;LB,CT;145,25;145,5;>
2022-01-31;16:07:50;145,25;;56;XTXE;JPAG;;LB,CT;145,2;145,5;>
2022-01-31;16:07:50;145,25;;81;XTXE;NRD;;LB,CT;145,2;145,5;>
2022-01-31;16:07:50;145,25;;150;MLEX;NRD;;LB,CT;145,2;145,5;>
2022-01-31;16:07:50;145,15;;42;GSAG;XTXE;;LB,CT;145,2;145,5;<
2022-01-31;16:07:50;145,15;;78;GSAG;JPAG;;LB,CT;145,2;145,5;<
2022-01-31;16:07:50;145,15;;6;MLEX;JPAG;;LB,CT;145,2;145,5;<
2022-01-31;16:07:50;145,25;;95;JPAG;NRD;;LB,CT;145,15;145,25;>
2022-01-31;16:07:50;145,25;;1666;SIS;AVA;;LB,CT;145,15;145,25;>
2022-01-31;16:07:50;145,25;;1149;BBI;AVA;;LB,CT;145,15;145,25;>
2022-01-31;16:07:50;145,25;;185;MSE;AVA;;LB,CT;145,15;145,25;<
2022-01-31;16:06:59;145,5;;403;AVA;AVA;;LB,CT;145,25;145,5;>
2022-01-31;16:06:52;145,4;;52;JPAG;BBI;;LB,CT;145,2;145,4;>
2022-01-31;16:06:52;145,4;;116;JPAG;BBI;;LB,CT;145,2;145,4;>
2022-01-31;16:06:52;145,4;;140;JPAG;SWB;;LB,CT;145,2;145,4;>
2022-01-31;16:06:37;145,3;;400;JPAG;XTXE;;LB,CT;145;145,3;>
2022-01-31;16:06:34;145;;160;SIS;BBI;;LB,CT;144,9;144,95;>
2022-01-31;16:06:34;145;;158;XTXE;BBI;;LB,CT;144,9;144,95;>
2022-01-31;16:06:34;145;;53;XTXE;AVA;;LB,CT;144,9;144,95;>
2022-01-31;16:06:34;144,95;;10;AVA;JPAG;;LB,CT;144,9;144,95;>
2022-01-31;16:06:08;144,8;;40;XTXE;JPAG;;LB,CT;144,5;144,8;>
2022-01-31;16:06:08;144,8;;16;MLEX;JPAG;;LB,CT;144,5;144,8;>
2022-01-31;16:06:08;144,8;;77;MLEX;BBI;;LB,CT;144,5;144,8;>
2022-01-31;16:06:08;144,8;;57;MLEX;JPAG;;LB,CT;144,5;144,8;>
2022-01-31;16:05:53;144,65;;10;MSE;GSAG;;LB,CT;144,3;144,65;>
2022-01-31;16:05:53;144,65;;201;MSE;MSE;;LB,CT;144,3;144,65;>
2022-01-31;16:05:13;144,5;;84;BBI;XTXE;;LB,CT;144,55;144,8;<
2022-01-31;16:05:13;144,55;;8;MLEX;BBI;;LB,CT;144,55;144,8;<
2022-01-31;16:05:04;144,55;;49;GSAG;JPAG;;LB,CT;144,55;144,8;<
2022-01-31;16:05:04;144,55;;7;MLEX;JPAG;;LB,CT;144,55;144,8;<
2022-01-31;16:04:03;144,7;;47;-;-;CROS;PA,UA;144,55;144,85;
2022-01-31;16:04:03;144,7;;47;-;-;AOD;PA,UA;144,55;144,85;
2022-01-31;16:03:57;144,7;;81;-;-;CROS;PA,UA;144,55;144,85;
2022-01-31;16:03:57;144,7;;81;-;-;AOD;PA,UA;144,55;144,85;
2022-01-31;16:03:57;144,85;;7;GSAG;MSE;;LB,CT;144,55;144,85;>
2022-01-31;16:02:21;144,8;;6;MLEX;BBI;;LB,CT;144,7;144,85;>
2022-01-31;16:02:21;144,8;;179;XTXE;BBI;;LB,CT;144,7;144,85;>
2022-01-31;16:01:04;144,55;;56;MLEX;JPAG;;LB,CT;144,55;144,8;<
2022-01-31;16:00:37;144,55;;47;MLEX;BBI;;LB,CT;144,55;144,8;<
2022-01-31;16:00:37;144,55;;7;MLEX;BBI;;LB,CT;144,55;144,8;<
2022-01-31;16:00:10;144,55;;5;MLEX;BBI;;LB,CT;144,55;144,8;<
2022-01-31;16:00:10;144,55;;68;BBI;BBI;;LB,CT;144,55;144,8;<
2022-01-31;16:00:01;144,9;;492;BBI;NON;;LB,CT;144,8;144,9;>
2022-01-31;15:59:46;144,7;;15;MLEX;BBI;;LB,CT;144,7;144,9;<
2022-01-31;15:59:46;144,7;;1;JPAG;BBI;;LB,CT;144,7;144,9;<
2022-01-31;15:59:40;144,9;;8;MSE;NON;;LB,CT;144,7;144,9;>
2022-01-31;15:59:31;144,8;;129;XTXE;AVA;;LB,CT;144,7;144,8;>
2022-01-31;15:59:12;144,75;;1;JPAG;IEGG;;LB,CT;144,8;145;<
2022-01-31;15:59:10;144,85;;56;MLEX;JPAG;;LB,CT;144,85;145;<
2022-01-31;15:56:12;145;;100;NRD;MLEX;;LB,CT;144,95;145,2;<
2022-01-31;15:56:12;144,95;;163;MSE;XTXE;;LB,CT;144,95;145,2;<
2022-01-31;15:56:12;145;;18;NRD;XTXE;HID;DB,CT;144,95;145,2;<
2022-01-31;15:56:12;145;;11;MLEX;XTXE;;LB,CT;144,95;145,2;<
2022-01-31;15:56:12;145;;56;NRD;XTXE;;LB,CT;144,95;145,2;<
2022-01-31;15:56:08;145;;44;NRD;XTXE;;LB,CT;145;145,2;<
2022-01-31;15:56:08;145;;206;NRD;AVA;;LB,CT;145;145,2;>
2022-01-31;15:56:08;145;;300;NRD;ENS;;LB,CT;145;145,2;>
2022-01-31;15:56:08;145;;80;NRD;LFB;;LB,CT;145;145,2;>
2022-01-31;15:56:08;145;;21;NRD;NON;;LB,CT;145;145,2;>
2022-01-31;15:56:08;145;;30;NRD;AVA;;LB,CT;145;145,2;>
2022-01-31;15:56:08;145;;6;NRD;AVA;;LB,CT;145;145,2;>
2022-01-31;15:56:08;145;;250;NRD;SHB;;LB,CT;145;145,2;>
2022-01-31;15:56:08;145;;10;NRD;AVA;;LB,CT;145;145,2;>
2022-01-31;15:53:03;144,6;;200;MLEX;SWB;;LB,CT;144,6;144,9;<
2022-01-31;15:52:52;144,7;;30;XTXE;AVA;;LB,CT;144,6;144,9;>
2022-01-31;15:52:52;144,7;;70;XTXE;AVA;;LB,CT;144,6;144,9;>
2022-01-31;15:52:19;144,5;;64;MLEX;BBI;;LB,CT;144,5;144,7;<
2022-01-31;15:52:18;144,55;;25;XTXE;SHB;;LB,CT;144,35;144,55;>
2022-01-31;15:52:15;144,5;;101;BBI;BBI;;LB,CT;144,35;144,55;>
2022-01-31;15:52:15;144,5;;176;BBI;AVA;;LB,CT;144,35;144,55;>
2022-01-31;15:52:12;144,45;;11;MLEX;JPAG;;LB,CT;144,2;144,45;>
2022-01-31;15:52:12;144,45;;20;MLEX;JPAG;;LB,CT;144,2;144,45;>
2022-01-31;15:52:12;144,45;;22;XTXE;JPAG;;LB,CT;144,2;144,45;>
2022-01-31;15:52:12;144,45;;14;MLEX;JPAG;;LB,CT;144,2;144,45;>
2022-01-31;15:52:12;144,45;;90;MLEX;JPAG;;LB,CT;144,2;144,45;>
2022-01-31;15:52:08;144,4;;10;BBI;JPAG;;LB,CT;144,2;144,45;>
2022-01-31;15:52:01;144,05;;56;MLEX;JPAG;;LB,CT;144,05;144,4;<
2022-01-31;15:51:02;144,05;;13;MLEX;BBI;;LB,CT;144,05;144,2;<
2022-01-31;15:49:32;144,15;;6;MLEX;MSE;;LB,CT;144,15;144,4;<
2022-01-31;15:48:32;144,3;;147;MLEX;BBI;;LB,CT;144,3;144,45;<
2022-01-31;15:48:22;144,3;;56;MLEX;JPAG;;LB,CT;144,3;144,45;<
2022-01-31;15:48:00;144,35;;13;MLEX;IEGG;;LB,CT;144,35;144,5;<
2022-01-31;15:47:59;144,5;;100;AVA;AVA;;LB,CT;144,35;144,5;>
2022-01-31;15:47:04;144,45;;62;BBI;JPAG;;LB,CT;144,3;144,45;>
2022-01-31;15:47:00;144,3;;56;MLEX;JPAG;;LB,CT;144,3;144,45;<
2022-01-31;15:45:04;144,3;;56;MLEX;JPAG;;LB,CT;144,3;144,45;<
2022-01-31;15:45:00;144,15;;3;MLEX;GSAG;;LB,CT;144,15;144,45;<
2022-01-31;15:42:26;144,3;;6;MLEX;IEGG;;LB,CT;144,15;144,45;<
2022-01-31;15:42:24;144,4;;136;MLEX;NON;;LB,CT;144,15;144,35;>
2022-01-31;15:42:24;144,35;;56;BBI;JPAG;;LB,CT;144,15;144,35;>
2022-01-31;15:40:16;144;;4;MLEX;AVA;;LB,CT;144;144,2;<
2022-01-31;15:39:56;144,1;;53;XTXE;BBI;;LB,CT;144;144,2;>
2022-01-31;15:39:56;144,1;;16;MLEX;BBI;;LB,CT;144;144,2;>
2022-01-31;15:39:56;144,1;;59;MLEX;JPAG;;LB,CT;144;144,2;>
2022-01-31;15:39:56;144,05;;36;BBI;AVA;;LB,CT;144;144,2;>
2022-01-31;15:39:04;143,85;;56;BBI;JPAG;;LB,CT;143,65;143,85;>
2022-01-31;15:38:56;143,85;;1;MSE;MLEX;;LB,CT;143,5;143,85;>
2022-01-31;15:37:56;143,5;;2;MLEX;GSAG;;LB,CT;143,5;143,85;<
2022-01-31;15:37:35;143,75;;180;MSE;BBI;;LB,CT;143,8;144,05;<
2022-01-31;15:37:35;143,75;;6;MLEX;BBI;;LB,CT;143,8;144,05;<
2022-01-31;15:37:04;143,8;;5;MLEX;NON;;LB,CT;143,8;144,1;<
2022-01-31;15:36:59;143,8;;46;MLEX;BBI;;LB,CT;143,8;144,1;<
2022-01-31;15:36:54;143,8;;1;MLEX;AVA;;LB,CT;143,75;144;<
2022-01-31;15:36:54;144;;112;MLEX;BBI;;LB,CT;143,75;144;>
2022-01-31;15:36:54;144;;970;MLEX;AVA;;LB,CT;143,75;144;>
2022-01-31;15:36:38;143,7;;56;XTXE;JPAG;;LB,CT;143,5;143,7;>
2022-01-31;15:36:23;143,45;;14;MLEX;BBI;;LB,CT;143,35;143,7;<
2022-01-31;15:36:21;143,55;;75;MLEX;MLEX;;LB,CT;143,45;143,7;<
2022-01-31;15:36:21;143,55;;75;MLEX;MLEX;;LB,CT;143,45;143,7;<
2022-01-31;15:35:52;144;;30;AVA;AVA;;LB,CT;143,7;144;>
2022-01-31;15:35:19;143,55;;1;MLEX;AVA;;LB,CT;143,55;143,9;<
2022-01-31;15:35:11;143,75;;6;MLEX;IEGG;;LB,CT;143,55;143,9;<
2022-01-31;15:35:02;143,85;;400;BBI;XTXE;;LB,CT;143,55;143,85;>
2022-01-31;15:34:36;143,7;;226;SIS;NRD;;LB,CT;143,5;143,7;>
2022-01-31;15:34:36;143,7;;119;BBI;NRD;;LB,CT;143,5;143,7;>
2022-01-31;15:34:36;143,7;;67;BBI;JPAG;;LB,CT;143,5;143,7;>
2022-01-31;15:34:36;143,7;;53;BBI;BBI;;LB,CT;143,5;143,7;>
2022-01-31;15:34:26;143,45;;71;MLEX;BBI;;LB,CT;143,45;143,7;<
2022-01-31;15:33:59;143,45;;196;MLEX;BBI;;LB,CT;143,45;143,7;>
2022-01-31;15:33:59;143,4;;56;BBI;JPAG;;LB,CT;143,45;143,7;>
2022-01-31;15:33:57;143,15;;125;XTXE;AVA;;LB,CT;143,15;143,4;>
2022-01-31;15:33:57;143,15;;175;MLEX;AVA;;LB,CT;143,15;143,4;<
2022-01-31;15:32:58;143,15;;107;MLEX;BBI;;LB,CT;143,15;143,4;<
2022-01-31;15:32:53;143,2;;7;MLEX;BBI;;LB,CT;143,15;143,4;<
2022-01-31;15:32:30;143,25;;25;AVA;BBI;;LB,CT;143,25;143,5;<
2022-01-31;15:32:09;143,45;;1;JPAG;MSE;;LB,CT;143,45;143,5;<
2022-01-31;15:32:09;143,5;;400;BBI;XTXE;;LB,CT;143,45;143,5;>
2022-01-31;15:32:09;143,5;;6;MLEX;BBI;;LB,CT;143,5;143,6;<
2022-01-31;15:31:50;143,5;;1;JPAG;MSE;;LB,CT;143,5;143,65;<
2022-01-31;15:31:50;143,55;;15;MLEX;IEGG;;LB,CT;143,5;143,65;<
2022-01-31;15:31:50;143,6;;976;NRD;BBI;;LB,CT;143,5;143,65;<
2022-01-31;15:31:28;143,6;;66;MSE;MLEX;;LB,CT;143,55;143,7;<
2022-01-31;15:31:28;143,6;;75;MSE;MLEX;;LB,CT;143,55;143,7;<
2022-01-31;15:31:26;143,6;;53;MSE;MLEX;;LB,CT;143,65;143,95;<
2022-01-31;15:31:26;143,65;;64;JPAG;MLEX;;LB,CT;143,65;143,95;<
2022-01-31;15:31:26;143,65;;103;JPAG;XTXE;;LB,CT;143,65;143,95;<
2022-01-31;15:31:17;143,8;;3;BBI;MLEX;;LB,CT;143,85;144;<
2022-01-31;15:31:17;143,8;;262;BBI;XTXE;;LB,CT;143,85;144;<
2022-01-31;15:31:17;143,8;;225;BBI;MLEX;;LB,CT;143,85;144;<
2022-01-31;15:31:17;143,85;;167;JPAG;MLEX;;LB,CT;143,85;144;<
2022-01-31;15:31:10;143,85;;9;MLEX;IEGG;;LB,CT;143,85;144;<
2022-01-31;15:31:05;143,95;;62;BBI;JPAG;;LB,CT;143,75;143,95;>
2022-01-31;15:31:05;143,95;;12;BBI;JPAG;;LB,CT;143,75;143,95;>
2022-01-31;15:30:43;143,7;;10;BBI;JPAG;;LB,CT;143,55;143,7;>
2022-01-31;15:30:05;143,6;;11;XTXE;JPAG;;LB,CT;143,45;143,6;>
2022-01-31;15:30:05;143,6;;34;XTXE;SHB;;LB,CT;143,45;143,6;>
2022-01-31;15:30:04;143,6;;1;MSE;SHB;;LB,CT;143,45;143,6;>
2022-01-31;15:30:04;143,55;;1;XTXE;JPAG;;LB,CT;143,45;143,6;>
2022-01-31;15:30:04;143,55;;55;MLEX;JPAG;;LB,CT;143,45;143,6;>
2022-01-31;15:30:04;143,55;;58;MLEX;JPAG;;LB,CT;143,45;143,6;>
2022-01-31;15:30:04;143,55;;56;MLEX;JPAG;;LB,CT;143,45;143,6;>
2022-01-31;15:30:04;143,55;;56;MLEX;BBI;;LB,CT;143,45;143,6;>
2022-01-31;15:30:04;143,55;;194;XTXE;BBI;;LB,CT;143,45;143,6;>
2022-01-31;15:29:48;143,55;;1;JPAG;JPAG;;LB,CT;143,25;143,55;>
2022-01-31;15:28:57;143,4;;75;JPAG;GSAG;;LB,CT;143,25;143,55;<
2022-01-31;15:24:50;143,2;;59;XTXE;SWB;;LB,CT;143;143,2;>
2022-01-31;15:24:45;143,1;;9;MLEX;IEGG;;LB,CT;143,1;143,25;<
2022-01-31;15:22:05;143,2;;8;MLEX;JPAG;;LB,CT;143,2;143,45;<
2022-01-31;15:20:20;143,2;;40;BBI;JPAG;;LB,CT;143,2;143,5;<
2022-01-31;15:20:20;143,2;;15;MLEX;JPAG;;LB,CT;143,2;143,5;<
2022-01-31;15:20:20;143,2;;1;JPAG;JPAG;;LB,CT;143,2;143,5;<
2022-01-31;15:19:07;143,25;;1;JPAG;MSE;;LB,CT;143,2;143,4;<
2022-01-31;15:16:07;143,55;;20;AVA;MLEX;;LB,CT;143,25;143,55;>
2022-01-31;15:15:23;143,4;;13;MLEX;XTXE;;LB,CT;143,4;143,7;<
2022-01-31;15:15:23;143,4;;52;MSE;XTXE;;LB,CT;143,4;143,7;<
2022-01-31;15:14:46;143,4;;125;MSE;SHB;;LB,CT;143,4;143,7;<
2022-01-31;15:13:46;143,45;;77;BBI;MLEX;;LB,CT;143,4;143,7;<
2022-01-31;15:13:46;143,45;;6;BBI;XTXE;;LB,CT;143,4;143,7;<
2022-01-31;15:13:46;143,45;;470;NRD;XTXE;;LB,CT;143,4;143,7;<
2022-01-31;15:13:46;143,5;;8;MLEX;BBI;;LB,CT;143,4;143,7;<
2022-01-31;15:08:53;143,75;;114;SIS;BBI;;LB,CT;143,7;143,75;>
2022-01-31;15:08:53;143,75;;35;SIS;AVA;;LB,CT;143,7;143,75;>
2022-01-31;15:08:53;143,75;;332;JPAG;AVA;;LB,CT;143,7;143,75;>
2022-01-31;15:08:53;143,75;;633;MSE;AVA;;LB,CT;143,7;143,75;>
2022-01-31;15:08:53;143,7;;160;SWB;MLEX;;LB,CT;143,7;143,75;<
2022-01-31;15:08:53;143,7;;40;SWB;IEGG;;LB,CT;143,7;143,75;<
2022-01-31;15:07:57;143,5;;97;XTXE;IEGG;;LB,CT;143,5;143,75;<
2022-01-31;15:07:57;143,65;;21;XTXE;MLEX;;LB,CT;143,5;143,75;>
2022-01-31;15:07:57;143,65;;59;XTXE;MLEX;;LB,CT;143,5;143,75;>
2022-01-31;15:07:57;143,65;;10;XTXE;GSAG;;LB,CT;143,5;143,75;>
2022-01-31;15:07:57;143,65;;11;XTXE;JPAG;;LB,CT;143,5;143,75;>
2022-01-31;15:07:57;143,65;;36;XTXE;JPAG;;LB,CT;143,5;143,75;>
2022-01-31;15:07:57;143,65;;21;XTXE;JPAG;;LB,CT;143,5;143,75;>
2022-01-31;15:07:57;143,4;;131;NRD;IEGG;;LB,CT;143,2;143,4;>
2022-01-31;15:07:57;143,4;;73;NRD;JPAG;;LB,CT;143,2;143,4;>
2022-01-31;15:07:57;143,4;;326;NRD;NRD;;LB,CT;143,2;143,4;>
2022-01-31;15:07:57;143,35;;1;BBI;MSE;;LB,CT;143,2;143,4;>
2022-01-31;15:07:57;143,35;;61;BBI;JPAG;;LB,CT;143,2;143,4;>
2022-01-31;15:07:57;143,35;;97;BBI;BBI;;LB,CT;143,2;143,4;>
2022-01-31;15:07:28;143,35;;1;GSAG;JPAG;;LB,CT;143,15;143,35;>
2022-01-31;15:07:23;143,15;;56;BBI;JPAG;;LB,CT;143,15;143,35;<
2022-01-31;14:58:32;143;;42;NRD;IEGG;;LB,CT;143,05;143,4;<
2022-01-31;14:58:32;143,05;;326;BBI;AVA;;LB,CT;143,05;143,4;>
2022-01-31;14:58:32;143,05;;75;MLEX;AVA;;LB,CT;143,05;143,4;>
2022-01-31;14:58:32;143,05;;75;MLEX;AVA;;LB,CT;143,05;143,4;>
2022-01-31;14:58:32;143,05;;120;XTXE;AVA;;LB,CT;143,05;143,4;>
2022-01-31;14:58:32;143,05;;4;MLEX;AVA;;LB,CT;143,05;143,4;<
2022-01-31;14:52:28;143;;7;NRD;JPAG;HID;DB,CT;143;143,4;<
2022-01-31;14:52:28;143;;5;MLEX;JPAG;;LB,CT;143;143,4;<
2022-01-31;14:52:28;143;;44;NRD;JPAG;;LB,CT;143;143,4;<
2022-01-31;14:47:01;143;;56;NRD;JPAG;;LB,CT;143;143,45;<
2022-01-31;14:44:43;143,55;;6;AVA;MLEX;;LB,CT;143,1;143,55;>
2022-01-31;14:37:27;143,3;;1;JPAG;JPAG;;LB,CT;143,2;143,65;<
2022-01-31;14:33:16;143,55;;5;AVA;JPAG;;LB,CT;143,3;143,7;>
2022-01-31;14:30:01;143,75;;66;JPAG;IEGG;;LB,CT;143,25;143,75;>
2022-01-31;14:30:01;143,75;;19;JPAG;JPAG;;LB,CT;143,25;143,75;>
2022-01-31;14:30:01;143,6;;56;XTXE;JPAG;;LB,CT;143,25;143,75;>
2022-01-31;14:30:01;143,55;;56;XTXE;JPAG;;LB,CT;143,1;143,55;>
2022-01-31;14:29:03;143,55;;1;MSE;JPAG;;LB,CT;143,2;143,55;>
2022-01-31;14:28:59;143,2;;9;BBI;GSAG;;LB,CT;143,15;143,4;>
2022-01-31;14:28:59;143,25;;3;JPAG;MLEX;;LB,CT;143,15;143,4;>
2022-01-31;14:28:59;143,2;;100;XTXE;SHB;;LB,CT;143,15;143,4;>
2022-01-31;14:28:59;143;;20;NRD;NRD;HID;DB,CT;143,15;143,4;<
2022-01-31;14:28:59;143;;90;NRD;NRD;;LB,CT;143,15;143,4;<
2022-01-31;14:27:22;143,05;;1;JPAG;MSE;;LB,CT;143;143,25;<
2022-01-31;14:22:34;143,15;;56;MSE;JPAG;;LB,CT;143,15;143,5;<
2022-01-31;14:18:16;143,45;;371;SIS;NON;;LB,CT;143,45;143,8;>
2022-01-31;14:18:16;143,45;;329;BBI;NON;;LB,CT;143,45;143,8;<
2022-01-31;14:15:02;143,45;;56;BBI;JPAG;;LB,CT;143,5;143,75;<
2022-01-31;14:14:56;143,65;;49;XTXE;JPAG;;LB,CT;143,4;143,65;>
2022-01-31;14:14:04;143,6;;2;MSE;MLEX;;LB,CT;143,3;143,6;>
2022-01-31;14:13:30;143,65;;8;AVA;JPAG;;LB,CT;143,35;143,65;>
2022-01-31;14:12:21;143,6;;3;LFB;MLEX;;LB,CT;143,15;143,6;>
2022-01-31;14:12:21;143,6;;2;LFB;MLEX;;LB,CT;143,15;143,6;>
2022-01-31;14:10:50;143,35;;2;MSE;MLEX;;LB,CT;143,1;143,6;>
2022-01-31;14:10:50;143,25;;319;XTXE;NRD;;LB,CT;143;143,25;>
2022-01-31;14:10:07;143,25;;10;NON;NRD;;LB,CT;143;143,25;>
2022-01-31;14:07:42;143;;10;NRD;JPAG;;LB,CT;143;143,25;<
2022-01-31;14:07:42;143;;46;NON;JPAG;;LB,CT;143;143,25;<
2022-01-31;14:06:14;143;;100;NON;BBI;;LB,CT;143;143,25;<
2022-01-31;14:06:14;143;;44;NRD;BBI;;LB,CT;143;143,25;<
2022-01-31;14:03:53;143,5;;7;AVA;IEGG;;LB,CT;143,3;143,6;<
2022-01-31;14:03:38;143,5;;56;BBI;JPAG;;LB,CT;143,35;143,7;>
2022-01-31;14:03:38;143,5;;56;BBI;JPAG;;LB,CT;143,35;143,7;>
2022-01-31;14:03:25;143,4;;36;BBI;MLEX;;LB,CT;143,4;143,6;<
2022-01-31;14:03:25;143,4;;49;BBI;MLEX;;LB,CT;143,4;143,6;<
2022-01-31;14:02:45;143,6;;15;AVA;IEGG;;LB,CT;143,4;143,7;<
2022-01-31;13:59:08;144,15;;2;MSE;MLEX;;LB,CT;143,75;144,15;>
2022-01-31;13:58:19;144;;65;BBI;JPAG;;LB,CT;143,7;144,15;>
2022-01-31;13:58:18;143,8;;17;XTXE;JPAG;;LB,CT;143,5;143,8;>
2022-01-31;13:57:16;143,65;;1;JPAG;IEGG;;LB,CT;143,65;143,9;<
2022-01-31;13:57:13;143,85;;202;MSE;BBI;;LB,CT;143,95;144,15;<
2022-01-31;13:57:13;143,95;;4;AVA;SIS;;LB,CT;143,95;144,15;<
2022-01-31;13:57:13;143,95;;557;NRD;SIS;;LB,CT;143,95;144,15;<
2022-01-31;13:57:13;143,95;;421;NRD;XTXE;;LB,CT;143,95;144,15;<
2022-01-31;13:55:26;144,05;;6;MLEX;AVA;;LB,CT;143,85;144,05;>
2022-01-31;13:55:26;144,05;;56;MLEX;JPAG;;LB,CT;143,85;144,05;>
2022-01-31;13:55:26;144;;130;XTXE;NRD;;LB,CT;143,8;143,95;>
2022-01-31;13:55:26;143,95;;6;MSE;JPAG;;LB,CT;143,8;143,95;>
2022-01-31;13:55:26;143,95;;6;MSE;AVA;;LB,CT;143,8;143,95;>
2022-01-31;13:51:41;143,8;;56;MLEX;JPAG;;LB,CT;143,65;143,95;>
2022-01-31;13:51:41;143,8;;15;MLEX;NON;;LB,CT;143,65;143,95;>
2022-01-31;13:47:52;143,85;;77;NRD;JPAG;;LB,CT;143,55;143,85;>
2022-01-31;13:47:49;143,75;;130;SIS;IEGG;;LB,CT;143,45;143,75;>
2022-01-31;13:47:49;143,75;;535;SIS;SWB;;LB,CT;143,45;143,75;>
2022-01-31;13:47:49;143,75;;965;BBI;SWB;;LB,CT;143,45;143,75;>
2022-01-31;13:47:44;143,7;;6;BBI;AVA;;LB,CT;143,45;143,75;>
2022-01-31;13:47:39;143,65;;28;XTXE;JPAG;;LB,CT;143,45;143,7;>
2022-01-31;13:45:59;143,55;;6;MSE;AVA;;LB,CT;143,4;143,65;>
2022-01-31;13:45:59;143,55;;52;MSE;JPAG;;LB,CT;143,4;143,65;>
2022-01-31;13:45:10;143,55;;5;GSAG;JPAG;;LB,CT;143,3;143,55;>
2022-01-31;13:45:10;143,35;;56;XTXE;JPAG;;LB,CT;143,3;143,55;<
2022-01-31;13:42:18;143,45;;60;XTXE;JPAG;;LB,CT;143,1;143,45;>
2022-01-31;13:37:09;143,3;;100;MSE;TMB;;LB,CT;143;143,15;>
2022-01-31;13:37:09;143,15;;7;XTXE;MSE;;LB,CT;143;143,15;>
2022-01-31;13:37:09;143,15;;56;XTXE;JPAG;;LB,CT;143;143,15;>
2022-01-31;13:37:09;143,15;;9;XTXE;GSAG;;LB,CT;143;143,15;>
2022-01-31;13:37:09;143,15;;322;XTXE;NRD;;LB,CT;143;143,15;>
2022-01-31;13:35:12;143,1;;23;MSE;JPAG;;LB,CT;143;143,15;>
2022-01-31;13:35:05;143;;56;NRD;JPAG;;LB,CT;143;143,15;<
2022-01-31;13:34:29;143,15;;6;JPAG;NRD;;LB,CT;143;143,15;>
2022-01-31;13:33:09;143;;100;NON;BBI;;LB,CT;143;143,2;<
2022-01-31;13:33:09;143;;17;NRD;BBI;;LB,CT;143;143,2;<
2022-01-31;13:33:09;143;;83;NRD;MLEX;;LB,CT;143;143,2;<
2022-01-31;13:33:09;143;;100;NON;BBI;;LB,CT;143;143,2;<
2022-01-31;13:33:09;143;;100;NRD;BBI;;LB,CT;143;143,2;<
2022-01-31;13:33:09;143;;29;NON;BBI;HID;DB,CT;143;143,2;<
2022-01-31;13:33:09;143;;100;NRD;BBI;;LB,CT;143;143,2;<
2022-01-31;13:33:09;143;;100;NON;BBI;;LB,CT;143;143,2;<
2022-01-31;13:30:17;143;;10;NRD;NRD;HID;DB,CT;143;143,25;<
2022-01-31;13:30:17;143;;40;NRD;NRD;;LB,CT;143;143,25;<
2022-01-31;13:30:02;143;;56;NRD;JPAG;;LB,CT;143;143,25;<
2022-01-31;13:26:53;143;;4;NRD;AVA;;LB,CT;143;143,25;<
2022-01-31;13:26:43;143;;282;NON;NON;HID;DB,CT;143;143,25;<
2022-01-31;13:26:43;143;;100;NON;NON;;LB,CT;143;143,25;<
2022-01-31;13:26:35;143,05;;84;MLEX;NON;;LB,CT;143;143,25;<
2022-01-31;13:26:21;143;;16;NON;NON;HID;DB,CT;143,05;143,25;<
2022-01-31;13:26:21;143;;100;NON;NON;;LB,CT;143,05;143,25;<
2022-01-31;13:26:21;143,05;;84;MLEX;NON;;LB,CT;143,05;143,25;<
2022-01-31;13:24:46;143;;100;NON;AVA;;LB,CT;143;143,25;<
2022-01-31;13:24:46;143;;100;NRD;AVA;;LB,CT;143;143,25;<
2022-01-31;13:23:44;143;;100;NON;BBI;;LB,CT;143;143,3;<
2022-01-31;13:23:44;143;;100;NRD;BBI;;LB,CT;143;143,3;<
2022-01-31;13:23:09;143;;100;NRD;BBI;;LB,CT;143;143,15;<
2022-01-31;13:23:09;143;;44;NON;BBI;;LB,CT;143;143,15;<
2022-01-31;13:22:43;143;;56;NON;JPAG;;LB,CT;143;143,15;<
2022-01-31;13:22:26;143;;27;NON;BBI;HID;DB,CT;143;143,25;<
2022-01-31;13:22:26;143;;100;NRD;BBI;;LB,CT;143;143,25;<
2022-01-31;13:22:26;143;;100;NON;BBI;;LB,CT;143;143,25;<
2022-01-31;13:22:26;143;;100;NRD;MSE;;LB,CT;143;143,25;<
2022-01-31;13:22:26;143;;100;NON;MSE;;LB,CT;143;143,25;<
2022-01-31;13:21:08;143;;100;NRD;BBI;;LB,CT;143;143,3;<
2022-01-31;13:21:08;143;;129;AVA;BBI;;LB,CT;143;143,3;<
2022-01-31;13:21:08;143;;50;NON;BBI;;LB,CT;143;143,3;<
2022-01-31;13:21:08;143;;50;NON;XTXE;;LB,CT;143;143,3;<
2022-01-31;13:20:45;143,05;;75;MLEX;AVA;;LB,CT;143;143,3;>
2022-01-31;13:20:45;143,05;;75;MLEX;AVA;;LB,CT;143;143,3;>
2022-01-31;13:20:45;143,05;;75;MLEX;AVA;;LB,CT;143;143,3;>
2022-01-31;13:20:45;143,05;;75;MLEX;AVA;;LB,CT;143;143,3;>
2022-01-31;13:19:06;143,5;;17;AVA;XTXE;;LB,CT;143,05;143,5;>
2022-01-31;13:18:33;143,35;;2;ENS;GSAG;;LB,CT;143,05;143,35;>
2022-01-31;13:16:04;143,2;;50;AVA;JPAG;;LB,CT;143,2;143,5;<
2022-01-31;13:15:13;143,5;;100;MSE;XTXE;;LB,CT;143,2;143,5;>
2022-01-31;13:12:25;143,3;;48;BBI;AVA;;LB,CT;143,5;143,75;<
2022-01-31;13:12:25;143,35;;184;MSE;AVA;;LB,CT;143,5;143,75;<
2022-01-31;13:12:25;143,4;;43;BBI;AVA;;LB,CT;143,5;143,75;<
2022-01-31;13:12:25;143,45;;57;BBI;AVA;;LB,CT;143,5;143,75;<
2022-01-31;13:12:25;143,5;;68;MLEX;AVA;;LB,CT;143,5;143,75;<
2022-01-31;13:11:31;143,7;;60;MLEX;JPAG;;LB,CT;143,5;143,75;>
2022-01-31;13:11:31;143,65;;14;MSE;AVA;;LB,CT;143,5;143,75;>
2022-01-31;13:11:31;143,65;;56;MSE;JPAG;;LB,CT;143,5;143,75;>
2022-01-31;13:10:48;143,4;;50;XTXE;NON;;LB,CT;143,3;143,4;>
2022-01-31;13:09:21;143,5;;100;ENS;NRD;;LB,CT;143,3;143,5;>
2022-01-31;13:07:43;143,35;;56;MLEX;JPAG;;LB,CT;143,35;143,65;<
2022-01-31;13:07:29;143,65;;81;JPAG;MLEX;;LB,CT;143,65;144;<
2022-01-31;13:07:29;143,65;;479;JPAG;XTXE;;LB,CT;143,65;144;<
2022-01-31;13:07:29;143,65;;67;MLEX;XTXE;;LB,CT;143,65;144;<
2022-01-31;13:05:15;143,75;;1;BBI;NRD;;LB,CT;143,75;144,1;<
2022-01-31;13:04:15;143,95;;31;JPAG;AVA;;LB,CT;143,95;144,35;<
2022-01-31;13:04:15;143,95;;169;MLEX;AVA;;LB,CT;143,95;144,35;<
2022-01-31;12:55:38;144,4;;114;ENS;NON;;LB,CT;143,9;144,35;>
2022-01-31;12:55:38;144,4;;6;ENS;JPAG;;LB,CT;143,9;144,35;>
2022-01-31;12:55:38;144,35;;80;ENS;JPAG;;LB,CT;143,9;144,35;>
2022-01-31;12:55:36;143,9;;27;JPAG;AVA;;LB,CT;143,9;144,35;<
2022-01-31;12:51:14;144,15;;69;BBI;JPAG;;LB,CT;143,75;144,15;>
2022-01-31;12:51:13;144,2;;78;NON;MLEX;;LB,CT;143,55;144;>
2022-01-31;12:51:13;144,2;;313;NON;AVA;;LB,CT;143,55;144;>
2022-01-31;12:51:13;144,2;;58;NON;JPAG;;LB,CT;143,55;144;>
2022-01-31;12:51:13;144,2;;250;NON;NON;;LB,CT;143,55;144;>
2022-01-31;12:51:13;144;;56;NON;JPAG;;LB,CT;143,55;144;>
2022-01-31;12:51:13;144;;30;NON;AVA;;LB,CT;143,55;144;>
2022-01-31;12:50:23;143,75;;18;MLEX;JPAG;;LB,CT;143,55;143,95;>
2022-01-31;12:49:34;143,55;;42;JPAG;IEGG;;LB,CT;143,55;143,95;<
2022-01-31;12:49:34;143,6;;500;SIS;NON;;LB,CT;143,55;143,95;>
2022-01-31;12:49:28;143,6;;132;SIS;NON;;LB,CT;143,55;143,95;>
2022-01-31;12:49:28;143,6;;134;JPAG;NON;;LB,CT;143,55;143,95;<
2022-01-31;12:49:28;143,6;;25;BBI;NON;;LB,CT;143,55;143,95;<
2022-01-31;12:49:28;143,6;;40;BBI;NON;;LB,CT;143,55;143,95;<
2022-01-31;12:49:28;143,6;;169;MLEX;NON;;LB,CT;143,55;143,95;<
2022-01-31;12:46:03;144;;3;AVA;JPAG;;LB,CT;143,7;144,15;>
2022-01-31;12:43:50;143,95;;82;XTXE;JPAG;;LB,CT;143,55;143,95;>
2022-01-31;12:38:43;143,95;;2;AVA;JPAG;;LB,CT;143,55;143,95;>
2022-01-31;12:38:22;143,85;;295;NRD;SIS;;LB,CT;143,85;144,2;<
2022-01-31;12:38:22;143,85;;150;NRD;MLEX;;LB,CT;143,85;144,2;<
2022-01-31;12:38:22;143,85;;225;NRD;MLEX;;LB,CT;143,85;144,2;<
2022-01-31;12:37:43;143,85;;56;NRD;JPAG;;LB,CT;143,85;144,2;<
2022-01-31;12:36:32;143,85;;250;NRD;AVA;;LB,CT;143,85;144,2;<
2022-01-31;12:34:50;144,1;;365;AVA;SIS;;LB,CT;143,55;144,2;<
2022-01-31;12:34:50;144,1;;81;AVA;MLEX;;LB,CT;143,55;144,2;>
2022-01-31;12:34:50;144,05;;250;AVA;MLEX;;LB,CT;143,55;144,2;>
2022-01-31;12:34:50;144,05;;39;AVA;BBI;;LB,CT;143,55;144,2;>
2022-01-31;12:34:50;144,05;;32;AVA;BBI;;LB,CT;143,55;144,2;>
2022-01-31;12:34:50;144;;66;AVA;JPAG;;LB,CT;143,55;144,2;>
2022-01-31;12:34:50;143,95;;64;AVA;JPAG;;LB,CT;143,55;144,2;>
2022-01-31;12:34:50;143,95;;27;AVA;JPAG;;LB,CT;143,55;144,2;>
2022-01-31;12:34:50;143,95;;55;AVA;GSAG;;LB,CT;143,55;144,2;>
2022-01-31;12:34:50;143,9;;9;AVA;SSWM;;LB,CT;143,55;144,2;>
2022-01-31;12:34:50;143,65;;56;AVA;JPAG;;LB,CT;143,55;144,2;>
2022-01-31;12:31:44;143,45;;30;XTXE;NON;;LB,CT;143,4;143,9;>
2022-01-31;12:31:44;143,45;;33;BBI;NON;;LB,CT;143,4;143,9;<
2022-01-31;12:31:44;143,45;;56;JPAG;NON;;LB,CT;143,4;143,9;<
2022-01-31;12:31:44;143,5;;34;BBI;NON;;LB,CT;143,4;143,9;<
2022-01-31;12:31:44;143,55;;97;JPAG;NON;;LB,CT;143,4;143,9;<
2022-01-31;12:31:11;143,6;;3;BBI;AVA;;LB,CT;143,55;144;<
2022-01-31;12:28:37;143,65;;248;JPAG;BBI;;LB,CT;143,45;144;<
2022-01-31;12:28:37;143,65;;200;JPAG;AVA;;LB,CT;143,45;144;<
2022-01-31;12:27:01;144,2;;6;AVA;JPAG;;LB,CT;143,8;144,2;>
2022-01-31;12:26:58;144,2;;3;AVA;JPAG;;LB,CT;143,8;144,2;>
2022-01-31;12:26:29;144,2;;164;MSE;JPAG;;LB,CT;143,7;144,2;>
2022-01-31;12:21:37;143,75;;9;SSWM;GSAG;;LB,CT;143,4;143,7;<
2022-01-31;12:21:37;143,85;;27;XTXE;JPAG;;LB,CT;143,4;143,7;>
2022-01-31;12:21:37;143,8;;65;XTXE;JPAG;;LB,CT;143,4;143,7;>
2022-01-31;12:21:37;143,75;;57;XTXE;JPAG;;LB,CT;143,4;143,7;>
2022-01-31;12:21:37;143,7;;56;XTXE;JPAG;;LB,CT;143,4;143,7;>
2022-01-31;12:20:15;143,7;;3;AVA;GSAG;;LB,CT;143,35;143,7;>
2022-01-31;12:17:09;143,5;;56;BBI;JPAG;;LB,CT;143,25;143,5;>
2022-01-31;12:17:09;143,5;;143;BBI;NRD;;LB,CT;143,25;143,5;>
2022-01-31;12:16:46;143,5;;207;MSE;NRD;;LB,CT;143,25;143,5;>
2022-01-31;12:16:40;143,25;;6;XTXE;JPAG;;LB,CT;143,25;143,5;<
2022-01-31;12:16:30;143,25;;8;XTXE;JPAG;;LB,CT;143,25;143,5;<
2022-01-31;12:16:20;143,25;;10;XTXE;JPAG;;LB,CT;143,25;143,5;<
2022-01-31;12:16:10;143,25;;12;XTXE;JPAG;;LB,CT;143,25;143,5;<
2022-01-31;12:16:00;143,25;;15;XTXE;JPAG;;LB,CT;143,25;143,5;<
2022-01-31;12:15:44;143,3;;19;XTXE;JPAG;;LB,CT;143,3;143,5;<
2022-01-31;12:15:44;143,5;;194;MSE;XTXE;;LB,CT;143,3;143,5;>
2022-01-31;12:15:09;143,45;;56;JPAG;MLEX;;LB,CT;143,2;143,45;<
2022-01-31;12:14:57;143,5;;19;JPAG;MSE;;LB,CT;143,45;143,65;<
2022-01-31;12:14:57;143,5;;59;JPAG;JPAG;;LB,CT;143,45;143,65;<
2022-01-31;12:14:57;143,55;;30;XTXE;JPAG;;LB,CT;143,55;143,8;<
2022-01-31;12:14:57;143,7;;400;NRD;XTXE;;LB,CT;143,5;143,7;>
2022-01-31;12:14:56;143,75;;34;DDB;BBI;;LB,CT;143,5;143,7;<
2022-01-31;12:14:56;143,75;;39;DDB;XTXE;;LB,CT;143,5;143,7;<
2022-01-31;12:14:56;143,75;;51;DDB;XTXE;;LB,CT;143,75;143,8;<
2022-01-31;12:14:56;143,75;;90;DDB;XTXE;;LB,CT;143,75;143,8;<
2022-01-31;12:14:56;143,75;;90;DDB;XTXE;;LB,CT;143,75;143,8;<
2022-01-31;12:14:56;143,75;;90;DDB;XTXE;;LB,CT;143,75;143,8;<
2022-01-31;12:14:56;143,75;;89;DDB;MLEX;HID;DB,CT;143,75;143,8;<
2022-01-31;12:14:56;143,75;;90;DDB;XTXE;;LB,CT;143,75;143,8;<
2022-01-31;12:14:56;143,75;;90;DDB;MLEX;;LB,CT;143,75;143,8;<
2022-01-31;12:14:56;143,75;;11;DDB;MSE;;LB,CT;143,75;143,8;<
2022-01-31;12:14:25;143,75;;79;DDB;JPAG;;LB,CT;143,75;143,8;<
2022-01-31;12:14:25;143,75;;2065;DDB;BBI;HID;DB,CT;143,75;143,8;<
2022-01-31;12:14:25;143,75;;90;DDB;BBI;;LB,CT;143,75;143,8;<
2022-01-31;12:14:24;143,75;;50;DDB;XTXE;;LB,CT;143,75;143,8;<
2022-01-31;12:14:24;143,75;;40;DDB;IEGG;;LB,CT;143,75;143,8;<
2022-01-31;12:14:24;143,75;;90;DDB;XTXE;HID;DB,CT;143,75;143,8;<
2022-01-31;12:14:24;143,75;;90;DDB;BBI;;LB,CT;143,75;143,8;<
2022-01-31;12:14:24;143,75;;90;DDB;XTXE;;LB,CT;143,75;143,8;<
2022-01-31;12:14:24;143,75;;400;DDB;XTXE;HID;DB,CT;143,75;143,8;<
2022-01-31;12:14:24;143,75;;123;DDB;XTXE;HID;DB,CT;143,75;143,8;<
2022-01-31;12:14:24;143,75;;90;DDB;XTXE;;LB,CT;143,75;143,8;<
2022-01-31;12:14:24;143,75;;90;DDB;XTXE;;LB,CT;143,75;143,8;<
2022-01-31;12:14:24;143,75;;90;DDB;XTXE;;LB,CT;143,75;143,8;<
2022-01-31;12:14:24;143,75;;90;DDB;XTXE;;LB,CT;143,75;143,8;<
2022-01-31;12:14:24;143,75;;90;DDB;XTXE;;LB,CT;143,75;143,8;<
2022-01-31;12:14:24;143,75;;50;DDB;MLEX;HID;DB,CT;143,75;143,8;<
2022-01-31;12:14:24;143,75;;90;DDB;XTXE;;LB,CT;143,75;143,8;<
2022-01-31;12:14:24;143,75;;90;DDB;BBI;;LB,CT;143,75;143,8;<
2022-01-31;12:14:23;143,75;;90;DDB;BBI;;LB,CT;143,75;144;<
2022-01-31;12:10:54;143,8;;4;JPAG;AVA;;LB,CT;143,75;144,1;<
2022-01-31;12:10:39;143,75;;16;DDB;AVA;HID;DB,CT;143,75;144,1;<
2022-01-31;12:10:39;143,75;;34;DDB;AVA;;LB,CT;143,75;144,1;<
2022-01-31;12:10:06;144,1;;3;AVA;JPAG;;LB,CT;143,75;144,15;>
2022-01-31;12:07:29;143,75;;56;DDB;JPAG;;LB,CT;143,75;144,1;<
2022-01-31;12:02:20;143,75;;90;DDB;BBI;;LB,CT;143,75;144,3;<
2022-01-31;12:02:20;143,75;;90;DDB;BBI;;LB,CT;143,75;144,3;<
2022-01-31;12:02:20;143,85;;62;JPAG;XTXE;;LB,CT;143,9;144,45;<
2022-01-31;12:02:20;143,9;;56;JPAG;XTXE;;LB,CT;143,9;144,45;<
2022-01-31;12:00:39;144,45;;2;ENS;JPAG;;LB,CT;143,9;144,45;>
2022-01-31;11:57:59;144,15;;2;DDB;SSWM;;LB,CT;144,15;144,5;<
2022-01-31;11:57:59;144,15;;37;DDB;BBI;;LB,CT;143,45;144;>
2022-01-31;11:57:59;144,15;;258;DDB;BBI;;LB,CT;143,45;144;>
2022-01-31;11:57:59;144,15;;57;DDB;JPAG;;LB,CT;143,45;144;>
2022-01-31;11:57:59;144,1;;290;DDB;BBI;;LB,CT;143,45;144;>
2022-01-31;11:57:59;144,1;;56;DDB;JPAG;;LB,CT;143,45;144;>
2022-01-31;11:57:59;144,05;;312;DDB;BBI;;LB,CT;143,45;144;>
2022-01-31;11:57:59;144;;141;DDB;JPAG;;LB,CT;143,45;144;>
2022-01-31;11:55:58;143,3;;17;XTXE;NON;;LB,CT;143,3;143,85;>
2022-01-31;11:55:58;143,3;;38;BBI;NON;;LB,CT;143,3;143,85;<
2022-01-31;11:55:08;143,6;;5;AVA;GSAG;;LB,CT;143,3;143,6;>
2022-01-31;11:55:01;143,5;;64;JPAG;XTXE;;LB,CT;143,3;143,65;<
2022-01-31;11:54:09;143,5;;17;JPAG;AVA;;LB,CT;143,5;143,8;<
2022-01-31;11:54:09;143,5;;44;BBI;AVA;;LB,CT;143,5;143,8;<
2022-01-31;11:52:39;143,8;;90;NRD;NRD;;LB,CT;143,5;143,8;>
2022-01-31;11:52:27;143,55;;56;JPAG;JPAG;;LB,CT;143,5;144;<
2022-01-31;11:52:05;143,75;;68;JPAG;XTXE;;LB,CT;143,8;144,15;<
2022-01-31;11:52:05;143,8;;1;JPAG;IEGG;;LB,CT;143,8;144,15;<
2022-01-31;11:51:50;144,05;;69;JPAG;XTXE;;LB,CT;144,05;144,4;<
2022-01-31;11:51:50;144,05;;33;JPAG;XTXE;;LB,CT;144,05;144,4;<
2022-01-31;11:47:05;144,45;;9;NON;SSWM;;LB,CT;144,05;144,45;>
2022-01-31;11:46:03;144,05;;56;JPAG;JPAG;;LB,CT;144,05;144,45;<
2022-01-31;11:45:04;144,45;;3;AVA;SSWM;;LB,CT;144,05;144,45;>
2022-01-31;11:43:20;144,35;;6;XTXE;JPAG;;LB,CT;144,35;144,6;<
2022-01-31;11:43:20;144,5;;66;SIS;JPAG;;LB,CT;144,35;144,6;>
2022-01-31;11:43:20;144,5;;131;SIS;NON;;LB,CT;144,35;144,6;>
2022-01-31;11:43:20;144,5;;119;XTXE;NON;;LB,CT;144,35;144,6;>
2022-01-31;11:43:20;144,5;;19;XTXE;JPAG;;LB,CT;144,35;144,6;>
2022-01-31;11:43:20;144,5;;52;XTXE;JPAG;;LB,CT;144,35;144,6;>
2022-01-31;11:43:20;144,45;;438;XTXE;SSWM;;LB,CT;143,9;144,25;>
2022-01-31;11:43:20;144,25;;300;XTXE;NON;;LB,CT;143,9;144,25;>
2022-01-31;11:39:39;144,3;;187;MSE;XTXE;;LB,CT;143,85;144,35;>
2022-01-31;11:38:22;144;;27;AVA;MSE;;LB,CT;144;144,25;<
2022-01-31;11:37:57;144;;17;AVA;AVA;;LB,CT;144,05;144,5;<
2022-01-31;11:37:23;144;;56;AVA;JPAG;;LB,CT;144;144,45;<
2022-01-31;11:34:00;144,05;;993;SIS;AVA;;LB,CT;144,05;144,7;>
2022-01-31;11:34:00;144,05;;40;BBI;AVA;;LB,CT;144,05;144,7;<
2022-01-31;11:33:04;144,2;;54;BBI;JPAG;;LB,CT;144,05;144,5;<
2022-01-31;11:33:02;144,55;;6;AVA;XTXE;;LB,CT;144,2;144,55;>
2022-01-31;11:33:01;144,45;;100;NON;MLEX;;LB,CT;144,45;144,75;<
2022-01-31;11:32:04;144,9;;1;JPAG;BBI;;LB,CT;144,5;144,95;<
2022-01-31;11:32:04;144,9;;4;JPAG;BBI;;LB,CT;144,5;144,95;<
2022-01-31;11:32:04;144,9;;74;JPAG;XTXE;;LB,CT;145;145,35;<
2022-01-31;11:32:04;144,9;;390;NON;XTXE;;LB,CT;145;145,35;<
2022-01-31;11:32:04;145;;967;NRD;AVA;;LB,CT;145;145,35;<
2022-01-31;11:31:52;145,1;;117;SSWM;XTXE;;LB,CT;145,15;145,75;<
2022-01-31;11:31:52;145,1;;335;SSWM;XTXE;;LB,CT;145,15;145,75;<
2022-01-31;11:31:52;145,1;;10;JPAG;XTXE;;LB,CT;145,15;145,75;<
2022-01-31;11:31:52;145,1;;56;JPAG;XTXE;;LB,CT;145,15;145,75;<
2022-01-31;11:31:52;145,15;;50;AVA;XTXE;;LB,CT;145,15;145,75;<
2022-01-31;11:29:48;145,75;;6;AVA;JPAG;;LB,CT;145,15;145,75;>
2022-01-31;11:29:45;145,75;;94;MSE;JPAG;;LB,CT;145,2;145,75;>
2022-01-31;11:29:29;145,15;;50;JPAG;AVA;;LB,CT;145,15;145,75;<
2022-01-31;11:27:20;145,4;;30;XTXE;AVA;;LB,CT;145,3;145,8;>
2022-01-31;11:26:07;145,55;;59;XTXE;JPAG;;LB,CT;145,4;145,8;>
2022-01-31;11:25:58;145,35;;10;BBI;AVA;;LB,CT;145,2;145,55;>
2022-01-31;11:25:02;144,95;;130;SIS;SBN;;LB,CT;144,95;145,35;>
2022-01-31;11:25:02;144,95;;70;JPAG;SBN;;LB,CT;144,95;145,35;<
2022-01-31;11:23:23;144,95;;355;BBI;BBI;;LB,CT;144,95;145,3;<
2022-01-31;11:23:23;144,95;;14;BBI;AVA;;LB,CT;144,95;145,3;<
2022-01-31;11:23:11;145,45;;7;NON;MLEX;;LB,CT;144,95;145,45;>
2022-01-31;11:22:14;144,8;;56;JPAG;JPAG;;LB,CT;144,8;145,3;<
2022-01-31;11:20:05;144,85;;1;MLEX;AVA;;LB,CT;144,85;145,5;<
2022-01-31;11:19:55;145;;42;BBI;XTXE;;LB,CT;145,1;145,5;<
2022-01-31;11:19:55;145,1;;121;BBI;XTXE;;LB,CT;145,1;145,5;<
2022-01-31;11:19:55;145,1;;183;BBI;NRD;;LB,CT;145,1;145,5;<
2022-01-31;11:19:44;145,1;;8;MLEX;GSAG;;LB,CT;144,95;145,45;>
2022-01-31;11:19:44;145,1;;56;BBI;JPAG;;LB,CT;144,95;145,6;>
2022-01-31;11:19:44;145;;333;SIS;BBI;;LB,CT;144,95;145,6;>
2022-01-31;11:19:44;145;;3;SIS;AVA;;LB,CT;144,95;145,6;>
2022-01-31;11:19:44;145;;12;SIS;AVA;;LB,CT;144,95;145,6;>
2022-01-31;11:19:44;145;;6;SIS;NON;;LB,CT;144,95;145,6;>
2022-01-31;11:19:44;145;;279;SIS;AVA;;LB,CT;144,95;145,6;>
2022-01-31;11:19:44;145;;221;XTXE;AVA;;LB,CT;144,95;145,6;>
2022-01-31;11:19:44;145;;6;XTXE;AVA;;LB,CT;144,95;145,6;>
2022-01-31;11:19:44;145;;5;XTXE;SWB;;LB,CT;144,95;145,6;>
2022-01-31;11:19:44;145;;50;XTXE;AVA;;LB,CT;144,95;145,6;>
2022-01-31;11:19:44;144,9;;250;XTXE;AVA;;LB,CT;144,95;145,6;>
2022-01-31;11:19:15;144,85;;1;AIV;MSE;;LB,CT;144,85;144,9;<
2022-01-31;11:19:15;144,85;;4;AIV;AVA;;LB,CT;144,85;144,9;>
2022-01-31;11:16:01;144,35;;56;JPAG;JPAG;;LB,CT;144,35;144,8;<
2022-01-31;11:11:48;144,35;;253;MLEX;BBI;;LB,CT;144,1;144,75;<
2022-01-31;11:11:48;144,35;;424;BBI;BBI;;LB,CT;144,1;144,75;<
2022-01-31;11:11:48;144,8;;34;NON;MLEX;;LB,CT;144,35;144,8;>
2022-01-31;11:09:19;144,55;;66;BBI;JPAG;;LB,CT;144,25;144,55;>
2022-01-31;11:09:19;144,55;;65;BBI;JPAG;;LB,CT;144,25;144,55;>
2022-01-31;11:08:41;144,4;;10;ENS;XTXE;;LB,CT;144,05;144,45;>
2022-01-31;11:08:08;144,4;;68;AVA;XTXE;;LB,CT;144,05;144,45;<
2022-01-31;11:08:08;144,4;;99;AVA;JPAG;;LB,CT;144,05;144,45;>
2022-01-31;11:08:08;144,4;;6;AVA;JPAG;;LB,CT;144,05;144,45;>
2022-01-31;11:07:18;144;;56;BBI;JPAG;;LB,CT;144;144,25;<
2022-01-31;11:07:14;143,95;;4;BBI;AVA;;LB,CT;144;144,4;<
2022-01-31;11:07:14;144;;1;JPAG;AVA;;LB,CT;144;144,4;<
2022-01-31;11:06:10;144,25;;6;AVA;IEGG;;LB,CT;144,25;144,45;<
2022-01-31;11:05:20;144,5;;230;SHB;XTXE;;LB,CT;144,25;144,5;>
2022-01-31;11:04:50;144,5;;8;BBI;JPAG;;LB,CT;144,3;144,85;>
2022-01-31;11:04:50;144,5;;50;BBI;AVA;;LB,CT;144,3;144,85;>
2022-01-31;11:04:50;144,5;;73;BBI;JPAG;;LB,CT;144,3;144,85;>
2022-01-31;11:03:31;144,25;;19;XTXE;AVA;;LB,CT;143,9;144,25;>
2022-01-31;11:01:03;144;;100;XTXE;SBN;;LB,CT;144;144,25;<
2022-01-31;11:00:09;144,2;;48;MSE;JPAG;;LB,CT;143,9;144,2;>
2022-01-31;11:00:09;144,2;;142;MSE;ENS;;LB,CT;143,9;144,2;>
2022-01-31;10:58:19;143,95;;267;XTXE;BBI;;LB,CT;143,65;143,9;>
2022-01-31;10:58:19;143,9;;61;XTXE;JPAG;;LB,CT;143,65;143,9;>
2022-01-31;10:58:09;143,8;;57;XTXE;JPAG;;LB,CT;143,65;143,9;>
2022-01-31;10:58:06;143,65;;30;MSE;JPAG;;LB,CT;143,4;143,65;>
2022-01-31;10:58:06;143,65;;6;NON;JPAG;;LB,CT;143,35;143,65;>
2022-01-31;10:58:06;143,65;;4;NON;AVA;;LB,CT;143,35;143,65;>
2022-01-31;10:57:54;143,35;;27;BBI;AVA;;LB,CT;143,35;143,65;<
2022-01-31;10:56:08;143,4;;56;XTXE;JPAG;;LB,CT;143,3;143,65;>
2022-01-31;10:54:41;143,65;;65;JPAG;XTXE;;LB,CT;143,65;143,95;<
2022-01-31;10:54:41;143,65;;12;JPAG;XTXE;;LB,CT;143,65;143,95;<
2022-01-31;10:54:41;143,65;;50;JPAG;SHB;;LB,CT;143,65;143,95;<
2022-01-31;10:54:17;143,65;;5;JPAG;NRD;;LB,CT;143,65;144;<
2022-01-31;10:53:00;143,75;;67;MLEX;NON;;LB,CT;143,75;144,2;>
2022-01-31;10:53:00;143,75;;83;AVA;NON;;LB,CT;143,75;144,2;<
2022-01-31;10:52:59;144,2;;10;AVA;JPAG;;LB,CT;143,75;144,2;>
2022-01-31;10:49:27;144,1;;200;AIV;XTXE;;LB,CT;143,7;144,1;>
2022-01-31;10:49:19;144;;8;AVA;JPAG;;LB,CT;143,7;144;>
2022-01-31;10:49:19;144;;2;AVA;NRD;;LB,CT;143,7;144;>
2022-01-31;10:49:01;143,8;;56;JPAG;JPAG;;LB,CT;143,8;144;<
2022-01-31;10:47:29;143,65;;10;JPAG;MSE;;LB,CT;143,85;144,25;<
2022-01-31;10:47:29;143,7;;1;JPAG;MSE;;LB,CT;143,85;144,25;<
2022-01-31;10:47:29;143,8;;34;BBI;MSE;;LB,CT;143,85;144,25;<
2022-01-31;10:47:29;143,8;;36;MSE;MSE;;LB,CT;143,85;144,25;<
2022-01-31;10:47:29;143,85;;34;BBI;MSE;;LB,CT;143,85;144,25;<
2022-01-31;10:46:46;144;;70;NON;XTXE;;LB,CT;143,75;144,15;>
2022-01-31;10:46:02;143,95;;38;BBI;BBI;;LB,CT;143,95;144,15;<
2022-01-31;10:46:01;144;;56;JPAG;JPAG;;LB,CT;143,95;144,15;<
2022-01-31;10:45:54;144,25;;3;AVA;AVA;;LB,CT;144;144,25;>
2022-01-31;10:45:29;144;;1;JPAG;AVA;;LB,CT;144;144,25;<
2022-01-31;10:45:02;144,2;;27;JPAG;XTXE;;LB,CT;144;144,25;<
2022-01-31;10:45:01;144,2;;30;JPAG;XTXE;;LB,CT;144,2;144,4;<
2022-01-31;10:45:01;144,2;;61;JPAG;XTXE;;LB,CT;144,2;144,4;<
2022-01-31;10:44:34;144,3;;4;AVA;XTXE;;LB,CT;144,3;144,55;<
2022-01-31;10:44:34;144,3;;13;AVA;XTXE;;LB,CT;144,3;144,55;<
2022-01-31;10:44:24;144,55;;630;BBI;XTXE;;LB,CT;144,3;144,75;<
2022-01-31;10:44:24;144,55;;91;MLEX;XTXE;;LB,CT;144,3;144,75;<
2022-01-31;10:43:02;144,55;;56;MLEX;JPAG;;LB,CT;144,55;144,9;<
2022-01-31;10:41:37;144,55;;100;MLEX;AVA;;LB,CT;144,55;144,9;<
2022-01-31;10:41:28;144,7;;67;MSE;JPAG;;LB,CT;144,35;144,7;>
2022-01-31;10:41:28;144,7;;100;MSE;SWB;;LB,CT;144,35;144,7;>
2022-01-31;10:41:21;144,6;;32;MSE;JPAG;;LB,CT;144,35;144,7;>
2022-01-31;10:41:14;144,6;;76;BBI;JPAG;;LB,CT;144,3;144,6;>
2022-01-31;10:40:29;144,5;;57;MLEX;JPAG;;LB,CT;144,25;144,5;>
2022-01-31;10:40:29;144,5;;700;MLEX;AVA;;LB,CT;144,25;144,5;>
2022-01-31;10:40:29;144,5;;120;MLEX;NON;;LB,CT;144,25;144,5;>
2022-01-31;10:40:29;144,5;;100;NON;NON;;LB,CT;144,25;144,5;>
2022-01-31;10:39:57;144,4;;26;MSE;JPAG;;LB,CT;144,15;144,4;>
2022-01-31;10:39:04;144,3;;399;XTXE;BBI;;LB,CT;144,1;144,45;<
2022-01-31;10:39:04;144,45;;4;XTXE;JPAG;;LB,CT;144,1;144,45;>
2022-01-31;10:39:04;144,45;;220;XTXE;AVA;;LB,CT;144,1;144,45;>
2022-01-31;10:39:04;144,4;;40;XTXE;MSE;;LB,CT;144,1;144,45;>
2022-01-31;10:39:04;144,3;;200;XTXE;SHB;;LB,CT;144,1;144,45;>
2022-01-31;10:39:02;144,15;;321;NRD;SIS;;LB,CT;144,05;144,4;<
2022-01-31;10:39:02;144,15;;537;NRD;MSE;;LB,CT;144,05;144,4;<
2022-01-31;10:39:02;144,15;;26;NRD;XTXE;;LB,CT;144,05;144,4;<
2022-01-31;10:36:51;144,4;;20;NON;JPAG;;LB,CT;144,15;144,4;>
2022-01-31;10:36:33;144,4;;44;NON;XTXE;;LB,CT;144,15;144,4;<
2022-01-31;10:36:33;144,4;;56;NON;JPAG;;LB,CT;144,15;144,4;>
2022-01-31;10:35:53;144,15;;100;NRD;ENS;;LB,CT;144,15;144,4;<
2022-01-31;10:35:38;144,4;;69;MSE;JPAG;;LB,CT;144,2;144,45;>
2022-01-31;10:35:19;144,2;;25;XTXE;AVA;;LB,CT;143,95;144,4;>
2022-01-31;10:35:19;144,2;;22;XTXE;AVA;;LB,CT;143,95;144,4;>
2022-01-31;10:35:19;144,15;;69;XTXE;JPAG;;LB,CT;143,95;144,4;>
2022-01-31;10:35:08;143,65;;60;XTXE;JPAG;;LB,CT;143,45;144,1;>
2022-01-31;10:35:08;143,65;;62;XTXE;JPAG;;LB,CT;143,45;144,1;>
2022-01-31;10:35:08;143,65;;69;XTXE;JPAG;;LB,CT;143,45;144,1;>
2022-01-31;10:35:08;143,6;;67;XTXE;JPAG;;LB,CT;143,45;144,1;>
2022-01-31;10:35:05;143,6;;2;NON;JPAG;;LB,CT;143,35;143,6;>
2022-01-31;10:35:01;143,6;;50;AVA;JPAG;;LB,CT;143,35;143,6;>
2022-01-31;10:33:59;143,25;;56;BBI;JPAG;;LB,CT;143,1;143,5;>
2022-01-31;10:33:59;143,25;;7;BBI;GSAG;;LB,CT;143,1;143,5;>
2022-01-31;10:32:56;143;;17;AVA;AVA;;LB,CT;143;143,35;<
2022-01-31;10:32:40;143,2;;65;JPAG;BBI;;LB,CT;143,2;143,5;<
2022-01-31;10:32:40;143,2;;81;JPAG;BBI;;LB,CT;143,2;143,5;<
2022-01-31;10:32:18;143,3;;1;JPAG;IEGG;;LB,CT;143,2;143,5;<
2022-01-31;10:31:45;143,5;;3;JPAG;IEGG;;LB,CT;143,5;143,75;<
2022-01-31;10:31:34;143,5;;35;JPAG;XTXE;;LB,CT;143,6;143,9;<
2022-01-31;10:31:34;143,5;;19;JPAG;XTXE;;LB,CT;143,6;143,9;<
2022-01-31;10:31:34;143,5;;72;JPAG;XTXE;;LB,CT;143,6;143,9;<
2022-01-31;10:31:34;143,6;;63;JPAG;XTXE;;LB,CT;143,6;143,9;<
2022-01-31;10:31:34;143,95;;136;NON;SIS;;LB,CT;143,6;143,95;<
2022-01-31;10:31:34;143,95;;11;NON;JPAG;;LB,CT;143,6;143,95;>
2022-01-31;10:31:34;143,95;;3;NON;JPAG;;LB,CT;143,6;143,95;>
2022-01-31;10:30:47;144;;14;MSE;JPAG;;LB,CT;143,75;144,2;>
2022-01-31;10:30:47;144;;56;MSE;JPAG;;LB,CT;143,75;144,2;>
2022-01-31;10:30:47;144;;22;MSE;JPAG;;LB,CT;143,75;144,2;>
2022-01-31;10:30:47;144;;34;MSE;MSE;;LB,CT;143,75;144,2;>
2022-01-31;10:29:06;143,85;;5;AVA;XTXE;;LB,CT;143,6;144,1;<
2022-01-31;10:29:06;143,85;;270;BBI;XTXE;;LB,CT;143,6;144,1;<
2022-01-31;10:29:06;143,85;;500;BBI;ENS;;LB,CT;143,6;144,1;<
2022-01-31;10:28:01;143,85;;56;JPAG;JPAG;;LB,CT;143,85;144,25;<
2022-01-31;10:27:01;143,75;;56;BBI;JPAG;;LB,CT;143,75;144,25;<
2022-01-31;10:26:01;143,65;;56;BBI;JPAG;;LB,CT;143,65;144,25;<
2022-01-31;10:22:31;144,35;;400;AVA;XTXE;;LB,CT;143,8;144,35;>
2022-01-31;10:21:23;143,9;;56;XTXE;JPAG;;LB,CT;143,85;144,4;>
2022-01-31;10:21:23;143,9;;14;XTXE;AVA;;LB,CT;143,85;144,4;>
2022-01-31;10:20:17;143,95;;56;BBI;JPAG;;LB,CT;143,55;143,95;>
2022-01-31;10:18:02;143,8;;1;JPAG;MSE;;LB,CT;143,6;144,1;<
2022-01-31;10:16:20;143,95;;27;XTXE;AVA;;LB,CT;143,95;144,45;<
2022-01-31;10:15:15;144,25;;300;MLEX;AVA;;LB,CT;143,8;144,1;>
2022-01-31;10:15:15;144,25;;399;MLEX;AVA;;LB,CT;143,8;144,1;>
2022-01-31;10:15:15;144,25;;80;XTXE;AVA;;LB,CT;143,8;144,1;>
2022-01-31;10:15:15;144,1;;62;XTXE;JPAG;;LB,CT;143,8;144,1;>
2022-01-31;10:15:15;144,1;;21;XTXE;AVA;;LB,CT;143,8;144,1;>
2022-01-31;10:15:15;144,1;;179;XTXE;AVA;;LB,CT;143,8;144,1;>
2022-01-31;10:15:14;143,8;;102;XTXE;IEGG;;LB,CT;143,8;144,1;<
2022-01-31;10:15:14;144;;50;XTXE;AVA;;LB,CT;143,8;144,1;>
2022-01-31;10:15:14;144;;4;XTXE;AVA;;LB,CT;143,8;144,1;>
2022-01-31;10:15:14;143,85;;68;XTXE;JPAG;;LB,CT;143,8;144,1;>
2022-01-31;10:15:14;143,8;;56;MSE;JPAG;;LB,CT;143,8;144,1;>
2022-01-31;10:15:14;143,8;;7;MSE;JPAG;;LB,CT;143,8;144,1;>
2022-01-31;10:12:56;143,7;;81;NRD;MLEX;;LB,CT;143,4;143,8;>
2022-01-31;10:12:56;143,7;;400;NRD;XTXE;;LB,CT;143,4;143,8;>
2022-01-31;10:12:49;143,55;;944;AVA;SIS;;LB,CT;143,25;143,65;<
2022-01-31;10:12:49;143,55;;56;AVA;JPAG;;LB,CT;143,25;143,65;>
2022-01-31;10:11:18;143,6;;4;AVA;MLEX;;LB,CT;143,25;143,6;>
2022-01-31;10:10:47;143,8;;65;AVA;XTXE;;LB,CT;143,4;143,85;<
2022-01-31;10:10:47;143,8;;73;AVA;MLEX;;LB,CT;143,4;143,85;>
2022-01-31;10:10:28;143,8;;17;AVA;XTXE;;LB,CT;143,4;143,8;<
2022-01-31;10:10:28;143,8;;83;AVA;MLEX;;LB,CT;143,4;143,8;>
2022-01-31;10:09:52;143,8;;69;AVA;MLEX;;LB,CT;143,3;143,8;>
2022-01-31;10:09:10;143,7;;56;XTXE;JPAG;;LB,CT;143,55;143,85;>
2022-01-31;10:09:10;143,7;;59;XTXE;JPAG;;LB,CT;143,55;143,85;>
2022-01-31;10:08:59;143,4;;22;XTXE;AVA;;LB,CT;143;143,4;>
2022-01-31;10:07:00;143,35;;697;AVA;SIS;;LB,CT;143;143,4;<
2022-01-31;10:06:39;143,3;;6;AVA;JPAG;;LB,CT;143;143,3;>
2022-01-31;10:05:35;143;;100;NON;MSE;;LB,CT;143;143,35;<
2022-01-31;10:05:33;143;;100;NON;BBI;;LB,CT;143;143,35;<
2022-01-31;10:05:33;143;;100;NON;XTXE;;LB,CT;143,05;143,4;<
2022-01-31;10:05:33;143;;44;NON;XTXE;;LB,CT;143,05;143,4;<
2022-01-31;10:05:33;143,05;;1;MSE;IEGG;;LB,CT;143,05;143,4;<
2022-01-31;10:04:34;143,4;;1;AVA;AVA;;LB,CT;143,05;143,4;>
2022-01-31;10:04:15;143,4;;1;AVA;AVA;;LB,CT;143,05;143,4;>
2022-01-31;10:03:59;143,4;;1;AVA;AVA;;LB,CT;143,05;143,4;>
2022-01-31;10:03:30;143,6;;1;MSE;XTXE;;LB,CT;143,05;143,6;>
2022-01-31;10:03:28;143,45;;6;AVA;XTXE;;LB,CT;143;143,45;>
2022-01-31;10:03:14;143,1;;243;SIS;AVA;;LB,CT;143;143,5;>
2022-01-31;10:03:14;143,1;;44;BBI;AVA;;LB,CT;143;143,5;<
2022-01-31;10:03:14;143,1;;180;AVA;AVA;;LB,CT;143;143,5;<
2022-01-31;10:03:14;143,15;;33;BBI;AVA;;LB,CT;143;143,5;<
2022-01-31;10:02:08;143,15;;40;XTXE;NON;;LB,CT;143,05;143,55;>
2022-01-31;10:02:04;143,55;;31;AVA;XTXE;;LB,CT;143,1;143,6;<
2022-01-31;10:01:30;143,4;;10;BBI;AVA;;LB,CT;143,15;143,4;>
2022-01-31;10:01:30;143,25;;56;XTXE;JPAG;;LB,CT;143,05;143,25;>
2022-01-31;10:01:00;143;;56;NON;JPAG;;LB,CT;143;143,35;<
2022-01-31;10:00:13;143,1;;67;JPAG;XTXE;;LB,CT;143;143,35;<
2022-01-31;10:00:13;143,1;;73;JPAG;XTXE;;LB,CT;143;143,35;<
2022-01-31;09:59:10;143,4;;8;AVA;MSE;;LB,CT;143,15;143,6;<
2022-01-31;09:59:10;143,5;;200;NON;XTXE;;LB,CT;143,65;143,9;<
2022-01-31;09:59:10;143,55;;37;BBI;XTXE;;LB,CT;143,65;143,9;<
2022-01-31;09:59:10;143,55;;89;JPAG;XTXE;;LB,CT;143,65;143,9;<
2022-01-31;09:59:10;143,55;;98;JPAG;XTXE;;LB,CT;143,65;143,9;<
2022-01-31;09:57:34;143,65;;50;MLEX;AVA;;LB,CT;143,65;143,9;<
2022-01-31;09:57:17;143,7;;1;JPAG;MSE;;LB,CT;143,55;143,9;<
2022-01-31;09:56:44;143,75;;23;MLEX;AVA;;LB,CT;143,75;144,15;<
2022-01-31;09:55:49;144,05;;6;AVA;XTXE;;LB,CT;143,7;144,05;>
2022-01-31;09:55:11;143,85;;26;BBI;XTXE;;LB,CT;143,95;144,15;<
2022-01-31;09:55:11;143,85;;76;BBI;XTXE;;LB,CT;143,95;144,15;<
2022-01-31;09:55:11;143,95;;78;JPAG;XTXE;;LB,CT;143,95;144,15;<
2022-01-31;09:55:11;143,95;;99;JPAG;XTXE;;LB,CT;143,95;144,15;<
2022-01-31;09:54:48;144;;800;SIS;AVA;;LB,CT;143,95;144,25;>
2022-01-31;09:54:02;144;;56;BBI;JPAG;;LB,CT;144;144,25;<
2022-01-31;09:53:26;144;;27;MLEX;AVA;;LB,CT;144;144,25;<
2022-01-31;09:53:10;143,95;;4;JPAG;AVA;;LB,CT;143,95;144,25;<
2022-01-31;09:52:08;144,25;;521;BBI;AVA;;LB,CT;144,25;144,5;<
2022-01-31;09:51:30;144,25;;60;XTXE;JPAG;;LB,CT;143,95;144,2;>
2022-01-31;09:51:30;144,2;;197;MSE;AVA;;LB,CT;143,95;144,2;>
2022-01-31;09:51:30;144,2;;3;JPAG;AVA;;LB,CT;143,95;144,2;>
2022-01-31;09:51:30;144,2;;417;JPAG;AVA;;LB,CT;143,95;144,2;>
2022-01-31;09:51:30;144,2;;77;XTXE;AVA;;LB,CT;143,95;144,2;>
2022-01-31;09:51:30;144,2;;136;XTXE;AVA;;LB,CT;143,95;144,2;>
2022-01-31;09:51:30;144,1;;45;XTXE;JPAG;;LB,CT;143,95;144,2;>
2022-01-31;09:51:30;144;;150;XTXE;NON;;LB,CT;143,95;144,2;>
2022-01-31;09:51:30;143,95;;56;XTXE;JPAG;;LB,CT;143,95;144,2;>
2022-01-31;09:51:26;143,95;;175;MSE;XTXE;;LB,CT;143,55;143,95;>
2022-01-31;09:51:02;143,95;;13;AVA;XTXE;;LB,CT;143,55;143,95;>
2022-01-31;09:50:52;143,95;;5;AVA;XTXE;;LB,CT;143,55;143,95;>
2022-01-31;09:50:50;143,95;;1;NON;XTXE;;LB,CT;143,55;143,95;>
2022-01-31;09:50:05;144;;34;MSE;XTXE;;LB,CT;143,65;144,2;<
2022-01-31;09:50:05;144,1;;185;NRD;SIS;;LB,CT;143,65;144,2;<
2022-01-31;09:50:05;144,1;;12;NRD;AVA;;LB,CT;143,65;144,2;>
2022-01-31;09:49:49;143,65;;20;MLEX;AVA;;LB,CT;143,65;144,1;<
2022-01-31;09:49:29;143,65;;19;MLEX;AVA;;LB,CT;143,65;144,1;<
2022-01-31;09:49:08;143,65;;13;MLEX;AVA;;LB,CT;143,65;144,1;<
2022-01-31;09:49:00;143,65;;56;MLEX;JPAG;;LB,CT;143,65;144,1;<
2022-01-31;09:48:17;143,85;;100;MLEX;SWB;;LB,CT;143,85;144,2;<
2022-01-31;09:47:31;144,15;;202;MSE;XTXE;;LB,CT;143,65;144,15;>
2022-01-31;09:46:25;144,2;;20;AVA;AVA;;LB,CT;143,7;144,2;>
2022-01-31;09:45:45;143,95;;20;XTXE;JPAG;;LB,CT;143,75;144,2;>
2022-01-31;09:45:45;143,95;;36;AVA;JPAG;;LB,CT;143,75;144,2;>
2022-01-31;09:45:45;143,95;;14;AVA;SHB;;LB,CT;143,75;144,2;>
2022-01-31;09:45:12;143,6;;33;MSE;SWB;;LB,CT;143,65;143,95;<
2022-01-31;09:45:12;143,6;;67;MLEX;SWB;;LB,CT;143,65;143,95;<
2022-01-31;09:45:12;143,65;;400;XTXE;SWB;;LB,CT;143,65;143,95;<
2022-01-31;09:44:58;143,75;;56;XTXE;JPAG;;LB,CT;143,4;143,7;>
2022-01-31;09:44:58;143,7;;300;BBI;ENS;;LB,CT;143,4;143,7;>
2022-01-31;09:42:34;143,35;;67;MSE;JPAG;;LB,CT;143;143,35;>
2022-01-31;09:42:33;143,1;;56;XTXE;JPAG;;LB,CT;142,8;143,1;>
2022-01-31;09:42:02;143;;272;NRD;SIS;;LB,CT;142,8;143,1;<
2022-01-31;09:42:02;143;;161;NRD;XTXE;;LB,CT;142,8;143,1;<
2022-01-31;09:42:02;143;;303;NRD;XTXE;;LB,CT;143;143,3;<
2022-01-31;09:40:03;143,05;;127;JPAG;XTXE;;LB,CT;143,1;143,3;<
2022-01-31;09:40:03;143,1;;1;JPAG;JPAG;;LB,CT;143,1;143,3;<
2022-01-31;09:39:02;143,3;;95;BBI;XTXE;;LB,CT;143,1;143,45;<
2022-01-31;09:39:02;143,35;;62;JPAG;XTXE;;LB,CT;143,1;143,45;<
2022-01-31;09:39:02;143,45;;655;BBI;XTXE;;LB,CT;143,1;143,45;<
2022-01-31;09:39:02;143,5;;90;MLEX;XTXE;;LB,CT;143,1;143,45;<
2022-01-31;09:38:56;143,95;;15;SHB;XTXE;;LB,CT;143,5;143,95;>
2022-01-31;09:38:21;143,65;;71;BBI;JPAG;;LB,CT;143,65;143,95;<
2022-01-31;09:38:21;143,7;;90;MLEX;JPAG;;LB,CT;143,65;143,95;<
2022-01-31;09:37:34;143,65;;29;MLEX;XTXE;;LB,CT;143,35;143,95;<
2022-01-31;09:37:34;143,65;;60;MLEX;AVA;;LB,CT;143,35;143,95;<
2022-01-31;09:37:34;143,65;;1;MLEX;AVA;;LB,CT;143,35;143,95;<
2022-01-31;09:37:34;143,7;;62;JPAG;AVA;;LB,CT;143,35;143,95;<
2022-01-31;09:37:34;143,7;;75;JPAG;AVA;;LB,CT;143,35;143,95;<
2022-01-31;09:37:34;143,7;;47;JPAG;AVA;;LB,CT;143,35;143,95;<
2022-01-31;09:37:31;143,7;;35;JPAG;AVA;;LB,CT;143,7;144,05;<
2022-01-31;09:37:21;144;;202;SWB;BBI;;LB,CT;143,65;144;<
2022-01-31;09:37:21;144;;1300;SWB;NON;;LB,CT;143,65;144;>
2022-01-31;09:37:21;144;;4;SWB;AVA;;LB,CT;143,65;144;>
2022-01-31;09:37:21;144;;500;SWB;AVA;;LB,CT;143,65;144;>
2022-01-31;09:37:12;143,7;;200;XTXE;AVA;;LB,CT;143,7;144;<
2022-01-31;09:36:44;143,65;;89;MLEX;JPAG;;LB,CT;143,65;144;<
2022-01-31;09:36:44;143,95;;5;MSE;NON;;LB,CT;143,6;144;>
2022-01-31;09:36:44;143,95;;41;MSE;NON;;LB,CT;143,6;144;>
2022-01-31;09:36:44;143,85;;400;XTXE;BBI;;LB,CT;143,6;144;<
2022-01-31;09:36:44;143,95;;59;XTXE;NON;;LB,CT;143,6;144;>
2022-01-31;09:36:44;143,9;;67;XTXE;JPAG;;LB,CT;143,6;144;>
2022-01-31;09:36:44;143,8;;174;XTXE;AVA;;LB,CT;143,6;144;>
2022-01-31;09:36:44;143,7;;7;MLEX;NON;;LB,CT;143,6;144;>
2022-01-31;09:36:44;143,65;;6;MLEX;AVA;;LB,CT;143,6;144;>
2022-01-31;09:36:44;143,6;;300;SWB;XTXE;;LB,CT;143,6;144;<
2022-01-31;09:36:44;143,6;;338;SWB;BBI;HID;DB,CT;143,6;144;<
2022-01-31;09:36:44;143,6;;300;SWB;SIS;;LB,CT;143,6;144;<
2022-01-31;09:36:44;143,6;;56;SWB;JPAG;;LB,CT;143,6;144;>
2022-01-31;09:35:57;143,6;;2;AVA;XTXE;;LB,CT;143,1;143,6;>
2022-01-31;09:35:48;143,4;;273;NRD;SIS;;LB,CT;143,4;143,65;<
2022-01-31;09:35:48;143,4;;220;NRD;MSE;;LB,CT;143,4;143,65;<
2022-01-31;09:35:18;143,15;;66;BBI;JPAG;;LB,CT;142,9;143,5;>
2022-01-31;09:35:18;143;;286;SIS;AVA;;LB,CT;142,75;143,15;>
2022-01-31;09:35:18;143;;639;MLEX;AVA;;LB,CT;142,75;143,15;>
2022-01-31;09:35:18;143;;75;MLEX;AVA;;LB,CT;142,75;143,15;>
2022-01-31;09:35:18;142,95;;225;XTXE;BBI;;LB,CT;142,75;143,15;>
2022-01-31;09:35:18;142,95;;39;MLEX;BBI;;LB,CT;142,75;143,15;>
2022-01-31;09:35:18;142,95;;350;MLEX;JPAG;;LB,CT;142,75;143,15;>
2022-01-31;09:35:18;142,95;;61;MLEX;JPAG;;LB,CT;142,75;143,15;>
2022-01-31;09:35:18;142,9;;6;XTXE;AVA;;LB,CT;142,75;143,15;>
2022-01-31;09:35:18;142,9;;470;XTXE;AVA;;LB,CT;142,75;143,15;>
2022-01-31;09:35:18;142,9;;12;XTXE;SWB;;LB,CT;142,75;143,15;>
2022-01-31;09:35:18;142,85;;6;MSE;AVA;;LB,CT;142,75;143,15;>
2022-01-31;09:35:00;142,5;;1921;SIS;SWB;;LB,CT;142,4;142,85;>
2022-01-31;09:35:00;142,5;;79;MLEX;SWB;;LB,CT;142,4;142,85;<
2022-01-31;09:33:08;142,75;;86;NRD;XTXE;;LB,CT;142,3;142,85;<
2022-01-31;09:33:08;142,7;;56;NRD;JPAG;;LB,CT;142,3;142,85;>
2022-01-31;09:33:08;142,65;;78;NRD;MLEX;;LB,CT;142,3;142,85;>
2022-01-31;09:32:42;142,5;;56;BBI;JPAG;;LB,CT;142,25;142,8;>
2022-01-31;09:32:42;142,5;;50;BBI;AVA;;LB,CT;142,25;142,8;>
2022-01-31;09:29:14;142,35;;1;XTXE;AVA;;LB,CT;142,35;142,85;<
2022-01-31;09:28:04;142,9;;30;AVA;AVA;;LB,CT;142,3;142,9;>
2022-01-31;09:27:31;142,9;;8;AVA;SWB;;LB,CT;142,7;142,9;>
2022-01-31;09:27:19;142,75;;4;MSE;NON;;LB,CT;142,7;142,85;>
2022-01-31;09:27:15;142,5;;56;BBI;JPAG;;LB,CT;142,25;142,75;>
2022-01-31;09:27:15;142,5;;8;BBI;NON;;LB,CT;142,25;142,75;>
2022-01-31;09:26:03;142;;58;NRD;AVA;;LB,CT;142,05;142,7;<
2022-01-31;09:26:03;142,05;;82;MLEX;AVA;;LB,CT;142,05;142,7;<
2022-01-31;09:25:39;142,35;;10;NON;JPAG;;LB,CT;142,05;142,55;>
2022-01-31;09:25:29;142;;100;NRD;XTXE;;LB,CT;142;142,4;<
2022-01-31;09:25:29;142;;4;NRD;BBI;HID;DB,CT;142;142,4;<
2022-01-31;09:25:29;142;;100;SHB;BBI;;LB,CT;142;142,4;<
2022-01-31;09:25:29;142;;100;NRD;BBI;;LB,CT;142;142,4;<
2022-01-31;09:25:13;142;;100;NRD;XTXE;;LB,CT;142;142,35;<
2022-01-31;09:24:38;142,2;;56;JPAG;MSE;;LB,CT;142;142,4;<
2022-01-31;09:24:38;142,2;;73;JPAG;MSE;;LB,CT;142;142,4;<
2022-01-31;09:24:38;142,3;;2;AVA;MSE;;LB,CT;142;142,4;<
2022-01-31;09:23:13;142,7;;56;BBI;JPAG;;LB,CT;142,2;142,7;>
2022-01-31;09:23:12;142,35;;500;XTXE;NON;;LB,CT;142;142,25;>
2022-01-31;09:23:12;142,25;;57;MLEX;JPAG;;LB,CT;142;142,25;>
2022-01-31;09:22:57;142;;900;NRD;SWB;HID;DB,CT;142;142,25;<
2022-01-31;09:22:57;142;;100;NRD;SWB;;LB,CT;142;142,25;<
2022-01-31;09:22:48;142;;44;NRD;MSE;;LB,CT;142;142,25;<
2022-01-31;09:22:48;142;;56;NRD;XTXE;;LB,CT;142;142,25;<
2022-01-31;09:21:19;142,3;;56;XTXE;JPAG;;LB,CT;142;142,3;>
2022-01-31;09:21:11;142;;30;NRD;MSE;;LB,CT;142;142,3;<
2022-01-31;09:21:05;142;;70;NRD;XTXE;;LB,CT;142;142,25;<
2022-01-31;09:21:05;142;;100;NRD;MSE;;LB,CT;142;142,25;<
2022-01-31;09:21:03;142;;53;NRD;XTXE;;LB,CT;142;142,35;<
2022-01-31;09:21:03;142;;47;NRD;XTXE;;LB,CT;142;142,35;<
2022-01-31;09:20:10;142;;79;NRD;XTXE;;LB,CT;142;142,45;<
2022-01-31;09:20:07;142,05;;79;MLEX;BBI;;LB,CT;142;142,45;<
2022-01-31;09:19:18;142,25;;50;MLEX;AVA;;LB,CT;142,05;142,7;>
2022-01-31;09:18:23;142;;21;NRD;AVA;;LB,CT;142;142,65;<
2022-01-31;09:18:12;142;;100;NRD;XTXE;;LB,CT;142,15;142,65;<
2022-01-31;09:18:12;142,15;;63;JPAG;XTXE;;LB,CT;142,15;142,65;<
2022-01-31;09:18:12;142,15;;63;JPAG;XTXE;;LB,CT;142,15;142,65;<
2022-01-31;09:17:38;142,45;;1;JPAG;XTXE;;LB,CT;142,45;142,9;<
2022-01-31;09:17:38;142,45;;69;JPAG;XTXE;;LB,CT;142,45;142,9;<
2022-01-31;09:17:38;142,45;;66;JPAG;XTXE;;LB,CT;142,45;142,9;<
2022-01-31;09:17:25;142,7;;68;JPAG;XTXE;;LB,CT;142,75;143,3;<
2022-01-31;09:17:20;143,3;;23;AVA;XTXE;;LB,CT;142,75;143,35;>
2022-01-31;09:16:33;142,85;;100;MLEX;NRD;;LB,CT;142,85;143,5;<
2022-01-31;09:16:07;142,95;;62;MLEX;JPAG;;LB,CT;142,95;143,4;<
2022-01-31;09:16:02;143;;1000;SIS;AVA;;LB,CT;142,85;143,4;>
2022-01-31;09:15:08;143,1;;226;NRD;XTXE;;LB,CT;142,75;143,4;<
2022-01-31;09:15:08;143,1;;20;NRD;AVA;;LB,CT;142,75;143,4;<
2022-01-31;09:13:11;143,15;;68;MLEX;AVA;;LB,CT;142,95;143,65;>
2022-01-31;09:12:58;142,75;;12;MLEX;AVA;;LB,CT;142,75;143,65;<
2022-01-31;09:12:34;143;;1000;SIS;AVA;;LB,CT;142,95;143,65;>
2022-01-31;09:12:15;143,05;;3500;MSE;NON;;LB,CT;142,75;143,05;>
2022-01-31;09:12:08;143;;175;SIS;MSE;;LB,CT;142,75;143,65;>
2022-01-31;09:11:54;143;;150;BBI;NRD;;LB,CT;142,75;143,65;>
2022-01-31;09:11:51;143;;711;BBI;SWB;;LB,CT;142,7;143,65;>
2022-01-31;09:11:51;143;;38;XTXE;SWB;;LB,CT;142,7;143,65;>
2022-01-31;09:11:51;143;;2;AVA;SWB;;LB,CT;142,7;143,65;<
2022-01-31;09:11:51;143,05;;590;BBI;SWB;;LB,CT;142,7;143,65;<
2022-01-31;09:11:51;143,1;;159;MLEX;SWB;;LB,CT;142,7;143,65;<
2022-01-31;09:11:47;143,1;;100;MLEX;AVA;;LB,CT;143,1;143,65;<
2022-01-31;09:10:50;143;;10;AVA;AVA;;LB,CT;143;143,4;<
2022-01-31;09:09:37;143,25;;100;AVA;AVA;;LB,CT;143;143,4;>
2022-01-31;09:09:14;143;;17;AVA;SWB;;LB,CT;142,45;143;>
2022-01-31;09:09:14;143;;6;AVA;AVA;;LB,CT;142,45;143;>
2022-01-31;09:08:28;143;;153;AVA;SWB;;LB,CT;142,35;143;>
2022-01-31;09:08:28;143;;3;AVA;NON;;LB,CT;142,35;143;>
2022-01-31;09:08:28;143;;6;AVA;AVA;;LB,CT;142,35;143;>
2022-01-31;09:08:28;143;;6;AVA;AVA;;LB,CT;142,35;143;>
2022-01-31;09:08:28;143;;6;AVA;AVA;;LB,CT;142,35;143;>
2022-01-31;09:08:00;142,95;;8;AVA;MLEX;;LB,CT;142,05;142,95;>
2022-01-31;09:07:40;142,3;;99;XTXE;AVA;;LB,CT;141,2;142,15;>
2022-01-31;09:07:40;142,3;;21;XTXE;AVA;;LB,CT;141,2;142,15;>
2022-01-31;09:07:40;142,3;;125;XTXE;AVA;;LB,CT;141,2;142,15;>
2022-01-31;09:07:40;142,15;;245;XTXE;NON;;LB,CT;141,2;142,15;>
2022-01-31;09:07:40;142;;100;NRD;MLEX;HID;DB,CT;141,2;142,15;<
2022-01-31;09:07:40;142;;100;NRD;XTXE;;LB,CT;141,2;142,15;<
2022-01-31;09:07:24;141,8;;79;BBI;SSWM;;LB,CT;141,15;142,15;>
2022-01-31;09:07:02;141,6;;55;SWB;JPAG;;LB,CT;141,6;142,1;<
2022-01-31;09:07:02;141,6;;8;SWB;JPAG;;LB,CT;141,6;142,1;<
2022-01-31;09:07:02;141,6;;48;JPAG;JPAG;;LB,CT;141,6;142,1;<
2022-01-31;09:07:02;141,65;;56;JPAG;JPAG;;LB,CT;141,65;142,05;<
2022-01-31;09:06:56;141,7;;27;MLEX;NRD;;LB,CT;141,7;142,1;<
2022-01-31;09:06:56;141,7;;73;JPAG;NRD;;LB,CT;141,7;142,1;<
2022-01-31;09:06:12;141,6;;8;JPAG;AVA;;LB,CT;141,6;142,15;<
2022-01-31;09:06:09;141,6;;6;JPAG;AVA;;LB,CT;141,6;142,15;<
2022-01-31;09:06:03;142,15;;5;AVA;NON;;LB,CT;141,6;142,15;>
2022-01-31;09:04:30;142,3;;90;MLEX;GSAG;;LB,CT;142,15;143,05;>
2022-01-31;09:04:30;142,3;;10;MLEX;AVA;;LB,CT;142,15;143,05;>
2022-01-31;09:04:10;141,9;;91;MLEX;JPAG;;LB,CT;141,9;143,25;<
2022-01-31;09:04:09;142,05;;79;SSWM;JPAG;;LB,CT;141,95;143,3;<
2022-01-31;09:03:59;143,5;;72;BBI;XTXE;;LB,CT;141,7;143,5;>
2022-01-31;09:03:59;143,6;;177;SWB;SIS;;LB,CT;141,7;143,5;<
2022-01-31;09:03:59;143,55;;59;JPAG;XTXE;;LB,CT;141,7;143,5;<
2022-01-31;09:03:59;143,6;;82;SWB;XTXE;;LB,CT;141,7;143,5;<
2022-01-31;09:03:59;143,6;;623;SWB;MLEX;;LB,CT;141,7;143,5;<
2022-01-31;09:03:59;143,6;;436;SWB;MLEX;;LB,CT;141,7;143,5;<
2022-01-31;09:03:59;143,6;;59;SWB;XTXE;;LB,CT;141,7;143,5;<
2022-01-31;09:03:59;143,6;;436;SWB;MLEX;HID;DB,CT;141,7;143,5;<
2022-01-31;09:03:59;143,6;;161;SWB;MLEX;HID;DB,CT;141,7;143,5;<
2022-01-31;09:03:59;143,6;;436;SWB;SIS;;LB,CT;141,7;143,5;<
2022-01-31;09:03:59;143,65;;200;BBI;NON;;LB,CT;141,7;143,5;>
2022-01-31;09:03:59;143,6;;525;SWB;MLEX;;LB,CT;141,7;143,5;<
2022-01-31;09:03:47;143,6;;239;SWB;ENS;;LB,CT;143,65;143,95;<
2022-01-31;09:03:47;143,65;;61;JPAG;ENS;;LB,CT;143,65;143,95;<
2022-01-31;09:03:40;143,65;;6;JPAG;AVA;;LB,CT;143,65;143,95;<
2022-01-31;09:03:28;143,65;;6;JPAG;AVA;;LB,CT;143,65;143,95;<
2022-01-31;09:03:14;143,65;;64;JPAG;MLEX;;LB,CT;143,6;143,95;<
2022-01-31;09:03:14;143,7;;38;JPAG;XTXE;;LB,CT;143,6;143,95;<
2022-01-31;09:03:12;143,7;;7;JPAG;AVA;;LB,CT;143,7;144,25;<
2022-01-31;09:02:31;144,4;;10;AVA;MLEX;;LB,CT;143,7;144,4;>
2022-01-31;09:02:31;144,4;;25;AVA;MLEX;;LB,CT;143,7;144,4;>
2022-01-31;09:02:14;143,7;;42;JPAG;AVA;;LB,CT;143,7;144,55;<
2022-01-31;09:01:58;144;;40;XTXE;AVA;;LB,CT;142,85;143,6;>
2022-01-31;09:01:58;143,6;;72;SWB;MLEX;;LB,CT;142,85;143,6;>
2022-01-31;09:01:58;143,6;;250;SWB;AVA;;LB,CT;142,85;143,6;>
2022-01-31;09:01:54;143;;250;XTXE;AVA;;LB,CT;142,85;143,6;>
2022-01-31;09:01:33;143,05;;106;XTXE;JPAG;;LB,CT;142,3;143;>
2022-01-31;09:01:33;143,05;;219;SWB;JPAG;;LB,CT;142,3;143;>
2022-01-31;09:01:33;143;;300;SWB;AVA;;LB,CT;142,3;143;>
2022-01-31;09:01:33;143;;250;SWB;NON;;LB,CT;142,3;143;>
2022-01-31;09:01:33;143;;64;SWB;MLEX;;LB,CT;142,3;143;>
2022-01-31;09:01:33;143;;167;SWB;MLEX;;LB,CT;142,3;143;>
2022-01-31;09:01:20;143;;25;AVA;MLEX;;LB,CT;142,3;143;>
2022-01-31;09:01:16;142,3;;67;SWB;AVA;;LB,CT;142,3;143;<
2022-01-31;09:01:00;143;;69;AVA;MLEX;;LB,CT;142,3;143;>
2022-01-31;09:00:53;142,3;;62;SWB;XTXE;;LB,CT;142,3;143;<
2022-01-31;09:00:53;142,3;;1000;SWB;MSE;;LB,CT;142,3;143;<
2022-01-31;09:00:47;142,3;;200;SWB;AVA;;LB,CT;142,3;143;<
2022-01-31;09:00:45;142,3;;1200;SWB;BBI;;LB,CT;142,3;143;<
2022-01-31;09:00:45;142,3;;464;SWB;XTXE;HID;DB,CT;142,3;143;<
2022-01-31;09:00:45;142,3;;322;SWB;SIS;;LB,CT;142,3;143;<
2022-01-31;09:00:45;142,3;;872;SWB;XTXE;;LB,CT;142,3;143;<
2022-01-31;09:00:45;142,3;;6;SWB;MSE;;LB,CT;142,3;143;<
2022-01-31;09:00:35;142,3;;50;SWB;MLEX;;LB,CT;142,3;143;>
2022-01-31;09:00:35;142,3;;261;SWB;MLEX;;LB,CT;142,3;143;>
2022-01-31;09:00:29;141,75;;56;JPAG;XTXE;;LB,CT;141,75;142,85;<
2022-01-31;09:00:09;141,9;;6;MSE;NON;;LB,CT;141,85;142,9;>
2022-01-31;09:00:03;140,7;;23;AVA;BBI;CROS;LB,OA;141,45;141,9;<
2022-01-31;09:00:03;140,7;;181;IEGG;BBI;CROS;LB,OA;141,45;141,9;<
2022-01-31;09:00:03;140,7;;7;IEGG;AVA;CROS;LB,OA;141,45;141,9;<
2022-01-31;09:00:03;140,7;;190;IEGG;SWB;CROS;LB,OA;141,45;141,9;<
2022-01-31;09:00:03;140,7;;33;IEGG;BBI;CROS;LB,OA;141,45;141,9;<
2022-01-31;09:00:03;140,7;;120;IEGG;BBI;CROS;LB,OA;141,45;141,9;<
2022-01-31;09:00:03;140,7;;62;MLEX;BBI;CROS;LB,OA;141,45;141,9;<
2022-01-31;09:00:03;140,7;;6;MLEX;NON;CROS;LB,OA;141,45;141,9;<
2022-01-31;09:00:03;140,7;;20;MLEX;AVA;CROS;LB,OA;141,45;141,9;<
2022-01-31;09:00:03;140,7;;7;MLEX;AVA;CROS;LB,OA;141,45;141,9;<
2022-01-31;09:00:03;140,7;;60;MLEX;LFB;CROS;LB,OA;141,45;141,9;<
2022-01-31;09:00:03;140,7;;8;MLEX;LFB;CROS;LB,OA;141,45;141,9;<
2022-01-31;09:00:03;140,7;;25;MLEX;SWB;CROS;LB,OA;141,45;141,9;<
2022-01-31;09:00:03;140,7;;7;MLEX;AVA;CROS;LB,OA;141,45;141,9;<
2022-01-31;09:00:03;140,7;;7;MLEX;AVA;CROS;LB,OA;141,45;141,9;<
2022-01-31;09:00:03;140,7;;4;MLEX;AVA;CROS;LB,OA;141,45;141,9;<
2022-01-31;09:00:03;140,7;;7;MLEX;AVA;CROS;LB,OA;141,45;141,9;<
2022-01-31;09:00:03;140,7;;7;MLEX;AVA;CROS;LB,OA;141,45;141,9;<
2022-01-31;09:00:03;140,7;;18;MLEX;SWB;CROS;LB,OA;141,45;141,9;<
2022-01-31;09:00:03;140,7;;500;SHB;SWB;CROS;LB,OA;141,45;141,9;<
2022-01-31;09:00:03;140,7;;67;MLEX;SWB;CROS;LB,OA;141,45;141,9;<
2022-01-31;09:00:03;140,7;;579;MSE;SWB;CROS;LB,OA;141,45;141,9;<
2022-01-31;09:00:03;140,7;;114;MLEX;SWB;CROS;LB,OA;141,45;141,9;<
2022-01-31;09:00:03;140,7;;92;MLEX;SWB;CROS;LB,OA;141,45;141,9;<
2022-01-31;09:00:03;140,7;;91;MLEX;SWB;CROS;LB,OA;141,45;141,9;<
2022-01-31;09:00:03;140,7;;114;MLEX;SWB;CROS;LB,OA;141,45;141,9;<
2022-01-31;09:00:03;140,7;;91;MLEX;SWB;CROS;LB,OA;141,45;141,9;<
2022-01-31;09:00:03;140,7;;92;MLEX;SWB;CROS;LB,OA;141,45;141,9;<
2022-01-31;09:00:03;140,7;;96;MLEX;SWB;CROS;LB,OA;141,45;141,9;<
2022-01-31;09:00:03;140,7;;68;MLEX;SWB;CROS;LB,OA;141,45;141,9;<
2022-01-31;09:00:03;140,7;;618;IEGG;SWB;CROS;LB,OA;141,45;141,9;<
2022-01-31;09:00:03;140,7;;94;MLEX;SWB;CROS;LB,OA;141,45;141,9;<
2022-01-31;09:00:03;140,7;;94;MLEX;SWB;CROS;LB,OA;141,45;141,9;<
2022-01-31;09:00:03;140,7;;70;MLEX;SWB;CROS;LB,OA;141,45;141,9;<
2022-01-31;09:00:03;140,7;;102;MLEX;SWB;CROS;LB,OA;141,45;141,9;<
2022-01-31;09:00:03;140,7;;100;JTEU;SWB;CROS;LB,OA;141,45;141,9;<
2022-01-31;09:00:03;140,7;;1;JTEU;NON;CROS;LB,OA;141,45;141,9;<
2022-01-31;09:00:03;140,7;;80;JTEU;NON;CROS;LB,OA;141,45;141,9;<
2022-01-31;09:00:03;140,7;;1;JTEU;AVA;CROS;LB,OA;141,45;141,9;<
2022-01-31;09:00:03;140,7;;8;JTEU;AVA;CROS;LB,OA;141,45;141,9;<
2022-01-31;09:00:03;140,7;;62;MLEX;AVA;CROS;LB,OA;141,45;141,9;<
2022-01-31;09:00:03;140,7;;80;JPAG;AVA;CROS;LB,OA;141,45;141,9;<
2022-01-31;09:00:03;140,7;;2;JPAG;AVA;CROS;LB,OA;141,45;141,9;<
2022-01-31;09:00:03;140,7;;7;JPAG;AVA;CROS;LB,OA;141,45;141,9;<
2022-01-31;09:00:03;140,7;;28;JPAG;AVA;CROS;LB,OA;141,45;141,9;<
2022-01-31;09:00:03;140,7;;10;JPAG;AVA;CROS;LB,OA;141,45;141,9;<
2022-01-31;09:00:03;140,7;;12;JPAG;GSAG;CROS;LB,OA;141,45;141,9;<
2022-01-31;09:00:03;140,7;;3;ENS;GSAG;CROS;LB,OA;141,45;141,9;<
2022-01-31;09:00:04;141,45;;12;XTXE;AVA;;LB,CT;141,45;141,9;<
2022-01-31;09:00:03;141;;406;SIS;AVA;;LB,CT;141,05;141,9;>
2022-01-31;09:00:03;141;;456;XTXE;AVA;;LB,CT;141,05;141,9;>
2022-01-31;09:00:03;141;;8;XTXE;AVA;;LB,CT;141,05;141,9;>
2022-01-31;09:00:03;140,7;;4068;-;-;AUCT;LB,OA;141,05;141,9;
