2022-02-22;17:24:52;231,73;;100;FLW;AVA;;LB,CT;231,72;232,34;>
2022-02-22;17:22:46;232,28;;43;AVA;DREU;;LB,CT;231,6;232,28;>
2022-02-22;17:22:25;231,6;;60;FLW;NON;;LB,CT;231,6;232,23;<
2022-02-22;17:22:17;232,02;;50;NON;DREU;;LB,CT;231,44;231,99;>
2022-02-22;17:22:17;231,44;;30;AVA;AVA;;LB,CT;231,44;232,02;<
2022-02-22;17:21:43;232,11;;126;AVA;FLW;;LB,CT;231,55;232,17;<
2022-02-22;17:21:43;232,11;;74;AVA;AVA;;LB,CT;231,55;232,17;>
2022-02-22;17:20:59;231,44;;60;AVA;AVA;;LB,CT;231,44;231,92;<
2022-02-22;17:20:44;231,66;;100;AVA;FLW;;LB,CT;231,66;231,86;<
2022-02-22;17:20:17;231,67;;6;AVA;FLW;;LB,CT;231,08;231,67;>
2022-02-22;17:19:18;231,45;;120;FLW;AVA;;LB,CT;231,39;231,88;>
2022-02-22;17:19:08;231,13;;139;FLW;SSWM;;LB,CT;231,13;231,24;>
2022-02-22;17:19:08;231,13;;334;FLW;SSWM;;LB,CT;231,13;231,24;<
2022-02-22;17:18:36;231,44;;200;AVA;FLW;;LB,CT;231;231,13;<
2022-02-22;17:18:34;231,45;;1;AVA;AVA;;LB,CT;231,44;231,45;>
2022-02-22;17:18:17;231,45;;15;AVA;AVA;;LB,CT;231,05;231,45;<
2022-02-22;17:17:54;231,45;;5;AVA;SSWM;;LB,CT;231,29;231,45;>
2022-02-22;17:17:52;231,29;;89;FLW;AVA;;LB,CT;231,29;231,45;<
2022-02-22;17:17:22;231,21;;166;FLW;NON;;LB,CT;231;231,53;>
2022-02-22;17:17:22;231,39;;334;FLW;NON;;LB,CT;231;231,53;<
2022-02-22;17:16:43;231,33;;43;FLW;AVA;;LB,CT;231,31;231,61;>
2022-02-22;17:15:43;231,92;;129;FLW;AVA;;LB,CT;231,92;232,11;<
2022-02-22;17:15:26;232,11;;6;AVA;AVA;;LB,CT;231,66;232,11;>
2022-02-22;17:15:16;231,72;;165;FLW;AVA;;LB,CT;231,66;232,11;>
2022-02-22;17:14:36;232,15;;1000;DREU;AVA;;LB,CT;232,11;232,67;<
2022-02-22;17:14:36;232,61;;6;AVA;FLW;;LB,CT;232,22;232,67;<
2022-02-22;17:14:14;231,73;;30;SSWM;AVA;;LB,CT;231,73;232,37;<
2022-02-22;17:13:51;231,99;;43;DREU;AVA;;LB,CT;231,98;232,51;<
2022-02-22;17:13:39;232,39;;200;AVA;FLW;;LB,CT;231,96;232,39;>
2022-02-22;17:13:12;232,23;;10;SSWM;AVA;;LB,CT;232,23;232,84;<
2022-02-22;17:13:01;232,32;;200;FLW;AVA;;LB,CT;232,23;232,91;>
2022-02-22;17:12:10;232,46;;1000;SSWM;AVA;;LB,CT;232,41;232,46;>
2022-02-22;17:11:38;232,6;;100;FLW;NON;;LB,CT;232,48;232,6;>
2022-02-22;17:10:47;232,11;;8;FLW;AVA;;LB,CT;232,01;232,62;>
2022-02-22;17:10:06;232,91;;17;AVA;FLW;;LB,CT;232,91;232,96;<
2022-02-22;17:09:45;232,87;;21;AVA;FLW;;LB,CT;232,33;232,87;>
2022-02-22;17:09:35;232,66;;138;DREU;AVA;;LB,CT;232,66;233;<
2022-02-22;17:09:35;232,66;;163;DREU;AVA;;LB,CT;232,66;233;<
2022-02-22;17:09:29;233;;21;AVA;AVA;;LB,CT;232,65;233;>
2022-02-22;17:09:06;233;;21;AVA;AVA;;LB,CT;232,88;233;>
2022-02-22;17:09:02;233;;17;AVA;AVA;;LB,CT;233;233,31;<
2022-02-22;17:08:51;233;;26;AVA;AVA;;LB,CT;233;233,31;<
2022-02-22;17:07:16;234;;44;AVA;FLW;;LB,CT;233,56;234,1;<
2022-02-22;17:07:16;234;;273;AVA;FLW;;LB,CT;233,56;234,1;<
2022-02-22;17:07:11;234,2;;10;NON;FLW;;LB,CT;234,2;234,28;<
2022-02-22;17:06:27;234,22;;616;AVA;FLW;;LB,CT;234;234,35;<
2022-02-22;17:06:22;234,22;;8;AVA;AVA;;LB,CT;234,22;234,58;<
2022-02-22;17:05:57;234,34;;372;MSE;AVA;HID;DB,CT;234,34;234,71;<
2022-02-22;17:05:57;234,34;;13;MSE;AVA;;LB,CT;234,34;234,71;<
2022-02-22;17:05:34;234,86;;500;SWB;FLW;;LB,CT;234,42;235,06;<
2022-02-22;17:05:22;234,88;;70;FLW;AVA;;LB,CT;234,86;235,37;>
2022-02-22;17:05:21;234,88;;76;FLW;AVA;;LB,CT;234,86;235,29;>
2022-02-22;17:05:09;235;;233;FLW;SWB;;LB,CT;234,88;235,41;>
2022-02-22;17:04:08;234,96;;100;FLW;NON;;LB,CT;234,86;234,96;>
2022-02-22;17:03:19;234,86;;7;FLW;AVA;;LB,CT;234,86;235,47;<
2022-02-22;17:02:51;234,61;;127;FLW;AVA;;LB,CT;234,59;235,16;>
2022-02-22;17:02:42;235,46;;50;AVA;DREU;;LB,CT;234,8;235,46;>
2022-02-22;17:02:32;235,24;;4;AVA;FLW;;LB,CT;234,81;235,46;<
2022-02-22;17:01:59;234,8;;158;FLW;AVA;;LB,CT;234,54;235,28;>
2022-02-22;17:01:41;234,8;;42;AVA;AVA;;LB,CT;234,36;234,8;>
2022-02-22;17:01:10;234,38;;5;FLW;NON;;LB,CT;234,33;234,8;>
2022-02-22;17:00:25;234,23;;163;DREU;AVA;;LB,CT;234,23;234,74;<
2022-02-22;16:59:51;234,22;;16;AVA;AVA;;LB,CT;234,22;234,75;<
2022-02-22;16:59:23;234,2;;359;AVA;FLW;;LB,CT;234,2;234,22;<
2022-02-22;16:58:58;234,37;;700;FLW;AVA;;LB,CT;234,22;234,8;>
2022-02-22;16:58:46;234,87;;10;AVA;DREU;;LB,CT;234,21;234,87;>
2022-02-22;16:58:20;234,52;;1000;FLW;NON;;LB,CT;234,5;234,52;>
2022-02-22;16:56:16;234,2;;26;AVA;NON;;LB,CT;234,2;234,55;<
2022-02-22;16:56:13;234,2;;35;AVA;AVA;;LB,CT;234,2;234,37;<
2022-02-22;16:55:10;234;;280;AVA;UBS;;LB,CT;234;234,35;<
2022-02-22;16:55:10;234;;20;NON;UBS;;LB,CT;234;234,35;<
2022-02-22;16:54:25;234,54;;118;FLW;NON;;LB,CT;234,33;235,04;>
2022-02-22;16:54:25;234,5;;239;FLW;UBS;;LB,CT;234,33;234,5;>
2022-02-22;16:54:23;234,5;;6;AVA;UBS;;LB,CT;234,32;234,5;<
2022-02-22;16:54:10;234,54;;32;AVA;NON;;LB,CT;234,5;234,54;>
2022-02-22;16:52:12;234,55;;500;DREU;NON;;LB,CT;234,56;235,23;<
2022-02-22;16:50:47;234,53;;1499;FLW;NON;;LB,CT;234,5;234,53;>
2022-02-22;16:50:45;234,53;;1;AVA;NON;;LB,CT;234,53;234,85;<
2022-02-22;16:49:55;235,46;;1;AVA;FLW;;LB,CT;234,8;235,47;<
2022-02-22;16:49:41;235,44;;3;AVA;FLW;;LB,CT;235,44;235,47;<
2022-02-22;16:49:25;234,8;;50;DREU;AVA;;LB,CT;234,8;235,44;<
2022-02-22;16:47:00;235,31;;63;AVA;DREU;;LB,CT;234,78;235,31;>
2022-02-22;16:44:34;235,58;;4;AVA;FLW;;LB,CT;235,58;235,61;<
2022-02-22;16:43:30;235,15;;100;NON;FLW;;LB,CT;235,15;235,31;<
2022-02-22;16:42:39;234,96;;1000;DREU;NON;;LB,CT;234,96;235,57;<
2022-02-22;16:42:27;235,08;;50;SSWM;AVA;;LB,CT;235,08;235,57;<
2022-02-22;16:41:27;235;;500;FLW;AVA;;LB,CT;234,9;235;>
2022-02-22;16:41:27;235;;8;FLW;AVA;;LB,CT;234,9;235;>
2022-02-22;16:41:21;235;;30;NON;AVA;;LB,CT;235;235,34;<
2022-02-22;16:40:49;235,24;;45;SSWM;AVA;;LB,CT;235,24;235,73;<
2022-02-22;16:39:26;236,04;;4;AVA;SSWM;;LB,CT;235,48;236,04;>
2022-02-22;16:38:45;236,4;;21;AVA;FLW;;LB,CT;235,87;236,4;>
2022-02-22;16:38:23;235,79;;127;FLW;AVA;;LB,CT;235,79;236,39;<
2022-02-22;16:37:42;236,15;;6;AVA;FLW;;LB,CT;235,59;236,15;>
2022-02-22;16:37:32;235,56;;12;SSWM;AVA;;LB,CT;235,56;236,08;<
2022-02-22;16:37:22;236;;40;NON;FLW;;LB,CT;236;236,08;<
2022-02-22;16:37:22;236;;50;NON;FLW;;LB,CT;236;236,08;<
2022-02-22;16:37:22;236;;35;AVA;FLW;;LB,CT;236;236,08;<
2022-02-22;16:37:22;236;;60;NON;FLW;;LB,CT;236;236,08;<
2022-02-22;16:37:12;236;;8;AVA;AVA;;LB,CT;236;236,18;<
2022-02-22;16:36:56;236,21;;10;AVA;FLW;;LB,CT;236;236,22;<
2022-02-22;16:36:42;236,31;;973;AVA;FLW;;LB,CT;236;236,38;<
2022-02-22;16:36:08;236,27;;18;AVA;FLW;;LB,CT;236;236,27;>
2022-02-22;16:35:46;236,45;;10;AVA;FLW;;LB,CT;236,01;236,45;>
2022-02-22;16:34:35;236,4;;50;FLW;AVA;;LB,CT;236,1;236,4;>
2022-02-22;16:34:34;236,4;;50;AVA;AVA;;LB,CT;236,1;236,4;>
2022-02-22;16:33:30;236,62;;20;NON;FLW;;LB,CT;236,09;236,62;>
2022-02-22;16:33:22;236,4;;3;AVA;FLW;;LB,CT;236;236,57;<
2022-02-22;16:32:59;236,56;;200;AVA;FLW;;LB,CT;236,4;236,56;>
2022-02-22;16:32:33;236,92;;41;AVA;FLW;;LB,CT;236,92;237,12;<
2022-02-22;16:32:22;236,92;;1;AVA;AVA;;LB,CT;236,68;236,92;>
2022-02-22;16:30:29;237,09;;17;SSWM;AVA;;LB,CT;237,09;237,55;<
2022-02-22;16:30:13;237,4;;25;MSE;FLW;;LB,CT;236,96;237,66;<
2022-02-22;16:29:49;238,07;;85;AVA;DREU;;LB,CT;237,47;238,07;>
2022-02-22;16:29:20;237,57;;60;AVA;FLW;;LB,CT;236,97;237,58;<
2022-02-22;16:28:51;237,71;;750;AVA;SSWM;;LB,CT;237,11;237,71;>
2022-02-22;16:28:01;236,65;;2;AVA;AVA;;LB,CT;236,55;237,09;>
2022-02-22;16:27:29;236,71;;10;AVA;FLW;;LB,CT;236,71;236,97;<
2022-02-22;16:27:22;236,98;;25;NON;FLW;;LB,CT;236,71;236,98;>
2022-02-22;16:26:54;236,68;;5;AVA;AVA;;LB,CT;236,68;237,14;<
2022-02-22;16:26:42;237,15;;200;AVA;FLW;;LB,CT;236,78;237,38;<
2022-02-22;16:26:42;237,15;;334;AVA;FLW;;LB,CT;236,78;237,38;>
2022-02-22;16:26:37;236,67;;10;SSWM;AVA;;LB,CT;236,67;237,15;<
2022-02-22;16:25:46;236,65;;4;FLW;AVA;;LB,CT;236,53;236,65;>
2022-02-22;16:25:19;237,07;;230;AVA;FLW;;LB,CT;236,63;237,07;>
2022-02-22;16:24:04;237,36;;21;AVA;FLW;;LB,CT;236,84;237,36;>
2022-02-22;16:23:51;237,39;;216;IEGG;FLW;;LB,CT;236,8;237,41;>
2022-02-22;16:23:51;236,91;;4;IEGG;AVA;;LB,CT;236,8;237,41;>
2022-02-22;16:23:03;237,85;;4;AVA;SSWM;;LB,CT;237,2;237,85;>
2022-02-22;16:22:56;237,9;;20;AVA;SSWM;;LB,CT;237,38;237,9;>
2022-02-22;16:22:43;237,91;;7;AVA;FLW;;LB,CT;237,4;237,91;>
2022-02-22;16:22:34;238,17;;50;AVA;FLW;;LB,CT;237,79;238,31;<
2022-02-22;16:22:16;238;;100;FLW;AVA;;LB,CT;237,85;238,59;>
2022-02-22;16:22:08;237,3;;195;DREU;AVA;;LB,CT;237,3;237,76;<
2022-02-22;16:21:04;237,09;;165;FLW;NON;;LB,CT;237,1;237,51;>
2022-02-22;16:20:48;236,72;;12;DREU;AVA;;LB,CT;236,44;237,09;<
2022-02-22;16:20:42;237,09;;35;AVA;NON;;LB,CT;236,64;237,09;>
2022-02-22;16:20:41;236,68;;73;SSWM;AVA;;LB,CT;236,64;236,68;>
2022-02-22;16:19:12;237,14;;84;AVA;FLW;;LB,CT;236,64;237,2;<
2022-02-22;16:19:04;236,7;;32;DREU;AVA;;LB,CT;236,7;237,14;>
2022-02-22;16:19:04;236,7;;8;AVA;AVA;;LB,CT;236,66;236,7;<
2022-02-22;16:18:45;237,14;;42;AVA;FLW;;LB,CT;236,7;237,14;>
2022-02-22;16:18:22;236,77;;100;SSWM;AVA;;LB,CT;236,72;236,77;>
2022-02-22;16:18:19;236,77;;50;AVA;AVA;;LB,CT;236,71;236,77;>
2022-02-22;16:17:29;236,96;;250;SSWM;AVA;;LB,CT;236,91;236,96;>
2022-02-22;16:16:35;236,91;;45;AVA;FLW;;LB,CT;236,57;236,91;<
2022-02-22;16:16:35;236,91;;334;AVA;FLW;;LB,CT;236,57;236,91;>
2022-02-22;16:16:33;236,49;;81;SSWM;AVA;;LB,CT;236,45;236,91;>
2022-02-22;16:15:29;237;;130;AVA;FLW;;LB,CT;235,98;236,59;<
2022-02-22;16:15:29;236,59;;334;AVA;FLW;;LB,CT;235,98;236,59;>
2022-02-22;16:15:29;236,31;;69;SSWM;AVA;;LB,CT;236,3;236,59;>
2022-02-22;16:14:58;236,39;;100;SSWM;AVA;;LB,CT;236,39;236,79;<
2022-02-22;16:14:29;236,3;;83;SSWM;AVA;;LB,CT;236,26;236,79;>
2022-02-22;16:13:54;236,73;;25;AVA;FLW;;LB,CT;236,21;236,78;<
2022-02-22;16:11:53;235,72;;50;SSWM;SWB;;LB,CT;235,72;236,27;<
2022-02-22;16:11:52;235,83;;7;FLW;AVA;;LB,CT;235,72;236,25;>
2022-02-22;16:11:36;235,83;;1;AVA;AVA;;LB,CT;235,66;235,83;>
2022-02-22;16:10:11;236,54;;511;AVA;DREU;;LB,CT;235,74;236,27;<
2022-02-22;16:10:11;236,27;;334;AVA;FLW;;LB,CT;235,74;236,27;>
2022-02-22;16:09:49;236,39;;2;AVA;FLW;;LB,CT;236,39;236,64;<
2022-02-22;16:09:48;236,42;;4;AVA;FLW;;LB,CT;236,42;236,65;<
2022-02-22;16:09:20;236,28;;15;AVA;FLW;;LB,CT;235,78;236,33;<
2022-02-22;16:08:58;236,68;;15;AVA;FLW;;LB,CT;236,06;236,68;>
2022-02-22;16:08:43;236,5;;100;AVA;FLW;;LB,CT;236,1;236,72;<
2022-02-22;16:08:10;237,16;;10;AVA;FLW;;LB,CT;236,66;237,17;<
2022-02-22;16:08:09;237,43;;724;AVA;SSWM;;LB,CT;236,63;237,43;>
2022-02-22;16:08:09;237,1;;334;AVA;FLW;;LB,CT;236,63;237,43;>
2022-02-22;16:07:54;236,71;;5;AVA;FLW;;LB,CT;236,71;236,79;<
2022-02-22;16:07:48;236,27;;17;DREU;AVA;;LB,CT;236,27;236,71;<
2022-02-22;16:07:42;236,25;;1863;DREU;AVA;;LB,CT;236,2;236,25;>
2022-02-22;16:07:04;235,66;;4;FLW;AVA;;LB,CT;235,97;236,25;>
2022-02-22;16:07:04;235,97;;3;AVA;AVA;;LB,CT;235,97;236,25;<
2022-02-22;16:06:27;235,87;;2;AVA;FLW;;LB,CT;235,4;235,87;>
2022-02-22;16:06:17;236,08;;583;AVA;DREU;;LB,CT;235,36;236,48;>
2022-02-22;16:06:17;235,92;;334;AVA;FLW;;LB,CT;235,36;236,48;>
2022-02-22;16:06:17;235,91;;326;AVA;SSWM;;LB,CT;235,36;236,48;>
2022-02-22;16:05:08;235,77;;40;DREU;AVA;;LB,CT;235,77;236,34;<
2022-02-22;16:04:57;235,84;;150;DREU;AVA;;LB,CT;235,84;235,98;<
2022-02-22;16:04:08;236;;326;SSWM;AVA;;LB,CT;235,96;236,44;>
2022-02-22;16:04:03;235,85;;200;FLW;NON;;LB,CT;235,76;235,85;>
2022-02-22;16:03:34;236;;1669;FLW;AVA;;LB,CT;235,84;236;>
2022-02-22;16:02:19;236;;5;AVA;AVA;;LB,CT;235,62;236;>
2022-02-22;16:02:13;235,46;;764;DREU;NON;;LB,CT;234,98;236;<
2022-02-22;16:02:13;235,53;;287;FLW;NON;;LB,CT;234,98;236;<
2022-02-22;16:02:13;235,54;;2949;SSWM;NON;;LB,CT;234,98;236;<
2022-02-22;16:02:12;235,53;;9;FLW;AVA;;LB,CT;235,53;236;<
2022-02-22;16:02:11;235,53;;38;FLW;AVA;;LB,CT;235,53;235,96;<
2022-02-22;16:00:51;236,56;;5;AVA;FLW;;LB,CT;236;236,58;<
2022-02-22;15:59:45;237,11;;59;AVA;FLW;;LB,CT;236,62;237,26;<
2022-02-22;15:59:21;237,12;;23;AVA;FLW;;LB,CT;236,76;237,12;>
2022-02-22;15:59:04;237,27;;21;AVA;FLW;;LB,CT;236,73;237,27;>
2022-02-22;15:58:57;237,27;;3;AVA;FLW;;LB,CT;236,85;237,27;>
2022-02-22;15:58:38;236,74;;40;SSWM;AVA;;LB,CT;236,74;237,27;<
2022-02-22;15:57:09;236,43;;20;FLW;AVA;;LB,CT;236,46;236,92;<
2022-02-22;15:56:57;236,19;;100;FLW;AVA;;LB,CT;236,03;236,58;>
2022-02-22;15:56:31;236,73;;24;FLW;AVA;;LB,CT;236,73;237,23;<
2022-02-22;15:55:57;237,39;;1076;AVA;SSWM;;LB,CT;236,86;237,39;>
2022-02-22;15:55:31;237,75;;50;AVA;SSWM;;LB,CT;237,24;237,79;<
2022-02-22;15:55:29;237,8;;2;AVA;FLW;;LB,CT;237,25;237,81;<
2022-02-22;15:54:58;237,21;;39;FLW;AVA;;LB,CT;237,21;237,69;<
2022-02-22;15:54:42;236,88;;333;SSWM;NON;;LB,CT;236,83;236,88;>
2022-02-22;15:53:53;237,08;;5;DREU;AVA;;LB,CT;237,08;237,94;<
2022-02-22;15:53:14;236;;93;SSWM;AVA;;LB,CT;235,95;236;>
2022-02-22;15:53:02;235,78;;20;AVA;FLW;;LB,CT;235,37;235,78;>
2022-02-22;15:52:55;235,78;;20;AVA;FLW;;LB,CT;235,35;235,78;>
2022-02-22;15:52:32;235,5;;411;SSWM;AVA;;LB,CT;235,44;235,5;>
2022-02-22;15:52:24;235,5;;139;AVA;AVA;;LB,CT;235,17;235,5;>
2022-02-22;15:52:01;235;;65;SSWM;AVA;;LB,CT;234,94;235;>
2022-02-22;15:52:01;235;;20;SSWM;AVA;;LB,CT;234,94;235;>
2022-02-22;15:52:01;235;;43;SSWM;AVA;;LB,CT;234,94;235;>
2022-02-22;15:52:01;235;;1;SSWM;AVA;;LB,CT;234,94;235;>
2022-02-22;15:50:43;234,53;;50;NON;FLW;;LB,CT;233,92;234,53;>
2022-02-22;15:50:27;234,61;;42;AVA;FLW;;LB,CT;234,02;234,61;>
2022-02-22;15:50:18;234,6;;314;AVA;FLW;;LB,CT;234,6;234,85;<
2022-02-22;15:49:08;234,3;;39;SSWM;NON;;LB,CT;234,3;234,89;<
2022-02-22;15:49:00;234,36;;168;SSWM;SWB;;LB,CT;234,37;234,89;<
2022-02-22;15:48:44;235;;12;NON;AVA;;LB,CT;234,68;235;>
2022-02-22;15:48:14;235;;13;NON;AVA;;LB,CT;234,67;235;>
2022-02-22;15:48:14;235;;50;NON;NON;;LB,CT;234,67;235;>
2022-02-22;15:48:06;234,55;;14;FLW;SWB;;LB,CT;234,51;234,55;>
2022-02-22;15:47:43;234,16;;200;SSWM;AVA;;LB,CT;234,16;234,55;<
2022-02-22;15:47:36;234,3;;123;FLW;AVA;;LB,CT;234,15;234,55;>
2022-02-22;15:46:52;234,3;;127;AVA;AVA;;LB,CT;233,8;234,3;>
2022-02-22;15:46:19;234,24;;21;AVA;FLW;;LB,CT;233,91;234,42;<
2022-02-22;15:46:06;233,91;;170;SSWM;SWB;;LB,CT;233,88;234,36;>
2022-02-22;15:45:35;233,91;;48;DREU;NON;;LB,CT;233,91;234,49;<
2022-02-22;15:44:33;233,31;;21;AVA;AVA;;LB,CT;233,14;233,31;>
2022-02-22;15:44:32;233,09;;180;DREU;SWB;;LB,CT;233,09;233,31;<
2022-02-22;15:44:18;233,25;;28;FLW;AVA;;LB,CT;233,02;233,25;>
2022-02-22;15:43:08;233,93;;12;AVA;FLW;;LB,CT;233,6;234,07;<
2022-02-22;15:42:31;233,93;;2396;DREU;SSWM;;LB,CT;233,43;233,93;>
2022-02-22;15:42:14;233,39;;900;AVA;FLW;;LB,CT;232,94;233,49;<
2022-02-22;15:40:21;231,69;;100;DREU;AVA;;LB,CT;231,69;232,34;<
2022-02-22;15:40:20;231,8;;1000;FLW;NON;;LB,CT;231,6;232,32;>
2022-02-22;15:40:18;231,6;;1536;SSWM;NON;;LB,CT;231,6;231,84;<
2022-02-22;15:39:48;232;;570;FLW;AVA;;LB,CT;231,95;232,48;>
2022-02-22;15:39:22;232,46;;275;MSE;FLW;;LB,CT;231,84;232,58;<
2022-02-22;15:39:20;232,46;;2546;MSE;SSWM;;LB,CT;232,46;232,5;<
2022-02-22;15:39:19;232,46;;1000;MSE;PAS;;LB,CT;232,46;232,51;<
2022-02-22;15:39:18;232,46;;2525;MSE;SSWM;;LB,CT;232,46;232,51;<
2022-02-22;15:39:18;232,46;;1669;MSE;FLW;;LB,CT;232,46;232,67;<
2022-02-22;15:39:17;232,46;;1669;MSE;FLW;;LB,CT;232,46;232,7;<
2022-02-22;15:39:00;233,01;;1000;DREU;PAS;;LB,CT;233,01;233,43;<
2022-02-22;15:38:59;232,97;;786;FLW;AVA;;LB,CT;232,91;233,4;>
2022-02-22;15:38:59;232,86;;1000;DREU;PAS;;LB,CT;232,87;232,97;<
2022-02-22;15:38:55;232,97;;45;MSE;AVA;;LB,CT;232,76;232,97;>
2022-02-22;15:38:50;232,88;;666;FLW;PAS;;LB,CT;232,84;232,97;>
2022-02-22;15:38:50;232,88;;334;FLW;PAS;;LB,CT;232,84;232,97;<
2022-02-22;15:38:48;232,97;;1669;FLW;AVA;;LB,CT;232,89;233,44;>
2022-02-22;15:38:44;233,38;;1;NON;SSWM;;LB,CT;232,89;233,38;>
2022-02-22;15:38:24;233,51;;1141;AVA;FLW;;LB,CT;233,12;233,67;<
2022-02-22;15:38:23;233,51;;1000;AVA;PAS;;LB,CT;233,51;233,62;<
2022-02-22;15:38:14;233,62;;1000;FLW;PAS;;LB,CT;233,61;234,05;>
2022-02-22;15:37:37;234,05;;4;AVA;DREU;;LB,CT;233,25;234,05;>
2022-02-22;15:37:29;233,57;;110;FLW;NON;;LB,CT;233,44;234,06;>
2022-02-22;15:37:24;232,83;;809;FLW;AVA;;LB,CT;232,68;233,23;>
2022-02-22;15:36:23;231,21;;671;DREU;NON;;LB,CT;231,23;231,65;<
2022-02-22;15:36:23;231,23;;334;FLW;NON;;LB,CT;231,23;231,65;<
2022-02-22;15:36:21;231;;1000;FLW;SWB;;LB,CT;230,94;231;>
2022-02-22;15:35:44;230;;9;AVA;AVA;;LB,CT;230;230,52;<
2022-02-22;15:35:18;230,45;;800;SSWM;MSE;;LB,CT;230,45;230,99;<
2022-02-22;15:35:14;230,49;;989;SSWM;MSE;;LB,CT;230,49;230,96;<
2022-02-22;15:35:14;230,66;;11;AVA;MSE;;LB,CT;230,49;230,96;<
2022-02-22;15:34:34;230,29;;199;DREU;AVA;;LB,CT;230,29;230,84;<
2022-02-22;15:34:13;230,17;;582;DREU;IEGG;;LB,CT;230,18;230,5;<
2022-02-22;15:34:13;230,17;;668;DREU;IEGG;;LB,CT;230,18;230,5;<
2022-02-22;15:34:03;230,23;;28;FLW;NON;;LB,CT;230,25;230,5;<
2022-02-22;15:34:01;230,02;;15;FLW;AVA;;LB,CT;230;230,48;>
2022-02-22;15:33:20;230,15;;110;AVA;FLW;;LB,CT;230,15;230,35;<
2022-02-22;15:33:13;230,5;;3;AVA;AVA;;LB,CT;230,5;230,72;<
2022-02-22;15:32:39;231;;5;AVA;DREU;;LB,CT;231;231,01;<
2022-02-22;15:32:38;231,11;;100;AVA;FLW;;LB,CT;231;231,16;<
2022-02-22;15:32:29;231,55;;3;NON;FLW;;LB,CT;231,55;231,56;<
2022-02-22;15:32:13;232,05;;3;AVA;FLW;;LB,CT;231,59;232,05;>
2022-02-22;15:32:04;232,48;;169;SWB;SSWM;;LB,CT;231,87;232,48;>
2022-02-22;15:31:07;231,55;;1;NON;AVA;;LB,CT;231,55;231,99;<
2022-02-22;15:27:34;231,5;;1000;FLW;AVA;;LB,CT;231,49;232,08;>
2022-02-22;15:24:29;231,66;;149;FLW;NON;;LB,CT;231,38;231,66;>
2022-02-22;15:23:33;231,66;;9;AVA;NON;;LB,CT;231,19;231,66;>
2022-02-22;15:23:08;231,58;;2;AVA;FLW;;LB,CT;231,11;231,58;>
2022-02-22;15:22:57;231,66;;2;AVA;NON;;LB,CT;231,66;231,9;<
2022-02-22;15:22:57;231,9;;10;NON;FLW;;LB,CT;231,66;231,9;>
2022-02-22;15:22:31;232;;22;AVA;FLW;;LB,CT;232;232,05;<
2022-02-22;15:22:29;232;;8;AVA;AVA;;LB,CT;232;232,05;>
2022-02-22;15:19:53;231,81;;10;FLW;AVA;;LB,CT;231,67;232,23;>
2022-02-22;15:18:39;231,52;;668;DREU;IEGG;;LB,CT;231,53;232,2;<
2022-02-22;15:18:39;231,52;;166;DREU;IEGG;;LB,CT;231,53;232,2;<
2022-02-22;15:18:39;231,67;;334;FLW;IEGG;;LB,CT;231,53;232,2;<
2022-02-22;15:18:31;231,42;;166;DREU;IEGG;;LB,CT;231,42;232,43;<
2022-02-22;15:18:31;231,93;;334;FLW;IEGG;;LB,CT;231,42;232,43;<
2022-02-22;15:15:52;231,81;;3;AVA;FLW;;LB,CT;231,31;231,99;<
2022-02-22;15:14:28;232,03;;2364;DREU;MSE;;LB,CT;232,03;232,46;<
2022-02-22;15:14:23;232,5;;21;AVA;FLW;;LB,CT;232,5;232,63;<
2022-02-22;15:14:21;232,57;;4;AVA;FLW;;LB,CT;232,5;232,71;<
2022-02-22;15:14:17;232,85;;10;AVA;FLW;;LB,CT;232,85;233,1;<
2022-02-22;15:11:07;233,01;;21;AVA;FLW;;LB,CT;232,57;233,11;<
2022-02-22;15:10:22;232,57;;214;AVA;AVA;;LB,CT;232,57;232,94;<
2022-02-22;15:10:19;232,82;;6;AVA;SSWM;;LB,CT;232,57;232,82;>
2022-02-22;15:09:34;233,28;;21;AVA;SSWM;;LB,CT;232,75;233,28;>
2022-02-22;15:08:32;233,09;;85;SSWM;NON;;LB,CT;233,11;233,57;<
2022-02-22;15:07:53;233,26;;500;SSWM;NON;;LB,CT;233,21;233,57;>
2022-02-22;15:07:20;233,56;;42;AVA;SSWM;;LB,CT;233,09;233,56;>
2022-02-22;15:06:09;233,12;;1076;FLW;AVA;;LB,CT;232,93;233,12;>
2022-02-22;15:05:46;233;;30;FLW;SWB;;LB,CT;232,69;233;>
2022-02-22;15:05:02;233,09;;14;AVA;FLW;;LB,CT;232,58;233,09;>
2022-02-22;15:04:15;233,12;;85;AVA;AVA;;LB,CT;233,12;233,39;<
2022-02-22;15:03:32;233;;1000;NON;FLW;;LB,CT;233;233,17;<
2022-02-22;15:02:58;233,56;;43;AVA;SSWM;;LB,CT;233,09;233,56;>
2022-02-22;15:02:49;233,32;;150;FLW;AVA;;LB,CT;233,18;233,74;>
2022-02-22;15:02:25;233,76;;84;AVA;SSWM;;LB,CT;233,27;233,76;>
2022-02-22;15:01:28;233,93;;2000;AVA;SSWM;;LB,CT;233,36;233,93;>
2022-02-22;15:01:20;233,93;;25;NON;SSWM;;LB,CT;233,36;233,93;>
2022-02-22;15:00:55;233,72;;21;AVA;SSWM;;LB,CT;233,32;233,72;>
2022-02-22;15:00:40;234,05;;42;AVA;SSWM;;LB,CT;233,61;234,05;>
2022-02-22;15:00:24;234,14;;170;AVA;FLW;;LB,CT;233,71;234,14;>
2022-02-22;14:59:17;234,55;;170;FLW;SWB;;LB,CT;234,55;234,99;<
2022-02-22;14:59:10;234,95;;132;AVA;SSWM;;LB,CT;234,58;235;<
2022-02-22;14:58:56;234,49;;300;FLW;NON;;LB,CT;234,28;234,89;>
2022-02-22;14:58:56;234,41;;673;FLW;NON;HID;DB,CT;234,24;234,49;>
2022-02-22;14:58:56;234,41;;27;FLW;NON;;LB,CT;234,24;234,49;>
2022-02-22;14:58:48;234,2;;225;FLW;NON;;LB,CT;234,04;234,2;>
2022-02-22;14:58:38;234,1;;44;FLW;NON;;LB,CT;233,99;234,2;>
2022-02-22;14:58:26;234,1;;213;AVA;NON;;LB,CT;233,83;234,1;>
2022-02-22;14:57:43;234,03;;392;AVA;SSWM;;LB,CT;233,57;234,03;>
2022-02-22;14:57:28;233,97;;75;FLW;AVA;;LB,CT;233,78;233,97;>
2022-02-22;14:57:06;233,44;;13;FLW;AVA;;LB,CT;233,3;233,44;>
2022-02-22;14:56:59;233,44;;2;AVA;AVA;;LB,CT;233,3;233,44;>
2022-02-22;14:55:57;233;;91;NON;SSWM;;LB,CT;232,59;233,02;<
2022-02-22;14:54:39;232,59;;40;FLW;NON;;LB,CT;232,59;233,04;>
2022-02-22;14:54:39;232,59;;60;AVA;NON;;LB,CT;232,59;233,04;<
2022-02-22;14:54:30;232,94;;4;AVA;FLW;;LB,CT;232,59;232,94;>
2022-02-22;14:52:52;232,59;;4;AVA;AVA;;LB,CT;232,59;232,8;<
2022-02-22;14:52:11;232,59;;117;FLW;NON;;LB,CT;232,45;233,02;>
2022-02-22;14:52:03;232,59;;15;NON;NON;;LB,CT;232,44;232,59;>
2022-02-22;14:50:49;231,78;;11;FLW;AVA;;LB,CT;231,72;231,78;>
2022-02-22;14:50:38;231,78;;1;AVA;AVA;;LB,CT;231,72;231,78;>
2022-02-22;14:50:05;232,39;;215;AVA;DREU;;LB,CT;231,95;232,53;>
2022-02-22;14:48:10;232,62;;4;AVA;DREU;;LB,CT;232,2;232,62;>
2022-02-22;14:47:49;232,64;;25;AVA;NON;;LB,CT;232,35;232,64;>
2022-02-22;14:47:45;232,65;;68;NON;NON;;LB,CT;232,35;232,64;<
2022-02-22;14:47:45;232,69;;25;AVA;NON;;LB,CT;232,35;232,64;<
2022-02-22;14:45:23;232,35;;32;NON;NON;;LB,CT;232,28;232,35;>
2022-02-22;14:42:14;231,93;;264;FLW;AVA;;LB,CT;231,85;231,93;>
2022-02-22;14:41:42;231,64;;21;FLW;AVA;;LB,CT;231,64;231,93;<
2022-02-22;14:41:22;231,93;;4;NON;AVA;;LB,CT;231,64;231,93;>
2022-02-22;14:39:52;231,93;;21;AVA;AVA;;LB,CT;231,73;231,93;>
2022-02-22;14:38:46;231,93;;12;AVA;AVA;;LB,CT;231,82;231,93;>
2022-02-22;14:38:06;232,39;;129;AVA;FLW;;LB,CT;231,95;232,49;<
2022-02-22;14:37:01;231,79;;150;FLW;AVA;;LB,CT;231,79;232,33;<
2022-02-22;14:32:42;231,36;;300;FLW;NON;;LB,CT;231,31;231,36;>
2022-02-22;14:31:44;231,74;;21;AVA;FLW;;LB,CT;231,28;231,87;<
2022-02-22;14:31:20;231,26;;35;AVA;SWB;;LB,CT;231,26;231,84;<
2022-02-22;14:30:47;231,26;;5;AVA;AVA;;LB,CT;231,26;231,69;<
2022-02-22;14:25:52;231,94;;53;FLW;AVA;;LB,CT;231,94;232,43;<
2022-02-22;14:25:41;231,92;;200;NON;AVA;;LB,CT;231,92;232,31;<
2022-02-22;14:25:40;231,92;;55;NON;AVA;;LB,CT;231,67;231,92;>
2022-02-22;14:25:20;231,72;;35;FLW;AVA;;LB,CT;231,72;231,92;<
2022-02-22;14:25:02;231,68;;30;FLW;AVA;;LB,CT;231,66;231,92;>
2022-02-22;14:24:55;231,68;;5;NON;AVA;;LB,CT;231,68;231,92;<
2022-02-22;14:24:51;231,92;;10;AVA;AVA;;LB,CT;231,68;231,92;>
2022-02-22;14:23:44;231,92;;5;NON;AVA;;LB,CT;231,69;231,92;<
2022-02-22;14:21:43;231,27;;86;DREU;AVA;;LB,CT;231,27;231,74;<
2022-02-22;14:20:04;231;;79;SWB;FLW;;LB,CT;231;231,22;<
2022-02-22;14:19:55;231;;174;SWB;AVA;;LB,CT;231;231,22;<
2022-02-22;14:19:07;231,02;;334;FLW;AVA;;LB,CT;231,02;231,2;<
2022-02-22;14:18:29;231,2;;973;AVA;FLW;;LB,CT;231,2;231,31;<
2022-02-22;14:16:34;231,98;;2;AVA;SSWM;;LB,CT;231,56;231,98;>
2022-02-22;14:15:35;231,66;;25;AVA;SSWM;;LB,CT;231,2;231,66;>
2022-02-22;14:15:12;231,38;;94;FLW;AVA;;LB,CT;231,38;231,94;<
2022-02-22;14:14:23;232,01;;8;AVA;FLW;;LB,CT;232,01;232,11;<
2022-02-22;14:13:01;231,74;;62;NON;FLW;;LB,CT;231,34;231,96;<
2022-02-22;14:13:00;232,01;;1;AVA;FLW;;LB,CT;231,74;232,18;<
2022-02-22;14:12:39;232,59;;40;AVA;FLW;;LB,CT;232,06;232,6;<
2022-02-22;14:12:34;232,05;;284;FLW;AVA;;LB,CT;232,05;232,59;<
2022-02-22;14:10:38;232,01;;50;AVA;FLW;;LB,CT;231,74;232,17;<
2022-02-22;14:10:11;232,32;;5;AVA;SSWM;;LB,CT;231,87;232,32;>
2022-02-22;14:09:09;232,46;;10;AVA;SSWM;;LB,CT;232;232,46;>
2022-02-22;14:08:04;231,86;;82;FLW;AVA;;LB,CT;231,75;232,28;>
2022-02-22;14:07:50;232;;5;AVA;FLW;;LB,CT;232;232,26;<
2022-02-22;14:07:50;232;;43;AVA;FLW;;LB,CT;232;232,26;<
2022-02-22;14:07:43;232,59;;16;AVA;SSWM;;LB,CT;232;232,59;>
2022-02-22;14:06:20;232,29;;163;SSWM;NON;;LB,CT;232,29;232,67;<
2022-02-22;14:05:17;232,67;;215;SWB;FLW;;LB,CT;232,67;232,96;<
2022-02-22;14:05:17;232,67;;6;AVA;FLW;;LB,CT;232,67;232,96;<
2022-02-22;14:04:37;232,67;;1;AVA;AVA;;LB,CT;232,67;232,88;<
2022-02-22;14:04:22;232,67;;1;AVA;AVA;;LB,CT;232,67;232,83;<
2022-02-22;14:02:59;232,45;;210;SWB;FLW;;LB,CT;232;232,45;>
2022-02-22;14:02:38;232,16;;2500;SSWM;AVA;;LB,CT;232,16;232,69;<
2022-02-22;14:02:11;232,7;;40;SWB;FLW;;LB,CT;232,33;232,86;<
2022-02-22;14:02:05;232,87;;5;AVA;FLW;;LB,CT;232,7;232,87;>
2022-02-22;14:02:03;232,85;;4;AVA;FLW;;LB,CT;232,7;233;<
2022-02-22;14:00:47;232,89;;45;AVA;SSWM;;LB,CT;232,32;232,89;>
2022-02-22;14:00:31;232,8;;20;NON;FLW;;LB,CT;232,37;232,94;<
2022-02-22;13:59:52;233,2;;2;AVA;SSWM;;LB,CT;232,8;233,2;>
2022-02-22;13:59:17;232,72;;250;SSWM;NON;;LB,CT;232,72;233,19;<
2022-02-22;13:58:09;232,26;;1795;SSWM;AVA;;LB,CT;232,26;232,69;<
2022-02-22;13:57:33;232,11;;217;SSWM;AVA;;LB,CT;232,11;232,58;<
2022-02-22;13:55:41;232,67;;3;NON;FLW;;LB,CT;232,14;232,7;<
2022-02-22;13:54:53;232,61;;100;AVA;FLW;;LB,CT;232,16;232,7;<
2022-02-22;13:54:27;232,5;;43;NON;FLW;;LB,CT;232,11;232,6;<
2022-02-22;13:54:09;232,59;;35;AVA;FLW;;LB,CT;232,5;232,81;<
2022-02-22;13:53:28;232,24;;28;SSWM;NON;;LB,CT;232,24;232,62;>
2022-02-22;13:53:28;232,24;;4;AVA;NON;;LB,CT;232,09;232,24;<
2022-02-22;13:53:14;232,53;;43;AVA;FLW;;LB,CT;232,24;232,54;<
2022-02-22;13:52:36;232,24;;240;SSWM;NON;;LB,CT;232,19;232,24;>
2022-02-22;13:52:35;232,24;;10;AVA;NON;;LB,CT;232,14;232,24;>
2022-02-22;13:51:21;232,12;;20;SSWM;AVA;;LB,CT;232,12;232,61;<
2022-02-22;13:50:41;232,05;;10;SSWM;AVA;;LB,CT;232,05;232,49;<
2022-02-22;13:50:35;232,04;;37;FLW;AVA;;LB,CT;232,01;232,44;>
2022-02-22;13:50:04;232,5;;50;AVA;AVA;;LB,CT;232,5;232,67;<
2022-02-22;13:48:58;232,6;;21;AVA;FLW;;LB,CT;232,6;232,85;<
2022-02-22;13:46:59;233;;88;AVA;FLW;;LB,CT;233;233,25;<
2022-02-22;13:46:14;233;;12;AVA;AVA;;LB,CT;232,68;233;>
2022-02-22;13:44:52;233;;20;AVA;FLW;;LB,CT;232,6;233,1;<
2022-02-22;13:44:52;233;;10;AVA;FLW;;LB,CT;232,6;233,1;<
2022-02-22;13:43:48;233,32;;4;AVA;SSWM;;LB,CT;233;233,32;>
2022-02-22;13:42:57;233;;19;FLW;AVA;;LB,CT;232,83;233,44;>
2022-02-22;13:42:49;232,44;;150;FLW;AVA;;LB,CT;232,44;232,99;<
2022-02-22;13:42:14;232,99;;10;AVA;SSWM;;LB,CT;232,64;232,99;>
2022-02-22;13:41:11;232,43;;50;SSWM;AVA;;LB,CT;232,43;232,87;<
2022-02-22;13:40:44;232,72;;42;AVA;SSWM;;LB,CT;232,26;232,72;>
2022-02-22;13:38:42;232,42;;1500;SSWM;AVA;;LB,CT;232,42;232,92;<
2022-02-22;13:37:29;232,5;;2;AVA;FLW;;LB,CT;232,5;232,61;<
2022-02-22;13:37:23;232,77;;2;AVA;FLW;;LB,CT;232,77;232,85;<
2022-02-22;13:36:32;232,9;;4;AVA;FLW;;LB,CT;232,9;232,98;<
2022-02-22;13:36:21;233;;21;AVA;AVA;;LB,CT;232,9;233;>
2022-02-22;13:36:17;233;;43;NON;AVA;;LB,CT;232,9;233;<
2022-02-22;13:36:17;233;;2;AVA;AVA;;LB,CT;232,9;233;<
2022-02-22;13:35:17;233,35;;3;AVA;FLW;;LB,CT;233;233,35;>
2022-02-22;13:35:12;233,33;;230;AVA;FLW;;LB,CT;233,33;233,44;<
2022-02-22;13:35:11;233,33;;15;AVA;AVA;;LB,CT;233,33;233,44;<
2022-02-22;13:32:57;233,33;;200;AVA;AVA;;LB,CT;233,11;233,33;>
2022-02-22;13:32:48;233,33;;42;AVA;AVA;;LB,CT;233,07;233,33;>
2022-02-22;13:32:41;233,33;;8;AVA;AVA;;LB,CT;233,08;233,33;>
2022-02-22;13:31:53;233,5;;30;NON;FLW;;LB,CT;233,5;233,58;<
2022-02-22;13:31:21;233,75;;40;AVA;FLW;;LB,CT;233,5;233,79;<
2022-02-22;13:31:18;233,75;;88;AVA;AVA;;LB,CT;233,75;233,79;>
2022-02-22;13:30:17;233,75;;43;NON;AVA;;LB,CT;233,64;233,75;>
2022-02-22;13:30:16;233,9;;20;AVA;AVA;;LB,CT;233,9;234,22;<
2022-02-22;13:29:39;234,08;;6;AVA;FLW;;LB,CT;233,7;234,22;<
2022-02-22;13:29:39;234,1;;12;AVA;FLW;;LB,CT;233,7;234,22;<
2022-02-22;13:29:34;234,22;;50;AVA;AVA;;LB,CT;234,1;234,22;>
2022-02-22;13:28:25;233,94;;8;AVA;SSWM;;LB,CT;233,5;233,94;>
2022-02-22;13:27:56;233,95;;15;AVA;AVA;;LB,CT;233,69;233,94;>
2022-02-22;13:27:56;233,94;;50;AVA;AVA;;LB,CT;233,69;233,94;>
2022-02-22;13:27:34;233,51;;10;SSWM;AVA;;LB,CT;233,51;233,95;<
2022-02-22;13:24:42;234,08;;14;AVA;FLW;;LB,CT;233,62;234,1;>
2022-02-22;13:24:31;234,28;;10;NON;SSWM;;LB,CT;233,75;234,28;>
2022-02-22;13:24:30;233,75;;8;SSWM;AVA;;LB,CT;233,75;234,29;<
2022-02-22;13:23:29;234,24;;4;AVA;NON;;LB,CT;233,68;234,24;>
2022-02-22;13:23:15;234,18;;7;AVA;FLW;;LB,CT;234,18;234,2;<
2022-02-22;13:23:07;234,77;;2;NON;FLW;;LB,CT;234,18;234,77;>
2022-02-22;13:22:36;234,92;;23;NON;DREU;;LB,CT;234,28;234,92;>
2022-02-22;13:22:26;234,99;;172;AVA;FLW;;LB,CT;234,38;235;<
2022-02-22;13:22:26;234,99;;250;AVA;PAS;;LB,CT;234,38;235;>
2022-02-22;13:22:26;234,93;;334;AVA;FLW;;LB,CT;234,38;235;>
2022-02-22;13:22:26;234,92;;244;AVA;SSWM;;LB,CT;234,38;235;>
2022-02-22;13:22:08;234,77;;250;SSWM;PAS;;LB,CT;234,77;234,99;<
2022-02-22;13:22:01;234,7;;450;FLW;AVA;;LB,CT;234,6;234,99;>
2022-02-22;13:22:01;234,69;;250;FLW;PAS;;LB,CT;234,59;234,69;>
2022-02-22;13:21:58;234,45;;1384;FLW;PAS;HID;DB,CT;234,24;234,69;>
2022-02-22;13:21:58;234,45;;1;FLW;PAS;;LB,CT;234,24;234,69;>
2022-02-22;13:21:58;234,47;;334;FLW;PAS;;LB,CT;234,24;234,69;<
2022-02-22;13:21:53;234,47;;10;SWB;PAS;;LB,CT;234,47;234,53;<
2022-02-22;13:21:35;234,47;;268;AVA;FLW;;LB,CT;234,18;234,46;>
2022-02-22;13:21:35;234,46;;514;AVA;SSWM;;LB,CT;234,18;234,46;>
2022-02-22;13:21:29;234,46;;200;AVA;SSWM;;LB,CT;234,18;234,46;>
2022-02-22;13:21:12;234,46;;30;AVA;FLW;;LB,CT;234,18;234,54;<
2022-02-22;13:21:12;234,51;;10;AVA;FLW;;LB,CT;234,46;234,54;<
2022-02-22;13:21:05;234,54;;10;AVA;SSWM;;LB,CT;234,46;234,54;>
2022-02-22;13:21:05;234,54;;6;AVA;SSWM;;LB,CT;234,46;234,54;>
2022-02-22;13:21:03;234,54;;507;AVA;SSWM;;LB,CT;234,46;234,54;>
2022-02-22;13:20:47;234,55;;21;AVA;PAS;;LB,CT;234,29;234,55;>
2022-02-22;13:19:59;234,3;;1000;SSWM;AVA;;LB,CT;234,24;234,3;>
2022-02-22;13:19:59;234,28;;250;FLW;PAS;;LB,CT;234,04;234,3;>
2022-02-22;13:18:18;233,97;;50;AVA;FLW;;LB,CT;233,97;234,24;<
2022-02-22;13:17:48;234;;12;AVA;FLW;;LB,CT;233,57;234,24;<
2022-02-22;13:17:21;234,28;;42;AVA;SSWM;;LB,CT;233,91;234,28;>
2022-02-22;13:17:15;233,76;;250;FLW;PAS;;LB,CT;233,76;234,28;<
2022-02-22;13:17:13;233,55;;31;FLW;AVA;;LB,CT;233,55;234,28;<
2022-02-22;13:16:55;233;;62;AVA;SWB;;LB,CT;232,9;233;>
2022-02-22;13:16:04;233;;50;AVA;SWB;;LB,CT;232,74;233;>
2022-02-22;13:15:19;233;;88;AVA;SWB;;LB,CT;232,65;233;>
2022-02-22;13:14:43;232,47;;2;AVA;NON;;LB,CT;232,35;232,47;>
2022-02-22;13:14:41;232,47;;2;AVA;NON;;LB,CT;232,47;232,58;<
2022-02-22;13:13:46;232,33;;9;AVA;SSWM;;LB,CT;231,77;232,33;>
2022-02-22;13:13:45;232,2;;215;AVA;FLW;;LB,CT;232,2;232,33;<
2022-02-22;13:12:49;232;;25;FLW;AVA;;LB,CT;231,83;232,41;>
2022-02-22;13:12:49;232;;300;FLW;AVA;;LB,CT;231,83;232,41;>
2022-02-22;13:12:47;231,73;;54;DREU;NON;;LB,CT;231,86;232;<
2022-02-22;13:12:47;231,86;;1;AVA;NON;;LB,CT;231,86;232;<
2022-02-22;13:12:20;231,42;;150;SSWM;AVA;;LB,CT;231,42;231,85;<
2022-02-22;13:12:04;231,23;;55;SSWM;NON;;LB,CT;231,23;231,74;<
2022-02-22;13:11:20;231,48;;160;AVA;FLW;;LB,CT;231,06;231,48;>
2022-02-22;13:10:15;231,44;;102;NON;FLW;;LB,CT;230,86;231,44;>
2022-02-22;13:09:58;231,44;;192;NON;FLW;;LB,CT;231,07;231,44;>
2022-02-22;13:09:36;231,06;;8;NON;AVA;;LB,CT;231,02;231,06;>
2022-02-22;13:08:42;231,41;;30;AVA;FLW;;LB,CT;230,94;231,41;>
2022-02-22;13:08:36;231,74;;86;AVA;SSWM;;LB,CT;231,2;231,74;>
2022-02-22;13:07:44;231,04;;870;FLW;NON;HID;DB,CT;231,03;231,04;>
2022-02-22;13:07:44;231,04;;30;FLW;NON;;LB,CT;231,03;231,04;>
2022-02-22;13:07:19;231,04;;70;AVA;NON;HID;DB,CT;230,9;231,04;>
2022-02-22;13:07:19;231,04;;30;AVA;NON;;LB,CT;230,9;231,04;>
2022-02-22;13:06:22;230,9;;58;FLW;NON;;LB,CT;230,91;231,04;>
2022-02-22;13:05:46;230,87;;4;AVA;FLW;;LB,CT;230,41;230,87;>
2022-02-22;13:05:21;230,5;;7;SSWM;NON;;LB,CT;230,5;230,9;<
2022-02-22;13:04:17;230,27;;10;FLW;NON;;LB,CT;230,25;230,27;>
2022-02-22;13:04:15;230,25;;22;SSWM;AVA;;LB,CT;230,25;230,69;<
2022-02-22;13:03:39;230,88;;2;AVA;FLW;;LB,CT;230,88;230,91;<
2022-02-22;13:02:53;230,4;;65;AVA;FLW;;LB,CT;230,16;230,5;<
2022-02-22;13:01:39;230,98;;170;SSWM;AVA;;LB,CT;230,98;231,45;<
2022-02-22;13:00:29;231,47;;43;AVA;AVA;;LB,CT;231,47;231,69;<
2022-02-22;12:59:38;231,79;;43;DREU;AVA;;LB,CT;231,79;232,4;<
2022-02-22;12:59:29;232,46;;250;AVA;FLW;;LB,CT;231,88;232,46;>
2022-02-22;12:58:17;232,34;;100;NON;FLW;;LB,CT;231,71;232,34;>
2022-02-22;12:58:08;232,38;;5;IEGG;FLW;;LB,CT;231,82;232,43;<
2022-02-22;12:58:05;232,43;;10;NON;FLW;;LB,CT;231,82;232,43;>
2022-02-22;12:57:49;232,3;;4;AVA;FLW;;LB,CT;231,89;232,31;<
2022-02-22;12:57:34;232,3;;17;AVA;FLW;;LB,CT;231,77;232,3;>
2022-02-22;12:57:24;232,21;;86;AVA;FLW;;LB,CT;232,21;232,39;<
2022-02-22;12:57:24;232,21;;130;AVA;FLW;;LB,CT;232,21;232,39;<
2022-02-22;12:57:11;232,5;;1;AVA;DREU;;LB,CT;232,21;232,5;>
2022-02-22;12:56:57;232,39;;50;AVA;FLW;;LB,CT;232,21;232,51;<
2022-02-22;12:55:16;232,27;;215;AVA;FLW;;LB,CT;231,85;232,39;<
2022-02-22;12:54:59;232,3;;60;AVA;FLW;;LB,CT;231,87;232,39;<
2022-02-22;12:52:57;232,79;;50;NON;DREU;;LB,CT;232,23;232,8;>
2022-02-22;12:52:56;232,6;;300;NON;FLW;;LB,CT;232,6;232,79;<
2022-02-22;12:52:49;232,8;;4;AVA;FLW;;LB,CT;232,6;232,8;>
2022-02-22;12:51:30;232,98;;12;AVA;FLW;;LB,CT;232,5;232,98;>
2022-02-22;12:50:46;232,45;;1;SSWM;AVA;;LB,CT;232,45;232,91;<
2022-02-22;12:50:28;232,3;;11;FLW;AVA;;LB,CT;232,13;232,3;>
2022-02-22;12:50:27;232,18;;6;FLW;AVA;;LB,CT;232,13;232,3;>
2022-02-22;12:50:27;232,19;;8;FLW;AVA;;LB,CT;232,13;232,19;>
2022-02-22;12:49:26;232,29;;250;FLW;AVA;;LB,CT;232,27;232,87;>
2022-02-22;12:48:55;232,98;;8;AVA;FLW;;LB,CT;232,36;232,99;<
2022-02-22;12:48:54;232,99;;7;AVA;FLW;;LB,CT;232,36;232,99;>
2022-02-22;12:45:44;232,84;;4;AVA;FLW;;LB,CT;232,25;232,84;>
2022-02-22;12:44:34;232;;204;FLW;AVA;;LB,CT;232;232,41;>
2022-02-22;12:44:34;232;;100;NON;AVA;;LB,CT;232;232,41;<
2022-02-22;12:44:22;232,39;;49;NON;FLW;;LB,CT;232;232,39;<
2022-02-22;12:44:22;232,39;;251;NON;SSWM;;LB,CT;232;232,39;>
2022-02-22;12:43:53;232,26;;28;NON;FLW;;LB,CT;232,26;232,39;<
2022-02-22;12:42:40;231,9;;27;FLW;AVA;;LB,CT;231,82;231,9;>
2022-02-22;12:42:40;231,9;;2;AVA;AVA;;LB,CT;231,9;232,28;<
2022-02-22;12:40:09;231,47;;134;SSWM;AVA;;LB,CT;231,4;231,47;>
2022-02-22;12:40:06;231,47;;6;AVA;AVA;;LB,CT;231,37;231,47;>
2022-02-22;12:39:46;231,47;;22;AVA;AVA;;LB,CT;231,06;231,47;>
2022-02-22;12:39:06;231,16;;21;SSWM;AVA;;LB,CT;231,16;231,47;<
2022-02-22;12:38:13;231,47;;10;AVA;AVA;;LB,CT;231,11;231,47;>
2022-02-22;12:37:57;231,41;;15;AVA;FLW;;LB,CT;231,41;231,47;<
2022-02-22;12:37:32;231,03;;20;SSWM;AVA;;LB,CT;231,03;231,45;<
2022-02-22;12:37:01;230,97;;47;SSWM;NON;;LB,CT;230,97;231,37;<
2022-02-22;12:36:03;231,1;;100;NON;FLW;;LB,CT;230,79;231,25;<
2022-02-22;12:36:03;231,11;;78;AVA;FLW;;LB,CT;230,79;231,25;<
2022-02-22;12:34:53;231,44;;2;AVA;FLW;;LB,CT;231,11;231,47;<
2022-02-22;12:34:21;231,34;;138;AVA;FLW;;LB,CT;231,1;231,34;>
2022-02-22;12:33:42;231,01;;5;SSWM;NON;;LB,CT;231,01;231,44;<
2022-02-22;12:33:16;231,35;;8;AVA;BBI;;LB,CT;230,81;231,35;>
2022-02-22;12:32:29;231,46;;3;AVA;SSWM;;LB,CT;231;231,46;>
2022-02-22;12:32:00;231;;8;FLW;AVA;;LB,CT;230,86;231,33;>
2022-02-22;12:31:50;230,86;;3;AVA;AVA;;LB,CT;230,74;230,86;>
2022-02-22;12:31:48;230,74;;21;SSWM;AVA;;LB,CT;230,74;230,86;<
2022-02-22;12:31:17;230,89;;20;SSWM;AVA;;LB,CT;230,89;231,32;<
2022-02-22;12:30:54;231;;64;AVA;FLW;;LB,CT;230,56;231,18;<
2022-02-22;12:30:47;231,18;;100;TMB;FLW;;LB,CT;231;231,18;>
2022-02-22;12:30:29;231,45;;587;AVA;FLW;;LB,CT;231;231,47;<
2022-02-22;12:29:55;231,43;;1;AVA;FLW;;LB,CT;231;231,43;>
2022-02-22;12:29:49;231,42;;13;AVA;DREU;;LB,CT;231;231,42;>
2022-02-22;12:29:38;231,42;;50;AVA;FLW;;LB,CT;231,05;231,43;<
2022-02-22;12:29:10;231,42;;123;SWB;FLW;;LB,CT;231;231,42;>
2022-02-22;12:29:10;231,41;;23;SWB;SSWM;;LB,CT;231;231,42;>
2022-02-22;12:29:05;231,25;;100;AVA;FLW;;LB,CT;231,25;231,47;<
2022-02-22;12:27:27;231,46;;50;AVA;FLW;;LB,CT;231,01;231,47;<
2022-02-22;12:26:51;231,07;;20;SSWM;AVA;;LB,CT;231,07;231,47;<
2022-02-22;12:26:40;231,41;;2;AVA;FLW;;LB,CT;231,01;231,6;<
2022-02-22;12:26:34;231,62;;5;SWB;DREU;;LB,CT;231,41;231,62;>
2022-02-22;12:26:34;231,61;;195;SWB;SSWM;;LB,CT;231,41;231,62;>
2022-02-22;12:26:33;231,47;;43;NON;FLW;;LB,CT;231,41;231,61;<
2022-02-22;12:26:24;231,65;;47;NON;FLW;;LB,CT;231,47;231,65;>
2022-02-22;12:26:02;231,7;;172;AVA;FLW;;LB,CT;231,41;231,7;>
2022-02-22;12:25:59;231,7;;10;NON;FLW;;LB,CT;231,41;231,7;>
2022-02-22;12:25:56;231,7;;21;AVA;FLW;;LB,CT;231,41;231,7;>
2022-02-22;12:25:50;231,7;;10;AVA;FLW;;LB,CT;231,41;231,7;>
2022-02-22;12:25:18;231,83;;100;AVA;FLW;;LB,CT;231,41;231,88;<
2022-02-22;12:25:02;231,41;;2;AVA;AVA;;LB,CT;231,41;231,85;<
2022-02-22;12:24:39;231,5;;95;SSWM;AVA;;LB,CT;231,5;232,02;<
2022-02-22;12:24:14;231,85;;25;AVA;SSWM;;LB,CT;231,41;231,85;>
2022-02-22;12:24:09;231,71;;10;AVA;FLW;;LB,CT;231,41;231,85;<
2022-02-22;12:22:43;232,02;;129;AVA;FLW;;LB,CT;231,5;232,04;<
2022-02-22;12:22:42;232,02;;228;AVA;FLW;;LB,CT;231,52;232,03;<
2022-02-22;12:22:10;231,94;;4;AVA;BBI;;LB,CT;231,67;231,94;>
2022-02-22;12:20:49;231,75;;139;NON;AVA;HID;DB,CT;231,75;232,13;<
2022-02-22;12:20:49;231,75;;9;NON;AVA;;LB,CT;231,75;232,13;<
2022-02-22;12:20:49;231,91;;2;AVA;AVA;;LB,CT;231,75;232,13;<
2022-02-22;12:19:24;231,87;;10;AVA;SSWM;;LB,CT;231,42;231,87;>
2022-02-22;12:19:23;231,69;;43;NON;FLW;;LB,CT;231,69;231,87;<
2022-02-22;12:18:50;231,92;;430;AVA;BBI;;LB,CT;231,69;231,92;>
2022-02-22;12:18:34;231,69;;3;NON;AVA;;LB,CT;231,69;231,88;<
2022-02-22;12:18:01;232,11;;64;AVA;FLW;;LB,CT;231,75;232,11;>
2022-02-22;12:14:41;231,58;;1664;NON;FLW;HID;DB,CT;231,58;231,81;<
2022-02-22;12:14:41;231,58;;5;NON;FLW;;LB,CT;231,58;231,81;<
2022-02-22;12:12:30;232,15;;15;AVA;BBI;;LB,CT;231,79;232,15;>
2022-02-22;12:10:58;231,9;;9;AVA;FLW;;LB,CT;231,46;231,9;>
2022-02-22;12:10:12;232;;155;SWB;FLW;;LB,CT;231,63;232,25;<
2022-02-22;12:08:09;232,26;;10;SHB;FLW;;LB,CT;231,57;232,26;>
2022-02-22;12:08:09;232,26;;10;AVA;FLW;;LB,CT;231,57;232,26;>
2022-02-22;12:08:01;232;;38;AVA;FLW;;LB,CT;231,57;232,25;<
2022-02-22;12:07:36;232,34;;50;NON;FLW;;LB,CT;232;232,37;<
2022-02-22;12:06:40;232,34;;9;NON;FLW;;LB,CT;232,01;232,34;>
2022-02-22;12:06:30;232,36;;1;AVA;FLW;;LB,CT;232,01;232,36;>
2022-02-22;12:05:55;232,83;;10;AVA;FLW;;LB,CT;232,36;232,93;<
2022-02-22;12:05:32;232,78;;8;AVA;FLW;;LB,CT;232,3;232,78;>
2022-02-22;12:05:08;232,96;;57;AVA;FLW;;LB,CT;232,42;232,99;<
2022-02-22;12:03:19;233;;100;SSWM;SWB;;LB,CT;232,95;233,43;>
2022-02-22;12:01:34;232;;4;AVA;AVA;;LB,CT;232;232,33;<
2022-02-22;12:01:29;232,28;;12;AVA;FLW;;LB,CT;232;232,33;<
2022-02-22;12:00:27;232,52;;12;AVA;FLW;;LB,CT;232,05;232,52;>
2022-02-22;12:00:21;232,5;;70;AVA;SSWM;;LB,CT;232,01;232,5;>
2022-02-22;11:59:56;232,23;;75;FLW;AVA;;LB,CT;232,17;232,23;>
2022-02-22;11:59:38;232,36;;50;SSWM;NON;;LB,CT;232,36;232,91;<
2022-02-22;11:59:17;232,91;;4;AVA;FLW;;LB,CT;232,36;232,91;>
2022-02-22;11:58:16;233,11;;150;NON;FLW;;LB,CT;232,62;233,11;>
2022-02-22;11:57:59;232,58;;25;FLW;AVA;;LB,CT;232,42;232,58;>
2022-02-22;11:57:26;232,58;;10;AVA;AVA;;LB,CT;232,52;232,58;>
2022-02-22;11:56:11;232,41;;35;SSWM;AVA;;LB,CT;232,41;232,88;<
2022-02-22;11:55:52;232,87;;10;AVA;DREU;;LB,CT;232,24;232,87;>
2022-02-22;11:55:52;232,73;;8;AVA;FLW;;LB,CT;232,24;232,87;<
2022-02-22;11:55:29;232,28;;35;FLW;AVA;;LB,CT;232,11;232,73;>
2022-02-22;11:55:28;232,27;;12;FLW;AVA;;LB,CT;232,11;232,27;>
2022-02-22;11:55:18;232,82;;17;AVA;FLW;;LB,CT;232,27;232,82;>
2022-02-22;11:54:28;232,6;;657;FLW;AVA;;LB,CT;232,3;232,6;>
2022-02-22;11:53:42;232,4;;100;FLW;AVA;;LB,CT;232,37;232,6;>
2022-02-22;11:53:00;232,4;;500;NON;FLW;;LB,CT;232,4;232,47;<
2022-02-22;11:52:49;232,35;;10;SWB;FLW;;LB,CT;231,95;232,36;<
2022-02-22;11:52:45;232,36;;6;AVA;FLW;;LB,CT;231,99;232,36;>
2022-02-22;11:52:02;232,35;;666;NON;FLW;;LB,CT;232,01;232,52;<
2022-02-22;11:52:02;232,35;;334;NON;FLW;;LB,CT;232,01;232,52;>
2022-02-22;11:51:26;232,58;;20;AVA;FLW;;LB,CT;232,18;232,58;>
2022-02-22;11:51:09;232,6;;85;AVA;FLW;;LB,CT;232,22;232,79;<
2022-02-22;11:50:49;232,19;;8;SSWM;AVA;;LB,CT;232,19;232,79;<
2022-02-22;11:49:28;232,5;;147;AVA;FLW;;LB,CT;232,12;232,5;>
2022-02-22;11:48:04;231,92;;100;AVA;FLW;;LB,CT;231,6;231,92;>
2022-02-22;11:47:57;231,91;;122;IEGG;FLW;;LB,CT;231,6;231,92;<
2022-02-22;11:47:57;231,92;;4;AVA;FLW;;LB,CT;231,6;231,92;>
2022-02-22;11:46:54;232,04;;2;AVA;FLW;;LB,CT;231,41;232,04;>
2022-02-22;11:46:43;231,8;;3;AVA;FLW;;LB,CT;231,41;232,04;<
2022-02-22;11:46:18;232,03;;471;NON;FLW;HID;DB,CT;231,8;232,28;<
2022-02-22;11:46:18;232,03;;4;NON;FLW;;LB,CT;231,8;232,28;<
2022-02-22;11:46:11;232,03;;15;NON;AVA;HID;DB,CT;232,03;232,34;<
2022-02-22;11:46:11;232,03;;4;NON;AVA;;LB,CT;232,03;232,34;<
2022-02-22;11:45:36;232,62;;50;AVA;FLW;;LB,CT;232,18;232,62;>
2022-02-22;11:44:09;232,68;;50;AVA;FLW;;LB,CT;232,14;232,68;>
2022-02-22;11:43:48;232,46;;110;AVA;FLW;;LB,CT;231,91;232,46;>
2022-02-22;11:43:24;232,45;;20;AVA;FLW;;LB,CT;232,45;232,76;<
2022-02-22;11:43:24;232,45;;25;AVA;FLW;;LB,CT;232,45;232,76;<
2022-02-22;11:42:44;232,8;;27;AVA;FLW;;LB,CT;232,45;232,8;>
2022-02-22;11:42:40;232,8;;1;AVA;FLW;;LB,CT;232,45;232,8;>
2022-02-22;11:42:21;232,84;;32;NON;FLW;;LB,CT;232,45;233,09;<
2022-02-22;11:42:20;232,84;;218;NON;AVA;;LB,CT;232,52;232,84;>
2022-02-22;11:41:43;233,22;;53;AVA;DREU;;LB,CT;232,66;233,22;>
2022-02-22;11:41:09;233,52;;94;AVA;FLW;;LB,CT;232,71;233,81;<
2022-02-22;11:41:09;233,22;;334;AVA;FLW;;LB,CT;232,71;233,81;>
2022-02-22;11:41:03;233;;10;AVA;FLW;;LB,CT;233;233,28;<
2022-02-22;11:39:54;232,46;;21;AVA;FLW;;LB,CT;232,45;232,46;>
2022-02-22;11:39:34;232,4;;1161;AVA;FLW;;LB,CT;231,98;232,45;<
2022-02-22;11:39:28;232,43;;960;TMB;FLW;;LB,CT;231,89;232,45;<
2022-02-22;11:39:28;232,43;;40;TMB;SSWM;;LB,CT;231,89;232,45;>
2022-02-22;11:38:20;231,7;;250;FLW;AVA;;LB,CT;231,64;231,7;>
2022-02-22;11:37:56;231,38;;52;SSWM;NON;;LB,CT;231,38;231,7;<
2022-02-22;11:36:54;231,63;;314;AVA;FLW;;LB,CT;231,08;231,63;>
2022-02-22;11:36:54;231,62;;686;AVA;SSWM;;LB,CT;231,08;231,63;>
2022-02-22;11:36:00;231,2;;10;AVA;SSWM;;LB,CT;230,72;231,2;>
2022-02-22;11:35:54;231,16;;500;AVA;FLW;;LB,CT;230,72;231,2;<
2022-02-22;11:35:54;231,2;;6;AVA;SSWM;;LB,CT;230,72;231,2;>
2022-02-22;11:35:29;230,55;;4;SSWM;AVA;;LB,CT;230,55;231,11;<
2022-02-22;11:35:27;230,65;;20;FLW;AVA;;LB,CT;230,55;231,11;>
2022-02-22;11:34:17;231;;330;AVA;FLW;;LB,CT;231;231,29;<
2022-02-22;11:34:01;231,03;;500;SSWM;NON;;LB,CT;231,03;231,39;<
2022-02-22;11:33:46;231,4;;1;AVA;FLW;;LB,CT;231,4;231,62;<
2022-02-22;11:33:25;231,49;;12;AVA;FLW;;LB,CT;231,03;231,5;<
2022-02-22;11:32:47;231,03;;52;SSWM;AVA;;LB,CT;231,03;231,49;<
2022-02-22;11:32:42;231,49;;216;NON;DREU;;LB,CT;231,03;231,47;>
2022-02-22;11:32:35;231,59;;5;AVA;SSWM;;LB,CT;231,08;231,59;>
2022-02-22;11:32:05;231,5;;1;NON;FLW;;LB,CT;231,09;231,61;<
2022-02-22;11:31:40;231,5;;12;AVA;FLW;;LB,CT;231,03;231,5;>
2022-02-22;11:31:16;231,03;;80;SSWM;NON;;LB,CT;231,03;231,6;<
2022-02-22;11:30:53;231,03;;46;SSWM;AVA;;LB,CT;231,03;231,53;<
2022-02-22;11:30:30;231,56;;3;AVA;FLW;;LB,CT;231,56;231,7;<
2022-02-22;11:30:03;231,91;;1;AVA;FLW;;LB,CT;231,91;231,99;<
2022-02-22;11:30:02;231,57;;21;FLW;AVA;;LB,CT;231,56;231,99;>
2022-02-22;11:29:43;231,98;;200;NON;FLW;;LB,CT;231,56;231,98;>
2022-02-22;11:29:23;232,3;;10;AVA;SSWM;;LB,CT;231,7;232,3;>
2022-02-22;11:28:54;232;;100;AVA;FLW;;LB,CT;231,7;232,22;<
2022-02-22;11:28:44;231,92;;6;SSWM;NON;;LB,CT;231,92;232,54;<
2022-02-22;11:28:31;231,92;;150;NON;SSWM;;LB,CT;231,48;231,92;>
2022-02-22;11:28:30;231,56;;174;SSWM;AVA;;LB,CT;231,51;231,56;>
2022-02-22;11:28:06;231,54;;50;AVA;FLW;;LB,CT;231,01;231,54;>
2022-02-22;11:27:49;231,56;;2;AVA;AVA;;LB,CT;231,1;231,56;>
2022-02-22;11:27:39;231,56;;200;AVA;AVA;;LB,CT;231,56;231,85;<
2022-02-22;11:27:24;231,84;;1;AVA;FLW;;LB,CT;231,57;232,05;<
2022-02-22;11:27:18;232;;14442;AVA;DREU;;LB,CT;231,56;232,05;<
2022-02-22;11:27:18;232;;1669;AVA;FLW;;LB,CT;231,56;232,05;<
2022-02-22;11:27:18;232;;10000;AVA;DREU;;LB,CT;231,56;232,05;<
2022-02-22;11:27:18;231,94;;2988;AVA;DREU;;LB,CT;231,56;232,05;>
2022-02-22;11:27:18;231,93;;2301;AVA;SSWM;;LB,CT;231,56;232,05;>
2022-02-22;11:26:51;231,87;;129;AVA;SSWM;;LB,CT;231,5;231,87;>
2022-02-22;11:26:35;231,4;;495;FLW;AVA;;LB,CT;231,18;231,75;>
2022-02-22;11:26:32;231,4;;20;AVA;AVA;;LB,CT;231,18;231,4;>
2022-02-22;11:25:56;231;;20;FLW;AVA;;LB,CT;230,83;231;>
2022-02-22;11:25:47;230,81;;1;FLW;AVA;;LB,CT;230,8;231;>
2022-02-22;11:25:35;230,8;;480;AVA;NON;;LB,CT;230,8;230,81;<
2022-02-22;11:24:54;230,61;;3;AVA;SSWM;;LB,CT;230,47;230,61;>
2022-02-22;11:24:16;230,84;;100;AVA;FLW;;LB,CT;230,33;230,95;<
2022-02-22;11:24:00;230,77;;983;AVA;SSWM;;LB,CT;230,33;230,77;>
2022-02-22;11:23:52;230,4;;960;FLW;AVA;;LB,CT;230,39;230,4;>
2022-02-22;11:23:46;230,39;;17;AVA;AVA;;LB,CT;230,39;230,4;<
2022-02-22;11:23:46;230,39;;5;AVA;AVA;;LB,CT;230,39;230,4;<
2022-02-22;11:23:37;230,4;;40;IEGG;AVA;;LB,CT;230,39;230,4;>
2022-02-22;11:23:27;230,39;;400;AVA;AVA;;LB,CT;230,39;230,4;<
2022-02-22;11:23:12;230,07;;25;SSWM;AVA;;LB,CT;230,07;230,4;<
2022-02-22;11:22:03;229,8;;28;AVA;FLW;;LB,CT;229,19;229,8;>
2022-02-22;11:22:02;229,19;;64;SSWM;AVA;;LB,CT;229,19;229,69;<
2022-02-22;11:20:46;229,54;;4;AVA;FLW;;LB,CT;229,54;229,67;<
2022-02-22;11:20:20;229,5;;10;NON;SSWM;;LB,CT;229,01;229,5;>
2022-02-22;11:20:00;229,38;;2;SSWM;AVA;;LB,CT;229,38;229,92;<
2022-02-22;11:19:24;228,95;;5;SSWM;AVA;;LB,CT;228,95;229,45;<
2022-02-22;11:17:11;230,05;;2723;SWB;DREU;;LB,CT;229,39;230,08;<
2022-02-22;11:17:05;230,06;;70;AVA;FLW;;LB,CT;229,39;230,08;<
2022-02-22;11:17:02;230,06;;65;AVA;FLW;;LB,CT;229,43;230,08;<
2022-02-22;11:16:56;230;;220;NON;FLW;;LB,CT;229,55;230,08;<
2022-02-22;11:16:33;230,05;;2;AVA;SSWM;;LB,CT;229,62;230,05;>
2022-02-22;11:16:32;230,07;;1;PAS;SSWM;;LB,CT;229,94;230,07;>
2022-02-22;11:16:32;230,07;;5;PAS;SSWM;;LB,CT;229,94;230,07;>
2022-02-22;11:16:32;230,07;;20;PAS;SSWM;;LB,CT;229,94;230,07;>
2022-02-22;11:15:59;230,16;;7;AVA;FLW;;LB,CT;229,73;230,16;>
2022-02-22;11:15:46;229,96;;15;SSWM;AVA;;LB,CT;229,96;230,45;<
2022-02-22;11:15:28;229,77;;72;SSWM;AVA;;LB,CT;229,77;230,33;<
2022-02-22;11:15:17;230;;150;FLW;SWB;;LB,CT;229,93;230,6;>
2022-02-22;11:15:15;229,89;;1;FLW;SWB;;LB,CT;229,84;230;>
2022-02-22;11:14:54;229,2;;5;SSWM;AVA;;LB,CT;229,38;229,66;<
2022-02-22;11:14:54;229,38;;3;AVA;AVA;;LB,CT;229,38;229,66;<
2022-02-22;11:14:54;229,38;;4;AVA;AVA;;LB,CT;229,38;229,65;>
2022-02-22;11:14:29;229,89;;8;AVA;SSWM;;LB,CT;229,36;229,89;>
2022-02-22;11:13:47;229,8;;134;NON;SSWM;;LB,CT;229,28;229,8;>
2022-02-22;11:13:47;229,65;;866;NON;AVA;;LB,CT;229,28;229,8;>
2022-02-22;11:13:30;229,24;;8;FLW;SWB;;LB,CT;229,06;229,24;>
2022-02-22;11:13:07;228,8;;3;SSWM;AVA;;LB,CT;228,8;229,24;<
2022-02-22;11:12:32;228,82;;203;FLW;AVA;;LB,CT;228,58;229,22;>
2022-02-22;11:12:24;228,2;;5;FLW;SWB;;LB,CT;228,19;228,77;>
2022-02-22;11:12:14;228,2;;14;FLW;AVA;;LB,CT;228,18;228,2;>
2022-02-22;11:11:45;228,2;;80;FLW;AVA;;LB,CT;228,21;228,59;>
2022-02-22;11:11:45;228,2;;1000;AVA;AVA;;LB,CT;228,21;228,59;<
2022-02-22;11:11:45;228,21;;1679;SSWM;AVA;;LB,CT;228,21;228,59;<
2022-02-22;11:11:43;228,61;;30;AVA;SSWM;;LB,CT;228,21;228,61;>
2022-02-22;11:11:20;228,5;;109;AVA;SSWM;;LB,CT;228,5;228,53;<
2022-02-22;11:11:16;228,53;;7;AVA;FLW;;LB,CT;228,53;228,68;<
2022-02-22;11:09:55;228,82;;8;AVA;SSWM;;LB,CT;228,82;228,83;<
2022-02-22;11:09:09;229,12;;1;AVA;SSWM;;LB,CT;228,82;229,12;>
2022-02-22;11:09:06;229,1;;10;AVA;FLW;;LB,CT;228,82;229,16;<
2022-02-22;11:08:55;229,24;;43;NON;SSWM;;LB,CT;228,82;229,24;>
2022-02-22;11:08:21;229,46;;1168;IEGG;SSWM;;LB,CT;229,02;229,46;>
2022-02-22;11:08:12;229,07;;50;SSWM;AVA;;LB,CT;229,07;229,48;<
2022-02-22;11:06:55;229,2;;10;NON;SSWM;;LB,CT;228,89;229,2;>
2022-02-22;11:06:02;228,88;;97;FLW;AVA;;LB,CT;228,83;228,88;>
2022-02-22;11:05:47;228,88;;5;NON;AVA;;LB,CT;228,49;228,88;>
2022-02-22;11:05:45;228,88;;13;AVA;AVA;;LB,CT;228,49;228,88;<
2022-02-22;11:05:37;228,94;;5;AVA;FLW;;LB,CT;228,88;229,04;<
2022-02-22;11:05:06;228,88;;5;AVA;FLW;;LB,CT;228,88;228,94;<
2022-02-22;11:04:14;228,94;;10;AVA;FLW;;LB,CT;228,48;228,97;<
2022-02-22;11:03:41;228,14;;41;FLW;AVA;;LB,CT;228,14;228,63;<
2022-02-22;11:03:32;228,63;;21;AVA;SSWM;;LB,CT;228,19;228,63;>
2022-02-22;11:03:27;228,5;;218;AVA;AVA;;LB,CT;228,5;228,63;<
2022-02-22;11:03:11;228,58;;21;AVA;AVA;;LB,CT;228,58;228,69;<
2022-02-22;11:02:01;228,58;;4;AVA;SSWM;;LB,CT;228,1;228,58;>
2022-02-22;11:02:00;228,5;;300;NON;FLW;;LB,CT;228,5;228,58;<
2022-02-22;11:01:44;228,59;;2;AVA;AVA;;LB,CT;228,5;228,59;<
2022-02-22;11:01:43;228,59;;98;AVA;AVA;;LB,CT;228,59;228,6;<
2022-02-22;11:01:01;228,75;;2;NON;AVA;;LB,CT;228,75;229,1;<
2022-02-22;11:00:47;229,26;;8;AVA;SSWM;;LB,CT;228,75;229,26;>
2022-02-22;11:00:39;228,75;;5;NON;AVA;;LB,CT;228,75;229,26;<
2022-02-22;11:00:32;229,19;;8;AVA;SSWM;;LB,CT;228,75;229,19;>
2022-02-22;11:00:28;229,21;;2;AVA;SSWM;;LB,CT;228,75;229,21;>
2022-02-22;11:00:23;229,13;;4;AVA;FLW;;LB,CT;228,75;229,18;<
2022-02-22;11:00:07;228,75;;8;NON;AVA;;LB,CT;228,75;229,17;<
2022-02-22;11:00:07;228,75;;4;AVA;AVA;;LB,CT;228,75;229,17;<
2022-02-22;10:58:44;229;;1000;AVA;FLW;;LB,CT;228,75;229,1;<
2022-02-22;10:58:44;229;;37;NON;FLW;;LB,CT;228,75;229,1;<
2022-02-22;10:58:22;229,12;;38;AVA;FLW;;LB,CT;229;229,35;<
2022-02-22;10:57:50;229,33;;4;AVA;SSWM;;LB,CT;229,12;229,33;>
2022-02-22;10:57:27;229,32;;5;AVA;SSWM;;LB,CT;229,12;229,32;>
2022-02-22;10:57:06;229,2;;8;AVA;FLW;;LB,CT;229,12;229,19;>
2022-02-22;10:56:45;229,2;;1904;AVA;FLW;;LB,CT;229,12;229,2;<
2022-02-22;10:56:33;229,2;;311;AVA;NON;;LB,CT;229,2;229,28;<
2022-02-22;10:56:33;229,2;;1000;AVA;NON;;LB,CT;229,2;229,28;<
2022-02-22;10:56:33;229,2;;1000;AVA;NON;;LB,CT;229,2;229,28;<
2022-02-22;10:56:28;229,28;;8;AVA;SSWM;;LB,CT;229,2;229,28;>
2022-02-22;10:56:19;229,2;;45;AVA;SWB;;LB,CT;229,2;229,28;<
2022-02-22;10:56:14;229,28;;100;MSE;SSWM;;LB,CT;229,2;229,28;>
2022-02-22;10:55:47;229,2;;2000;AVA;AVA;;LB,CT;229,2;229,32;<
2022-02-22;10:55:32;229,4;;2;NON;FLW;;LB,CT;229,4;229,5;<
2022-02-22;10:55:17;229,39;;9;AVA;FLW;;LB,CT;229,12;229,4;<
2022-02-22;10:55:15;229,4;;14;NON;SSWM;;LB,CT;229,12;229,4;>
2022-02-22;10:54:59;229,5;;370;AVA;FLW;;LB,CT;229,5;229,64;<
2022-02-22;10:54:50;229,54;;2;AVA;FLW;;LB,CT;229,54;229,64;<
2022-02-22;10:53:43;229,11;;3;SSWM;AVA;;LB,CT;229,11;229,5;<
2022-02-22;10:53:15;229,06;;4;FLW;AVA;;LB,CT;229,05;229,57;>
2022-02-22;10:51:45;229,39;;3;AVA;SSWM;;LB,CT;229,02;229,39;>
2022-02-22;10:51:14;229,58;;1;AVA;SSWM;;LB,CT;229,14;229,58;>
2022-02-22;10:50:39;229,27;;7;FLW;AVA;;LB,CT;229,27;229,64;<
2022-02-22;10:49:51;229,64;;97;AVA;SSWM;;LB,CT;229,64;229,65;<
2022-02-22;10:49:16;229,64;;5;AVA;SSWM;;LB,CT;229,3;229,64;>
2022-02-22;10:48:39;229,64;;13;AVA;SSWM;;LB,CT;229,15;229,64;>
2022-02-22;10:47:22;229,27;;100;AVA;SSWM;;LB,CT;229;229,27;>
2022-02-22;10:46:56;229,02;;3;FLW;AVA;;LB,CT;229;229,39;>
2022-02-22;10:46:25;229,01;;1035;FLW;PAS;HID;DB,CT;229,03;229,21;>
2022-02-22;10:46:25;229,01;;1;FLW;PAS;;LB,CT;229,03;229,21;>
2022-02-22;10:46:25;229,02;;334;FLW;PAS;;LB,CT;229,03;229,21;<
2022-02-22;10:46:25;229,03;;3440;SSWM;PAS;;LB,CT;229,03;229,21;<
2022-02-22;10:45:44;229,22;;5;AVA;DREU;;LB,CT;229,22;229,25;<
2022-02-22;10:45:04;229,26;;43;AVA;PAS;;LB,CT;229,26;229,27;<
2022-02-22;10:45:04;229,26;;100;NON;PAS;;LB,CT;229,26;229,27;<
2022-02-22;10:45:03;229,27;;4;AVA;PAS;;LB,CT;229,26;229,27;>
2022-02-22;10:45:03;229,27;;43;NON;PAS;;LB,CT;229,26;229,27;<
2022-02-22;10:44:49;229,28;;26;SSWM;AVA;;LB,CT;229,28;229,55;<
2022-02-22;10:44:49;229,55;;3;AVA;DREU;;LB,CT;229,27;229,56;>
2022-02-22;10:44:27;229,63;;111;NON;DREU;;LB,CT;229,27;229,63;>
2022-02-22;10:44:27;229,64;;618;AVA;DREU;;LB,CT;229,28;229,63;>
2022-02-22;10:44:08;229,65;;6;AVA;AVA;;LB,CT;229,31;229,65;>
2022-02-22;10:43:56;229,38;;4;SSWM;AVA;;LB,CT;229,38;229,65;<
2022-02-22;10:43:13;229,64;;5;AVA;DREU;;LB,CT;229,27;229,64;>
2022-02-22;10:42:56;229,64;;647;AVA;FLW;;LB,CT;229,27;229,64;<
2022-02-22;10:42:19;229,64;;71;AVA;SSWM;;LB,CT;229,27;229,64;>
2022-02-22;10:42:03;229,64;;5;AVA;SSWM;;LB,CT;229,27;229,64;>
2022-02-22;10:41:51;229,64;;13;AVA;SSWM;;LB,CT;229,27;229,64;>
2022-02-22;10:41:48;229,64;;50;AVA;SSWM;;LB,CT;229,27;229,64;>
2022-02-22;10:41:45;229,64;;21;AVA;SSWM;;LB,CT;229,26;229,64;>
2022-02-22;10:41:35;229,64;;22;AVA;SSWM;;LB,CT;229,27;229,64;>
2022-02-22;10:39:50;229,22;;1;AVA;NON;;LB,CT;229,22;229,6;<
2022-02-22;10:39:34;229,64;;21;AVA;SSWM;;LB,CT;229,23;229,64;>
2022-02-22;10:39:33;229,64;;3;AVA;SSWM;;LB,CT;229,22;229,64;<
2022-02-22;10:39:19;229,64;;653;AVA;SSWM;;LB,CT;229,22;229,64;>
2022-02-22;10:39:08;229,23;;12;FLW;AVA;;LB,CT;229,23;229,64;<
2022-02-22;10:39:01;229,64;;4;AVA;SSWM;;LB,CT;229,08;229,64;>
2022-02-22;10:38:07;228,8;;2;AVA;AVA;;LB,CT;228,8;229,11;<
2022-02-22;10:37:32;229;;4;SWB;DREU;;LB,CT;228,8;229;<
2022-02-22;10:37:30;229,01;;10;AVA;SSWM;;LB,CT;229;229,01;>
2022-02-22;10:37:04;229,31;;13;AVA;SSWM;;LB,CT;229,31;229,33;<
2022-02-22;10:36:19;229,45;;130;NON;FLW;;LB,CT;229,31;229,5;<
2022-02-22;10:36:19;229,32;;17;AVA;FLW;;LB,CT;229,31;229,5;<
2022-02-22;10:36:10;229,4;;43;AVA;FLW;;LB,CT;229,4;229,5;<
2022-02-22;10:35:13;229,49;;50;FLW;AVA;;LB,CT;229,29;229,49;>
2022-02-22;10:34:55;229,11;;150;SSWM;SWB;;LB,CT;229,11;229,49;<
2022-02-22;10:34:29;229;;65;SSWM;AVA;;LB,CT;228,99;229;>
2022-02-22;10:34:09;228,99;;2;AVA;SSWM;;LB,CT;228,99;229;<
2022-02-22;10:33:16;228,75;;3;AVA;SSWM;;LB,CT;228,2;228,75;>
2022-02-22;10:32:53;228,18;;682;SSWM;AVA;;LB,CT;228,18;228,6;<
2022-02-22;10:32:00;228,13;;14;FLW;AVA;;LB,CT;228,11;228,13;>
2022-02-22;10:30:32;228,1;;7;NON;AVA;;LB,CT;228,04;228,1;>
2022-02-22;10:30:30;228,1;;4;AVA;AVA;;LB,CT;228,04;228,1;>
2022-02-22;10:29:52;228,07;;2;AVA;FLW;;LB,CT;227,66;228,14;<
2022-02-22;10:29:44;228,04;;21;AVA;DREU;;LB,CT;227,68;228,1;>
2022-02-22;10:28:58;228,02;;23;NON;DREU;;LB,CT;227,66;228,02;>
2022-02-22;10:28:58;228;;3;NON;AVA;;LB,CT;227,66;228,02;>
2022-02-22;10:28:55;228;;373;NON;FLW;;LB,CT;227,65;228,02;<
2022-02-22;10:28:48;228,02;;3;AVA;DREU;;LB,CT;228;228,02;>
2022-02-22;10:28:46;228,1;;30;AVA;FLW;;LB,CT;228;228,2;<
2022-02-22;10:28:41;228;;100;NON;AVA;;LB,CT;228;228,2;<
2022-02-22;10:28:10;228;;27;NON;NON;;LB,CT;227,77;228;>
2022-02-22;10:27:48;227,82;;34;FLW;AVA;;LB,CT;227,72;227,82;>
2022-02-22;10:27:42;227,82;;15;NON;AVA;;LB,CT;227,72;227,82;>
2022-02-22;10:27:30;227,76;;4;SSWM;AVA;;LB,CT;227,76;227,82;<
2022-02-22;10:26:53;228;;22;AVA;NON;;LB,CT;227,77;228;>
2022-02-22;10:26:47;228;;21;AVA;NON;;LB,CT;228;228,14;<
2022-02-22;10:26:47;228;;30;AVA;NON;;LB,CT;228;228,14;<
2022-02-22;10:26:47;228;;10;AVA;AVA;;LB,CT;228;228,14;<
2022-02-22;10:26:30;228,21;;5;AVA;DREU;;LB,CT;228;228,21;>
2022-02-22;10:26:05;228,27;;55;NON;DREU;;LB,CT;228,01;228,28;>
2022-02-22;10:25:58;228;;69;AVA;AVA;;LB,CT;228;228,36;<
2022-02-22;10:25:58;228;;21;AVA;AVA;;LB,CT;228;228,36;<
2022-02-22;10:25:39;228,13;;1000;FLW;NON;;LB,CT;228,11;228,59;>
2022-02-22;10:25:04;228,2;;820;FLW;AVA;;LB,CT;228,13;228,58;>
2022-02-22;10:25:04;228,2;;1669;FLW;AVA;;LB,CT;228,49;228,58;>
2022-02-22;10:25:04;228,2;;5;AVA;AVA;;LB,CT;228,49;228,58;<
2022-02-22;10:25:04;228,49;;6;AVA;AVA;;LB,CT;228,49;228,58;<
2022-02-22;10:24:54;228,49;;4;AVA;AVA;;LB,CT;228,49;228,58;<
2022-02-22;10:24:28;228,5;;20;AVA;FLW;;LB,CT;228,5;228,64;<
2022-02-22;10:24:28;228,5;;322;AVA;FLW;;LB,CT;228,5;228,64;<
2022-02-22;10:24:27;228,52;;20;NON;FLW;;LB,CT;228,5;228,64;<
2022-02-22;10:24:01;228,81;;436;AVA;DREU;;LB,CT;228,52;228,84;>
2022-02-22;10:23:46;228,9;;4;AVA;DREU;;LB,CT;228,52;228,9;>
2022-02-22;10:22:24;228,99;;13;AVA;DREU;;LB,CT;228,52;228,78;>
2022-02-22;10:22:24;228,98;;17;AVA;SSWM;;LB,CT;228,52;228,78;>
2022-02-22;10:22:24;228,78;;20;AVA;AVA;;LB,CT;228,52;228,78;>
2022-02-22;10:22:14;228,75;;12;AVA;FLW;;LB,CT;228,75;228,77;<
2022-02-22;10:22:12;228,78;;250;NON;FLW;;LB,CT;228,75;229,01;<
2022-02-22;10:21:54;228,99;;20;AVA;DREU;;LB,CT;228,78;228,99;>
2022-02-22;10:21:36;229;;786;AVA;FLW;;LB,CT;228,78;229,25;<
2022-02-22;10:21:26;229;;148;AVA;DREU;;LB,CT;228,78;229,25;>
2022-02-22;10:21:16;229,18;;250;NON;FLW;;LB,CT;229,18;229,19;<
2022-02-22;10:21:14;229,2;;191;NON;DREU;;LB,CT;229,18;229,2;>
2022-02-22;10:21:14;229,2;;309;NON;DREU;;LB,CT;229,18;229,2;>
2022-02-22;10:21:03;229,18;;250;NON;DREU;;LB,CT;228,78;229,41;>
2022-02-22;10:21:00;229,3;;21;AVA;DREU;;LB,CT;228,8;229,3;<
2022-02-22;10:20:15;229,43;;38;NON;DREU;;LB,CT;228,87;229,47;>
2022-02-22;10:20:15;229,01;;5;NON;AVA;;LB,CT;228,87;229,47;>
2022-02-22;10:20:14;229,2;;374;NON;AVA;;LB,CT;228,87;229,01;<
2022-02-22;10:20:13;229,44;;788;NON;DREU;;LB,CT;229,2;229,44;>
2022-02-22;10:20:13;229,44;;212;NON;DREU;;LB,CT;229,2;229,44;>
2022-02-22;10:19:55;229,53;;1793;NON;DREU;;LB,CT;229,2;229,53;>
2022-02-22;10:19:55;229,53;;207;NON;DREU;;LB,CT;229,2;229,53;>
2022-02-22;10:19:45;229,46;;10;AVA;DREU;;LB,CT;229,2;229,46;>
2022-02-22;10:19:31;229,4;;1000;NON;FLW;;LB,CT;229,2;229,46;<
2022-02-22;10:19:20;229,2;;191;NON;AVA;;LB,CT;229,01;229,2;>
2022-02-22;10:19:20;229,2;;435;NON;AVA;;LB,CT;229,01;229,2;>
2022-02-22;10:19:05;229,2;;20;AVA;AVA;;LB,CT;229,01;229,2;>
2022-02-22;10:19:00;229,2;;2;AVA;AVA;;LB,CT;228,94;229,2;>
2022-02-22;10:17:54;228,75;;3;AVA;AVA;;LB,CT;228,75;229,1;<
2022-02-22;10:17:42;228,75;;461;FLW;AVA;;LB,CT;228,55;228,75;>
2022-02-22;10:16:47;229,06;;21;AVA;FLW;;LB,CT;228,54;229,17;<
2022-02-22;10:16:46;229,06;;2;AVA;FLW;;LB,CT;228,54;229,17;<
2022-02-22;10:16:42;229,06;;1;PAS;DREU;;LB,CT;228,54;229,06;>
2022-02-22;10:16:33;229;;220;NON;FLW;;LB,CT;229;229,06;<
2022-02-22;10:16:33;229;;8;AVA;FLW;;LB,CT;229;229,06;<
2022-02-22;10:16:13;229,28;;4;AVA;DREU;;LB,CT;229;229,28;>
2022-02-22;10:16:05;229,02;;202;NON;DREU;;LB,CT;229;229,02;<
2022-02-22;10:16:05;229,02;;18;NON;DREU;;LB,CT;229;229,02;<
2022-02-22;10:16:05;229,02;;217;AVA;DREU;;LB,CT;229;229,02;<
2022-02-22;10:16:03;229,16;;235;MSE;DREU;;LB,CT;229,02;229,13;>
2022-02-22;10:15:54;229,4;;13;AVA;DREU;;LB,CT;229,02;229,4;>
2022-02-22;10:15:47;229,14;;348;AVA;DREU;;LB,CT;229,02;229,13;>
2022-02-22;10:15:47;229,15;;235;MSE;DREU;;LB,CT;229,02;229,14;>
2022-02-22;10:15:31;229,41;;1;AVA;DREU;;LB,CT;229,01;229,41;>
2022-02-22;10:15:24;229,24;;9;AVA;FLW;;LB,CT;229,01;229,45;<
2022-02-22;10:15:13;229,3;;350;MSE;DREU;;LB,CT;229,35;229,45;<
2022-02-22;10:15:13;229,33;;220;NON;DREU;;LB,CT;229,35;229,45;<
2022-02-22;10:15:13;229,35;;220;NON;DREU;;LB,CT;229,35;229,45;<
2022-02-22;10:15:13;229,35;;953;NON;DREU;;LB,CT;229,35;229,45;<
2022-02-22;10:14:56;229,35;;47;NON;AVA;;LB,CT;229,55;229,63;<
2022-02-22;10:14:56;229,55;;3;AVA;AVA;;LB,CT;229,55;229,63;<
2022-02-22;10:14:34;229,44;;7;AVA;DREU;;LB,CT;229,33;229,44;>
2022-02-22;10:14:21;229,33;;776;AVA;DREU;;LB,CT;229,24;229,67;<
2022-02-22;10:14:21;229,39;;220;NON;DREU;;LB,CT;229,24;229,67;<
2022-02-22;10:14:21;229,39;;4;AVA;DREU;;LB,CT;229,24;229,67;<
2022-02-22;10:13:10;229,07;;100;AVA;DREU;;LB,CT;228,72;229,07;>
2022-02-22;10:12:59;229,08;;4;AVA;NON;;LB,CT;228,74;229,08;>
2022-02-22;10:12:51;229,08;;218;AVA;NON;;LB,CT;228,83;229,08;>
2022-02-22;10:12:36;228,83;;300;FLW;NON;;LB,CT;228,83;229,08;<
2022-02-22;10:12:04;228,74;;50;FLW;AVA;;LB,CT;228,74;229,08;<
2022-02-22;10:11:52;229,07;;4;AVA;DREU;;LB,CT;229,07;229,08;<
2022-02-22;10:10:52;228,97;;168;AVA;DREU;;LB,CT;228,55;228,97;>
2022-02-22;10:10:52;228,97;;50;AVA;DREU;;LB,CT;228,55;228,97;>
2022-02-22;10:10:42;229;;20;SWB;FLW;;LB,CT;229;229,01;<
2022-02-22;10:10:42;229,04;;50;AVA;DREU;;LB,CT;229;229,04;>
2022-02-22;10:10:37;229,07;;2;AVA;DREU;;LB,CT;229;229,07;>
2022-02-22;10:09:36;228,55;;437;FLW;AVA;;LB,CT;228,52;229,06;>
2022-02-22;10:09:02;228,85;;22;AVA;DREU;;LB,CT;228,5;228,85;>
2022-02-22;10:08:44;228,96;;1;AVA;DREU;;LB,CT;228,5;228,96;>
2022-02-22;10:08:24;229,07;;10;AVA;DREU;;LB,CT;228,67;229,07;<
2022-02-22;10:08:24;229,08;;24;AVA;NON;;LB,CT;228,67;229,07;<
2022-02-22;10:08:24;229,1;;33;AVA;NON;;LB,CT;228,67;229,07;<
2022-02-22;10:08:07;229,22;;40;AVA;DREU;;LB,CT;229,08;229,26;>
2022-02-22;10:08:06;229,21;;1;AVA;SSWM;;LB,CT;229,07;229,21;>
2022-02-22;10:07:55;229,08;;1;AVA;DREU;;LB,CT;229,07;229,08;>
2022-02-22;10:07:39;229;;137;AVA;DREU;;LB,CT;228,9;229;>
2022-02-22;10:07:39;229;;16;AVA;AVA;;LB,CT;228,9;229;>
2022-02-22;10:07:35;228,99;;50;AVA;SSWM;;LB,CT;228,9;229;>
2022-02-22;10:07:19;228,9;;60;AVA;AVA;;LB,CT;228,9;228,99;<
2022-02-22;10:07:17;228,9;;5;AVA;SWB;;LB,CT;228,9;229;<
2022-02-22;10:06:46;228,81;;50;AVA;SSWM;;LB,CT;228,52;228,81;>
2022-02-22;10:06:45;228,81;;5;AVA;SSWM;;LB,CT;228,52;228,81;>
2022-02-22;10:06:38;228,81;;100;AVA;SSWM;;LB,CT;228,5;228,81;>
2022-02-22;10:06:14;228,5;;153;AVA;NON;;LB,CT;228,5;228,81;<
2022-02-22;10:06:05;229;;5;AVA;AVA;;LB,CT;228,57;229;>
2022-02-22;10:05:56;229;;15;AVA;AVA;;LB,CT;228,62;229;>
2022-02-22;10:05:50;229;;34;AVA;AVA;;LB,CT;228,62;229;>
2022-02-22;10:05:33;229;;2;AVA;AVA;;LB,CT;228,7;229;>
2022-02-22;10:05:24;228,7;;26;MSE;NON;;LB,CT;228,7;229;<
2022-02-22;10:05:07;228,7;;157;MSE;NON;;LB,CT;228,7;229;<
2022-02-22;10:05:06;229;;8;AVA;AVA;;LB,CT;228,7;229;>
2022-02-22;10:04:54;229,17;;75;AVA;SSWM;;LB,CT;228,76;229,17;>
2022-02-22;10:04:45;228,75;;13;FLW;AVA;;LB,CT;228,75;229,17;<
2022-02-22;10:04:36;228,7;;133;MSE;NON;;LB,CT;229;229,17;<
2022-02-22;10:04:36;228,75;;334;FLW;NON;;LB,CT;229;229,17;<
2022-02-22;10:04:36;228,88;;333;NON;NON;;LB,CT;229;229,17;<
2022-02-22;10:04:36;228,92;;10;PAS;NON;;LB,CT;229;229,17;<
2022-02-22;10:04:36;228,92;;10;PAS;NON;;LB,CT;229;229,17;<
2022-02-22;10:04:36;229;;20;AVA;NON;;LB,CT;229;229,17;<
2022-02-22;10:04:36;229;;50;AVA;NON;;LB,CT;229;229,17;<
2022-02-22;10:03:12;229;;153;NON;NON;;LB,CT;228,92;229;>
2022-02-22;10:03:05;229;;4;AVA;NON;;LB,CT;228,95;229;<
2022-02-22;10:03:05;229;;43;AVA;NON;;LB,CT;228,95;229;<
2022-02-22;10:02:22;229,19;;4;AVA;DREU;;LB,CT;229,05;229,19;>
2022-02-22;10:02:05;229,19;;1000;AVA;DREU;;LB,CT;229,05;229,19;>
2022-02-22;10:01:58;229,2;;10;AVA;NON;;LB,CT;229,2;229,4;<
2022-02-22;10:01:45;229,39;;2;AVA;SSWM;;LB,CT;229,2;229,39;>
2022-02-22;10:01:25;229,05;;26;AVA;AVA;;LB,CT;229,05;229,39;<
2022-02-22;10:01:07;229,4;;30;AVA;DREU;;LB,CT;229,05;229,46;>
2022-02-22;10:01:04;229,41;;34;AVA;DREU;;LB,CT;229,05;229,41;>
2022-02-22;10:01:02;229,39;;3;AVA;DREU;;LB,CT;229,05;229,39;>
2022-02-22;10:00:49;229,52;;10;AVA;NON;;LB,CT;229,06;229,52;>
2022-02-22;10:00:35;229,52;;75;AVA;NON;;LB,CT;229,12;229,42;>
2022-02-22;10:00:35;229,42;;55;AVA;NON;;LB,CT;229,12;229,42;>
2022-02-22;10:00:26;229,42;;4;AVA;NON;;LB,CT;229,22;229,42;>
2022-02-22;10:00:25;229,24;;19;FLW;AVA;;LB,CT;229,22;229,42;>
2022-02-22;10:00:24;229,25;;5;AVA;AVA;;LB,CT;229,22;229,24;<
2022-02-22;10:00:24;229,3;;4;AVA;AVA;;LB,CT;229,22;229,24;<
2022-02-22;10:00:20;229,42;;4;AVA;NON;;LB,CT;229,42;229,52;<
2022-02-22;10:00:12;229,62;;7;NON;NON;;LB,CT;229,42;229,52;<
2022-02-22;09:59:33;229,42;;96;AVA;SSWM;;LB,CT;229,25;229,42;>
2022-02-22;09:59:33;229,26;;4;AVA;AVA;;LB,CT;229,25;229,42;>
2022-02-22;09:59:20;229,88;;20;AVA;DREU;;LB,CT;229,26;229,88;>
2022-02-22;09:59:15;229,64;;700;AVA;DREU;;LB,CT;229,26;229,64;>
2022-02-22;09:58:49;229,83;;20;AVA;FLW;;LB,CT;229,83;229,86;<
2022-02-22;09:58:45;229,82;;5;AVA;FLW;;LB,CT;229,42;229,85;<
2022-02-22;09:58:38;229,8;;43;NON;FLW;;LB,CT;229,39;229,8;>
2022-02-22;09:58:03;229,25;;296;SSWM;UBS;;LB,CT;229,22;229,59;>
2022-02-22;09:57:40;228,87;;44;FLW;AVA;;LB,CT;228,87;229,25;<
2022-02-22;09:57:37;229,25;;4;AVA;UBS;;LB,CT;228,87;229,25;>
2022-02-22;09:57:29;228,87;;218;FLW;AVA;;LB,CT;228,87;229,27;<
2022-02-22;09:56:37;228,59;;100;SSWM;AVA;;LB,CT;228,59;229,15;<
2022-02-22;09:56:28;229;;1001;PAS;FLW;;LB,CT;228,59;229,15;<
2022-02-22;09:56:28;229;;40;PAS;AVA;;LB,CT;228,59;229,15;>
2022-02-22;09:56:28;229;;70;PAS;AVA;;LB,CT;228,59;229,15;>
2022-02-22;09:56:09;229;;27;AVA;AVA;;LB,CT;228,6;229;>
2022-02-22;09:55:58;229;;50;NON;AVA;;LB,CT;228,6;229;>
2022-02-22;09:55:39;228,62;;8;FLW;AVA;;LB,CT;228,6;229,19;>
2022-02-22;09:55:29;229,02;;13;AVA;FLW;;LB,CT;228,62;229,03;<
2022-02-22;09:55:27;229,18;;100;AVA;FLW;;LB,CT;229,02;229,18;>
2022-02-22;09:55:06;229,33;;1;AVA;FLW;;LB,CT;229,02;229,36;<
2022-02-22;09:54:42;229,2;;4;AVA;FLW;;LB,CT;229,02;229,22;<
2022-02-22;09:54:39;229,21;;4;AVA;DREU;;LB,CT;229,02;229,21;>
2022-02-22;09:54:33;229,02;;5;AVA;NON;;LB,CT;229,02;229,21;<
2022-02-22;09:54:28;229,2;;21;AVA;DREU;;LB,CT;229,02;229,2;>
2022-02-22;09:54:25;229,2;;100;PAS;DREU;;LB,CT;229,02;229,21;>
2022-02-22;09:54:25;229,21;;866;PAS;DREU;HID;DB,CT;229,02;229,21;<
2022-02-22;09:54:25;229,21;;400;PAS;DREU;HID;DB,CT;229,02;229,21;<
2022-02-22;09:54:25;229,21;;100;PAS;DREU;;LB,CT;229,02;229,21;<
2022-02-22;09:54:25;229,21;;148;PAS;DREU;;LB,CT;229,02;229,21;>
2022-02-22;09:54:25;229,21;;500;PAS;DREU;;LB,CT;229,02;229,21;>
2022-02-22;09:54:25;229,21;;2330;PAS;DREU;;LB,CT;229,02;229,21;>
2022-02-22;09:54:22;229,21;;10;AVA;DREU;;LB,CT;229,02;229,21;>
2022-02-22;09:54:20;229,2;;43;AVA;DREU;;LB,CT;229,02;229,2;>
2022-02-22;09:54:13;229,18;;119;PAS;FLW;HID;DB,CT;229,18;229,2;<
2022-02-22;09:54:13;229,18;;100;PAS;FLW;;LB,CT;229,18;229,2;<
2022-02-22;09:54:13;229,18;;1569;PAS;FLW;HID;DB,CT;229,02;229,18;<
2022-02-22;09:54:13;229,18;;100;PAS;FLW;;LB,CT;229,02;229,18;<
2022-02-22;09:54:13;229,18;;334;PAS;FLW;;LB,CT;229,02;229,18;>
2022-02-22;09:54:03;229,02;;3;AVA;AVA;;LB,CT;229,02;229,29;<
2022-02-22;09:54:03;229,05;;21;AVA;AVA;;LB,CT;229,02;229,29;<
2022-02-22;09:53:27;228,64;;94;PAS;FLW;;LB,CT;228,45;228,65;<
2022-02-22;09:53:24;228,43;;4;SSWM;AVA;;LB,CT;228,43;228,66;<
2022-02-22;09:53:05;228,79;;25;AVA;DREU;;LB,CT;228,37;228,79;>
2022-02-22;09:53:02;228,74;;1;AVA;FLW;;LB,CT;228,37;228,79;<
2022-02-22;09:52:50;229,18;;166;IEGG;DREU;;LB,CT;228,32;228,72;>
2022-02-22;09:52:50;228,72;;334;IEGG;FLW;;LB,CT;228,32;228,72;>
2022-02-22;09:52:46;228,69;;21;AVA;FLW;;LB,CT;228,32;228,71;<
2022-02-22;09:52:42;228,69;;250;DNM;DREU;;LB,CT;228,32;228,71;>
2022-02-22;09:52:29;228,69;;250;DNM;DREU;;LB,CT;228,29;228,69;>
2022-02-22;09:52:26;228,69;;276;AVA;DREU;;LB,CT;228,28;228,7;>
2022-02-22;09:52:26;228,68;;30;AVA;SSWM;;LB,CT;228,28;228,7;>
2022-02-22;09:52:11;228,64;;35;AVA;SSWM;;LB,CT;228,28;228,64;>
2022-02-22;09:52:04;228,29;;25;SSWM;AVA;;LB,CT;228,29;228,66;<
2022-02-22;09:52:04;228,65;;4;AVA;FLW;;LB,CT;228,29;228,66;<
2022-02-22;09:52:00;228,65;;47;NON;SSWM;;LB,CT;228,28;228,68;>
2022-02-22;09:51:58;228,28;;6;PAS;AVA;;LB,CT;228,28;228,68;<
2022-02-22;09:51:53;228,68;;43;AVA;SSWM;;LB,CT;228,28;228,68;>
2022-02-22;09:51:36;228,62;;5;AVA;FLW;;LB,CT;228,28;228,8;<
2022-02-22;09:49:35;227,72;;10;SSWM;AVA;;LB,CT;227,72;228,07;<
2022-02-22;09:49:09;227,63;;137;SSWM;AVA;;LB,CT;227,63;228,19;<
2022-02-22;09:48:46;227,93;;61;AVA;FLW;;LB,CT;227,93;227,98;<
2022-02-22;09:48:44;227,45;;42;FLW;AVA;;LB,CT;227,41;227,98;>
2022-02-22;09:48:44;227,45;;21;AVA;AVA;;LB,CT;227,41;227,98;<
2022-02-22;09:48:11;227,62;;6;AVA;AVA;;LB,CT;227,33;227,62;>
2022-02-22;09:48:10;227,62;;5;AVA;AVA;;LB,CT;227,33;227,62;<
2022-02-22;09:47:30;227,62;;4;AVA;FLW;;LB,CT;227,08;227,64;<
2022-02-22;09:47:26;227,5;;3;AVA;FLW;;LB,CT;227,08;227,6;<
2022-02-22;09:47:26;227,52;;250;AVA;FLW;;LB,CT;227,52;227,6;<
2022-02-22;09:47:26;227,59;;265;AVA;FLW;;LB,CT;227,52;227,6;<
2022-02-22;09:47:24;227,59;;64;AVA;SSWM;;LB,CT;227,59;227,62;<
2022-02-22;09:46:58;227,6;;180;AVA;SSWM;;LB,CT;227,6;227,61;<
2022-02-22;09:46:29;227,72;;222;PAS;SSWM;;LB,CT;227,59;227,72;>
2022-02-22;09:46:27;227,59;;15;AVA;NON;;LB,CT;227,59;227,76;<
2022-02-22;09:46:26;227,76;;100;PAS;SSWM;;LB,CT;227,59;227,76;>
2022-02-22;09:46:23;227,76;;30;PAS;SSWM;;LB,CT;227,75;227,76;>
2022-02-22;09:46:19;227,76;;403;AVA;SSWM;;LB,CT;227,59;227,76;>
2022-02-22;09:46:19;227,6;;97;AVA;AVA;;LB,CT;227,59;227,76;>
2022-02-22;09:46:15;227,68;;3;PAS;AVA;;LB,CT;227,68;227,76;<
2022-02-22;09:45:40;227,68;;982;SSWM;AVA;;LB,CT;227,68;228,16;<
2022-02-22;09:45:33;228,19;;70;NON;FLW;;LB,CT;227,68;228,19;>
2022-02-22;09:45:25;228,19;;4;AVA;FLW;;LB,CT;227,73;228,19;>
2022-02-22;09:45:22;228,19;;35;AVA;FLW;;LB,CT;227,77;228,19;>
2022-02-22;09:45:05;227,9;;296;FLW;AVA;;LB,CT;227,88;228,42;>
2022-02-22;09:45:05;227,9;;25;NON;AVA;;LB,CT;227,88;228,42;<
2022-02-22;09:45:02;228,37;;17;AVA;FLW;;LB,CT;227,9;228,42;<
2022-02-22;09:44:55;228,35;;25;AVA;FLW;;LB,CT;227,91;228,42;<
2022-02-22;09:44:48;228,35;;15;AVA;DREU;;LB,CT;227,9;228,35;>
2022-02-22;09:44:06;227,91;;14;SSWM;AVA;;LB,CT;227,89;227,91;>
2022-02-22;09:43:55;227,91;;9;NON;AVA;;LB,CT;227,59;227,91;>
2022-02-22;09:43:55;227,83;;21;NON;AVA;;LB,CT;227,59;227,91;>
2022-02-22;09:43:24;227,83;;21;AVA;AVA;;LB,CT;227,64;227,83;>
2022-02-22;09:43:20;227,83;;7;AVA;AVA;;LB,CT;227,64;227,83;<
2022-02-22;09:43:06;227,91;;20;AVA;AVA;;LB,CT;227,91;228,31;<
2022-02-22;09:42:31;228,2;;26;AVA;DREU;;LB,CT;227,91;228,2;>
2022-02-22;09:42:20;228;;6;AVA;FLW;;LB,CT;227,91;228,18;<
2022-02-22;09:42:19;228,18;;2;AVA;DREU;;LB,CT;227,91;228,18;>
2022-02-22;09:41:44;227,91;;8;AVA;DREU;;LB,CT;227,59;227,91;>
2022-02-22;09:41:41;227,7;;21;AVA;DREU;;LB,CT;227,59;227,91;<
2022-02-22;09:41:41;227,7;;5;AVA;DREU;;LB,CT;227,59;227,91;<
2022-02-22;09:41:41;227,76;;1047;MSE;DREU;;LB,CT;227,59;227,91;<
2022-02-22;09:41:39;227,76;;1669;MSE;FLW;;LB,CT;227,76;227,77;<
2022-02-22;09:41:38;227,76;;593;MSE;SSWM;;LB,CT;227,76;227,77;<
2022-02-22;09:41:37;227,76;;2905;MSE;SSWM;;LB,CT;227,76;227,78;<
2022-02-22;09:41:36;227,76;;2131;MSE;SSWM;;LB,CT;227,76;227,81;<
2022-02-22;09:41:36;227,76;;1655;MSE;FLW;;LB,CT;227,77;227,87;<
2022-02-22;09:41:36;227,77;;14;AVA;FLW;;LB,CT;227,77;227,87;<
2022-02-22;09:41:32;227,77;;20;AVA;AVA;;LB,CT;227,77;227,95;<
2022-02-22;09:41:30;227,97;;35;AVA;SSWM;;LB,CT;227,77;227,97;>
2022-02-22;09:41:05;228;;6;AVA;SSWM;;LB,CT;228;228,04;<
2022-02-22;09:41:05;228;;467;NON;SSWM;;LB,CT;228;228,04;<
2022-02-22;09:40:59;228,22;;6;AVA;SSWM;;LB,CT;228;228,22;>
2022-02-22;09:40:51;228,04;;4;AVA;FLW;;LB,CT;228,04;228,22;<
2022-02-22;09:40:51;228,04;;44;AVA;FLW;;LB,CT;228,04;228,22;<
2022-02-22;09:40:51;228,06;;35;AVA;FLW;;LB,CT;228,06;228,22;<
2022-02-22;09:40:51;228,22;;3;NON;SSWM;;LB,CT;228,06;228,22;>
2022-02-22;09:40:41;228,36;;21;AVA;FLW;;LB,CT;228,04;228,38;<
2022-02-22;09:40:11;228,3;;457;AVA;SSWM;;LB,CT;228,04;228,35;<
2022-02-22;09:39:43;228,21;;13;SSWM;NON;;LB,CT;228,21;228,6;<
2022-02-22;09:39:30;228,28;;979;PAS;NON;;LB,CT;228,05;228,28;>
2022-02-22;09:39:28;228,28;;715;NON;NON;;LB,CT;228,11;228,28;>
2022-02-22;09:39:27;228,28;;2000;PAS;NON;;LB,CT;228,11;228,28;>
2022-02-22;09:39:22;228,28;;2996;PAS;NON;;LB,CT;228,1;228,28;>
2022-02-22;09:39:22;228,11;;4;PAS;AVA;;LB,CT;228,1;228,28;>
2022-02-22;09:38:27;228,21;;284;SSWM;AVA;;LB,CT;228,21;228,28;<
2022-02-22;09:38:27;228,28;;1669;FLW;NON;;LB,CT;228,2;228,28;>
2022-02-22;09:37:46;228,28;;4;AVA;NON;;LB,CT;228,04;228,28;>
2022-02-22;09:37:24;228,09;;46;NON;AVA;;LB,CT;228,15;228,28;<
2022-02-22;09:37:24;228,15;;45;AVA;AVA;;LB,CT;228,15;228,28;<
2022-02-22;09:37:24;228,28;;413;FLW;NON;;LB,CT;228,15;228,28;>
2022-02-22;09:37:24;228,21;;87;FLW;AVA;;LB,CT;228,15;228,28;>
2022-02-22;09:37:05;228,21;;50;NON;AVA;;LB,CT;228,21;228,62;<
2022-02-22;09:37:01;228,22;;18;SSWM;AVA;;LB,CT;228,22;228,63;<
2022-02-22;09:36:42;228,64;;100;NON;SSWM;;LB,CT;228,33;228,64;>
2022-02-22;09:36:23;228,41;;14;SSWM;AVA;;LB,CT;228,41;228,82;<
2022-02-22;09:36:09;228,4;;18;NON;NON;;LB,CT;228,4;228,61;>
2022-02-22;09:35:53;228,4;;1;AVA;NON;;LB,CT;228,15;228,4;>
2022-02-22;09:35:50;228,4;;1;AVA;NON;;LB,CT;228,4;228,48;<
2022-02-22;09:35:34;228,15;;27;AVA;NON;;LB,CT;228,15;228,43;<
2022-02-22;09:35:14;228,28;;5;AVA;FLW;;LB,CT;228,28;228,41;<
2022-02-22;09:35:00;228,04;;138;NON;AVA;;LB,CT;228,04;228,28;<
2022-02-22;09:34:57;228,28;;3;AVA;SSWM;;LB,CT;228,04;228,28;>
2022-02-22;09:34:19;228,32;;31;AVA;SSWM;;LB,CT;228;228,16;>
2022-02-22;09:34:19;228,16;;34;AVA;AVA;;LB,CT;228;228,16;>
2022-02-22;09:34:19;228,16;;6;AVA;AVA;;LB,CT;228;228,16;<
2022-02-22;09:33:25;228,16;;2;AVA;AVA;;LB,CT;228,16;228,27;<
2022-02-22;09:33:03;228,01;;77;SSWM;AVA;;LB,CT;228;228,01;>
2022-02-22;09:33:00;228,01;;50;AVA;AVA;;LB,CT;228;228,01;>
2022-02-22;09:32:54;228,01;;16;SSWM;AVA;;LB,CT;228,01;228,33;<
2022-02-22;09:32:50;228,33;;20;AVA;SSWM;;LB,CT;228;228,33;>
2022-02-22;09:32:43;228,26;;330;PAS;SSWM;;LB,CT;228;228,26;>
2022-02-22;09:32:30;228;;33;NON;AVA;;LB,CT;228;228,24;<
2022-02-22;09:31:58;228,01;;6;AVA;AVA;;LB,CT;228,01;228,51;<
2022-02-22;09:31:50;228,52;;10;AVA;FLW;;LB,CT;228,05;228,52;>
2022-02-22;09:31:37;228,6;;1;AVA;SSWM;;LB,CT;228,18;228,6;>
2022-02-22;09:31:23;228,58;;207;NON;SSWM;;LB,CT;228,18;228,63;<
2022-02-22;09:31:17;229,02;;4;AVA;DREU;;LB,CT;228,58;229,02;>
2022-02-22;09:30:52;228,58;;43;NON;AVA;;LB,CT;228,58;229,01;>
2022-02-22;09:30:13;228,02;;71;FLW;AVA;;LB,CT;228,02;228,54;<
2022-02-22;09:29:58;228,41;;245;AVA;FLW;;LB,CT;228,14;228,46;<
2022-02-22;09:29:55;228,41;;7;AVA;AVA;;LB,CT;228,41;228,49;<
2022-02-22;09:29:54;228,49;;4;AVA;SSWM;;LB,CT;228,41;228,49;>
2022-02-22;09:29:50;228,53;;111;AVA;SSWM;;LB,CT;228,41;228,53;>
2022-02-22;09:29:48;228,57;;5;AVA;SSWM;;LB,CT;228,41;228,57;>
2022-02-22;09:29:47;228,41;;6;AVA;AVA;;LB,CT;228,41;228,57;<
2022-02-22;09:29:32;228,41;;140;AVA;NON;;LB,CT;228,41;228,57;>
2022-02-22;09:29:32;228,4;;39;AVA;AVA;;LB,CT;228,41;228,57;>
2022-02-22;09:29:04;228,17;;42;FLW;AVA;;LB,CT;228,17;228,41;<
2022-02-22;09:29:00;228;;33;NON;AVA;;LB,CT;228;228,41;<
2022-02-22;09:29:00;228;;50;AVA;AVA;;LB,CT;228;228,41;<
2022-02-22;09:28:46;228;;2;FLW;AVA;;LB,CT;227,92;228;>
2022-02-22;09:28:31;228;;100;SWB;AVA;;LB,CT;227,77;228;<
2022-02-22;09:28:31;228,01;;137;SSWM;AVA;;LB,CT;227,77;228;<
2022-02-22;09:28:00;228,41;;60;NON;NON;;LB,CT;228,41;228,48;<
2022-02-22;09:27:58;228,41;;1;NON;AVA;;LB,CT;228,41;228,54;<
2022-02-22;09:27:51;228,57;;29;AVA;FLW;;LB,CT;228,41;228,63;<
2022-02-22;09:27:51;228,57;;13;AVA;AVA;;LB,CT;228,57;228,65;<
2022-02-22;09:27:42;228,57;;1;AVA;AVA;;LB,CT;228,57;228,67;<
2022-02-22;09:27:05;228,41;;17;NON;AVA;;LB,CT;228,41;228,6;>
2022-02-22;09:26:10;228,41;;1;AVA;FLW;;LB,CT;228,01;228,49;<
2022-02-22;09:26:05;228,41;;43;AVA;SSWM;;LB,CT;228;228,41;>
2022-02-22;09:25:55;228,4;;39;AVA;FLW;;LB,CT;227,91;228,54;<
2022-02-22;09:25:49;228,52;;4;AVA;FLW;;LB,CT;228,52;228,54;<
2022-02-22;09:25:45;228,54;;1;AVA;DREU;;LB,CT;227,91;228,54;>
2022-02-22;09:25:14;228,6;;1000;AVA;FLW;;LB,CT;228,04;228,76;<
2022-02-22;09:25:07;228,57;;2;AVA;FLW;;LB,CT;228,07;228,76;<
2022-02-22;09:25:02;228,72;;100;AVA;SSWM;;LB,CT;228,57;228,72;>
2022-02-22;09:24:38;227,97;;23;DREU;AVA;;LB,CT;227,97;228,54;<
2022-02-22;09:24:34;228,41;;87;AVA;FLW;;LB,CT;227,97;228,54;<
2022-02-22;09:24:29;228;;544;DREU;AVA;;LB,CT;227,7;228,54;<
2022-02-22;09:24:29;228,02;;334;FLW;AVA;;LB,CT;227,7;228,54;<
2022-02-22;09:23:57;227,7;;35;FLW;AVA;;LB,CT;227,6;228,19;>
2022-02-22;09:23:55;227,6;;19;DREU;AVA;;LB,CT;227,6;227,7;<
2022-02-22;09:23:55;227,6;;1;AVA;AVA;;LB,CT;227,6;227,7;<
2022-02-22;09:23:49;227,6;;935;FLW;AVA;;LB,CT;227,59;227,6;>
2022-02-22;09:23:31;227,6;;1261;SSWM;AVA;;LB,CT;227,59;227,6;>
2022-02-22;09:23:06;227,6;;6;SSWM;AVA;;LB,CT;227,59;227,6;>
2022-02-22;09:22:54;227,59;;94;AVA;AVA;;LB,CT;227,59;227,6;<
2022-02-22;09:22:48;227,7;;8;AVA;AVA;;LB,CT;227,59;227,7;>
2022-02-22;09:22:47;227,7;;150;NON;AVA;;LB,CT;227,59;227,7;>
2022-02-22;09:22:30;227,7;;19;AVA;AVA;;LB,CT;227,59;227,7;<
2022-02-22;09:22:23;227,7;;2;AVA;AVA;;LB,CT;227,7;228,06;<
2022-02-22;09:22:10;227,99;;80;SWB;SSWM;;LB,CT;227,6;227,99;>
2022-02-22;09:22:09;227,6;;154;SSWM;AVA;;LB,CT;227,89;227,99;<
2022-02-22;09:22:09;227,89;;21;AVA;AVA;;LB,CT;227,89;227,99;<
2022-02-22;09:21:43;228,03;;175;AVA;SSWM;;LB,CT;227,59;228,03;>
2022-02-22;09:21:41;228,03;;17;AVA;SSWM;;LB,CT;227,59;228,03;>
2022-02-22;09:21:36;228,03;;90;NON;SSWM;;LB,CT;227,59;228,03;>
2022-02-22;09:21:32;228,03;;209;AVA;SSWM;;LB,CT;227,8;228,03;>
2022-02-22;09:21:08;228,17;;219;AVA;SSWM;;LB,CT;227,61;228,17;>
2022-02-22;09:20:57;227,6;;10;AVA;AVA;;LB,CT;227,6;228,17;<
2022-02-22;09:20:52;227,6;;10;FLW;AVA;;LB,CT;227,59;227,6;>
2022-02-22;09:20:39;228,17;;3;AVA;SSWM;;LB,CT;227,65;228,17;>
2022-02-22;09:20:25;228,38;;2;AVA;SSWM;;LB,CT;227,87;228,38;>
2022-02-22;09:20:24;227,69;;670;DREU;AVA;;LB,CT;227,73;228,38;<
2022-02-22;09:20:24;228;;1;AVA;AVA;;LB,CT;227,73;228,38;<
2022-02-22;09:20:24;228;;7;AVA;AVA;;LB,CT;227,73;228,38;<
2022-02-22;09:20:24;228;;1822;AVA;AVA;;LB,CT;227,73;228,38;<
2022-02-22;09:20:22;228;;5;AVA;AVA;;LB,CT;228;228,38;<
2022-02-22;09:20:09;228;;95;AVA;AVA;;LB,CT;228;228,18;<
2022-02-22;09:20:04;228;;4;AVA;AVA;;LB,CT;228;228,18;<
2022-02-22;09:19:46;228,2;;10;AVA;SSWM;;LB,CT;228;228,2;>
2022-02-22;09:19:35;228;;1669;AVA;FLW;;LB,CT;228;228,23;<
2022-02-22;09:19:29;228;;48;AVA;AVA;;LB,CT;228;228,23;>
2022-02-22;09:19:29;228;;208;AVA;AVA;;LB,CT;228;228,23;>
2022-02-22;09:19:23;227,99;;614;NON;SSWM;;LB,CT;227,59;227,99;>
2022-02-22;09:19:09;228;;43;AVA;AVA;;LB,CT;227,62;228;>
2022-02-22;09:18:37;228;;45;AVA;AVA;;LB,CT;227,71;228;>
2022-02-22;09:18:26;228;;101;SWB;AVA;;LB,CT;227,71;228;>
2022-02-22;09:18:26;228;;33;SWB;SWB;;LB,CT;227,71;228;>
2022-02-22;09:18:25;228;;43;AVA;AVA;;LB,CT;227,71;228;>
2022-02-22;09:18:18;227,72;;1101;DREU;UBS;;LB,CT;227,75;228;<
2022-02-22;09:18:18;227,74;;334;FLW;UBS;;LB,CT;227,75;228;<
2022-02-22;09:18:18;227,75;;345;SSWM;UBS;;LB,CT;227,75;228;<
2022-02-22;09:18:16;227,63;;172;SSWM;AVA;;LB,CT;227,63;228;<
2022-02-22;09:17:57;227,99;;20;AVA;SSWM;;LB,CT;227,7;228;>
2022-02-22;09:17:54;227,76;;80;FLW;AVA;;LB,CT;227,7;228;>
2022-02-22;09:17:48;227,73;;23;SSWM;AVA;;LB,CT;227,73;228;<
2022-02-22;09:17:40;227,73;;6;FLW;AVA;;LB,CT;227,69;228;>
2022-02-22;09:17:39;227,76;;10;FLW;AVA;;LB,CT;227,69;228;>
2022-02-22;09:17:37;227,76;;5;FLW;NON;;LB,CT;227,71;228;>
2022-02-22;09:17:32;228;;8;AVA;AVA;;LB,CT;227,76;228;>
2022-02-22;09:17:31;227,76;;153;SSWM;AVA;;LB,CT;227,76;228;<
2022-02-22;09:17:03;227,59;;22;FLW;AVA;;LB,CT;227,59;227,99;>
2022-02-22;09:17:03;227,59;;21;AVA;AVA;;LB,CT;227,59;227,99;<
2022-02-22;09:16:37;228;;1;AVA;AVA;;LB,CT;227,69;228;>
2022-02-22;09:16:37;228;;5;AVA;AVA;;LB,CT;227,69;228;>
2022-02-22;09:16:35;227,59;;10;AVA;AVA;;LB,CT;227,59;228;<
2022-02-22;09:16:23;228;;1;AVA;AVA;;LB,CT;227,59;228;>
2022-02-22;09:16:10;228,06;;1;AVA;SSWM;;LB,CT;227,59;228,06;>
2022-02-22;09:16:07;228;;22;AVA;SSWM;;LB,CT;228;228,06;<
2022-02-22;09:16:07;228;;4;AVA;SSWM;;LB,CT;228;228,06;<
2022-02-22;09:16:07;228;;50;AVA;SSWM;;LB,CT;228;228,06;<
2022-02-22;09:16:03;228,14;;1460;MSE;FLW;;LB,CT;228;228,22;<
2022-02-22;09:16:03;228,15;;2;AVA;FLW;;LB,CT;228;228,22;<
2022-02-22;09:16:00;228,22;;90;AVA;FLW;;LB,CT;228,22;228,47;<
2022-02-22;09:15:55;228,45;;25;AVA;FLW;;LB,CT;228,22;228,47;<
2022-02-22;09:15:46;228,45;;43;AVA;FLW;;LB,CT;228,23;228,53;<
2022-02-22;09:15:46;228,45;;1;AVA;FLW;;LB,CT;228,23;228,53;<
2022-02-22;09:15:46;228,45;;2;AVA;AVA;;LB,CT;228,23;228,53;>
2022-02-22;09:15:44;228,23;;90;SSWM;NON;;LB,CT;228,23;228,45;<
2022-02-22;09:15:27;228,22;;10;AVA;AVA;;LB,CT;228,14;228,22;>
2022-02-22;09:15:24;228,14;;11;MSE;AVA;;LB,CT;228,14;228,22;<
2022-02-22;09:15:23;228,14;;2000;MSE;UBS;;LB,CT;228,14;228,22;<
2022-02-22;09:15:19;228,14;;2000;MSE;UBS;;LB,CT;228,14;228,2;<
2022-02-22;09:15:08;228,14;;12;MSE;AVA;;LB,CT;228,14;228,22;<
2022-02-22;09:15:03;228,14;;4517;MSE;UBS;;LB,CT;228,14;228,34;<
2022-02-22;09:15:03;228,22;;2;AVA;UBS;;LB,CT;228,14;228,34;<
2022-02-22;09:15:03;228,22;;90;AVA;UBS;;LB,CT;228,14;228,34;<
2022-02-22;09:15:00;228,35;;7;AVA;FLW;;LB,CT;228,22;228,35;>
2022-02-22;09:14:59;228,33;;4;AVA;FLW;;LB,CT;228,22;228,33;>
2022-02-22;09:14:52;228,22;;12;AVA;AVA;;LB,CT;228,22;228,45;<
2022-02-22;09:14:47;228,43;;10;AVA;FLW;;LB,CT;228,22;228,45;<
2022-02-22;09:14:40;228,22;;4;AVA;AVA;;LB,CT;228,22;228,45;<
2022-02-22;09:14:36;228,22;;15;AVA;AVA;;LB,CT;228,22;228,42;<
2022-02-22;09:14:27;228,45;;20;AVA;FLW;;LB,CT;228,22;228,64;<
2022-02-22;09:14:27;228,45;;11;AVA;FLW;;LB,CT;228,22;228,64;<
2022-02-22;09:14:15;228,73;;17;NON;SSWM;;LB,CT;228,45;228,74;>
2022-02-22;09:14:12;228,8;;90;NON;SSWM;;LB,CT;228,8;228,87;<
2022-02-22;09:14:12;228,8;;6;AVA;SSWM;;LB,CT;228,8;228,87;<
2022-02-22;09:14:12;228,8;;561;AVA;SSWM;;LB,CT;228,8;228,87;<
2022-02-22;09:14:12;228,84;;250;AVA;FLW;;LB,CT;228,8;228,98;<
2022-02-22;09:14:06;229;;7;NON;FLW;;LB,CT;229;229,17;<
2022-02-22;09:14:01;229;;13;NON;NON;;LB,CT;229;229,13;<
2022-02-22;09:14:01;229,09;;17;AVA;NON;;LB,CT;229;229,13;<
2022-02-22;09:13:19;228,8;;7;AVA;AVA;;LB,CT;228,52;228,8;>
2022-02-22;09:13:12;228,51;;1382;DREU;AVA;;LB,CT;228,52;228,8;<
2022-02-22;09:13:12;228,52;;281;SSWM;AVA;;LB,CT;228,52;228,8;<
2022-02-22;09:13:11;228,58;;386;FLW;AVA;;LB,CT;228,51;228,58;>
2022-02-22;09:13:10;228,58;;41;AVA;AVA;;LB,CT;228,51;228,58;>
2022-02-22;09:13:10;228,5;;350;DREU;PAS;;LB,CT;228,51;228,58;<
2022-02-22;09:13:06;228,6;;17;AVA;AVA;;LB,CT;228,6;228,8;<
2022-02-22;09:13:06;228,66;;2500;DREU;SWB;;LB,CT;228,6;228,8;>
2022-02-22;09:13:01;228,8;;8;AVA;AVA;;LB,CT;228,6;228,8;>
2022-02-22;09:13:00;228,8;;10;NON;AVA;;LB,CT;228,6;228,8;>
2022-02-22;09:12:55;228,8;;65;AVA;AVA;;LB,CT;228,6;228,8;>
2022-02-22;09:12:54;228,6;;4;AVA;AVA;;LB,CT;228,58;228,8;<
2022-02-22;09:12:43;228,8;;10;NON;AVA;;LB,CT;228,46;228,8;>
2022-02-22;09:12:34;228,66;;7;DREU;AVA;;LB,CT;228,66;228,8;<
2022-02-22;09:12:15;228,23;;21;SSWM;AVA;;LB,CT;228,22;228,23;>
2022-02-22;09:12:11;228,45;;1;AVA;AVA;;LB,CT;228,22;228,23;<
2022-02-22;09:12:10;228,45;;4;AVA;AVA;;LB,CT;228,29;228,45;>
2022-02-22;09:12:03;228,22;;8;AVA;AVA;;LB,CT;228,22;228,45;<
2022-02-22;09:11:37;228,23;;98;SSWM;AVA;;LB,CT;228,22;228,23;>
2022-02-22;09:11:34;228,22;;21;AVA;AVA;;LB,CT;228,22;228,23;<
2022-02-22;09:11:26;228,23;;7;AVA;AVA;;LB,CT;228,22;228,23;>
2022-02-22;09:11:10;228,53;;43;AVA;SSWM;;LB,CT;228,22;228,53;>
2022-02-22;09:11:05;228,42;;10;AVA;FLW;;LB,CT;228,22;228,47;<
2022-02-22;09:11:05;228,43;;64;AVA;FLW;;LB,CT;228,22;228,47;<
2022-02-22;09:11:05;228,45;;23;NON;FLW;;LB,CT;228,43;228,73;<
2022-02-22;09:11:01;228,79;;12;AVA;SSWM;;LB,CT;228,45;228,77;>
2022-02-22;09:11:00;228,6;;188;AVA;FLW;;LB,CT;228,45;228,79;<
2022-02-22;09:10:58;228,6;;40;AVA;AVA;;LB,CT;228,6;228,79;<
2022-02-22;09:10:56;228,6;;131;AVA;AVA;;LB,CT;228,6;228,79;<
2022-02-22;09:10:54;228,6;;74;AVA;AVA;;LB,CT;228,6;228,79;<
2022-02-22;09:10:50;228,79;;5;AVA;SSWM;;LB,CT;228,6;228,79;>
2022-02-22;09:10:42;228,79;;7;AVA;SSWM;;LB,CT;228,6;228,79;>
2022-02-22;09:10:33;228,6;;59;AVA;AVA;;LB,CT;228,6;228,79;<
2022-02-22;09:10:32;228,79;;43;AVA;SSWM;;LB,CT;228,6;228,79;>
2022-02-22;09:10:31;228,6;;8;AVA;NON;;LB,CT;228,6;228,79;<
2022-02-22;09:10:21;228,82;;43;AVA;SSWM;;LB,CT;228,6;228,82;>
2022-02-22;09:10:15;228,45;;8;NON;AVA;;LB,CT;228,45;228,82;<
2022-02-22;09:10:13;228,45;;6;NON;NON;;LB,CT;228,45;228,82;<
2022-02-22;09:09:52;228,45;;13;NON;AVA;;LB,CT;228,45;228,85;<
2022-02-22;09:09:38;228,45;;49;DREU;AVA;;LB,CT;228,45;228,94;<
2022-02-22;09:09:17;228,43;;10;AVA;AVA;;LB,CT;228,43;228,9;>
2022-02-22;09:09:16;228,42;;58;DREU;AVA;;LB,CT;228,42;228,43;>
2022-02-22;09:09:13;228,41;;57;SSWM;AVA;;LB,CT;228,37;228,42;>
2022-02-22;09:09:13;228,41;;5;SSWM;NON;;LB,CT;228,37;228,42;>
2022-02-22;09:09:13;228,41;;120;SSWM;NON;;LB,CT;228,37;228,42;>
2022-02-22;09:09:11;228,41;;13;AVA;AVA;;LB,CT;228,31;228,41;>
2022-02-22;09:08:55;228,41;;8;SSWM;AVA;;LB,CT;228,41;228,43;<
2022-02-22;09:08:52;228,22;;175;FLW;AVA;;LB,CT;228,17;228,43;>
2022-02-22;09:08:42;228,18;;160;DREU;AVA;;LB,CT;228,18;228,22;<
2022-02-22;09:08:36;228,86;;43;AVA;FLW;;LB,CT;228,18;228,87;<
2022-02-22;09:08:33;228,86;;8;AVA;FLW;;LB,CT;228,51;228,87;<
2022-02-22;09:08:32;228,51;;49;SSWM;NON;;LB,CT;228,51;228,87;<
2022-02-22;09:08:26;228,86;;500;NON;SSWM;;LB,CT;228,18;228,86;>
2022-02-22;09:08:24;228,22;;4;DREU;AVA;;LB,CT;228,22;228,89;<
2022-02-22;09:08:12;228,87;;100;NON;FLW;;LB,CT;228,32;228,95;<
2022-02-22;09:08:09;228,38;;143;DREU;AVA;;LB,CT;228,32;228,95;<
2022-02-22;09:07:54;228,34;;18;DREU;AVA;;LB,CT;228,09;228,77;>
2022-02-22;09:07:54;228,34;;6;DREU;AVA;;LB,CT;228,09;228,77;>
2022-02-22;09:07:54;228,08;;789;DREU;AVA;;LB,CT;228,09;228,77;>
2022-02-22;09:07:41;228,34;;43;AVA;AVA;;LB,CT;228;228,34;>
2022-02-22;09:07:40;228,34;;8;AVA;AVA;;LB,CT;228;228,34;>
2022-02-22;09:07:40;228,26;;11;DREU;AVA;;LB,CT;228;228,34;<
2022-02-22;09:07:39;228,34;;5;AVA;AVA;;LB,CT;228,26;228,34;>
2022-02-22;09:07:39;228,34;;175;AVA;AVA;;LB,CT;228,26;228,34;>
2022-02-22;09:07:26;228,08;;150;DREU;SHB;;LB,CT;228,08;228,34;<
2022-02-22;09:07:11;228,24;;438;DREU;AVA;;LB,CT;228,24;228,72;>
2022-02-22;09:07:11;228,23;;98;FLW;NON;;LB,CT;228,16;228,23;>
2022-02-22;09:07:06;228,14;;441;FLW;AVA;;LB,CT;227,92;228,23;>
2022-02-22;09:07:06;228,14;;26;AVA;AVA;;LB,CT;227,92;228,23;<
2022-02-22;09:06:58;228,23;;2;AVA;NON;;LB,CT;228,14;228,23;>
2022-02-22;09:06:32;228,14;;7;FLW;AVA;;LB,CT;228,13;228,24;>
2022-02-22;09:06:31;228,14;;25;AVA;AVA;;LB,CT;228,1;228,14;>
2022-02-22;09:06:19;227,79;;320;DREU;SWB;;LB,CT;227,79;228,23;<
2022-02-22;09:06:07;227,87;;500;DREU;IEGG;;LB,CT;227,87;228,24;<
2022-02-22;09:06:02;227,89;;46;FLW;AVA;;LB,CT;227,87;228,24;>
2022-02-22;09:05:57;227,97;;284;FLW;SHB;;LB,CT;227,98;228,24;<
2022-02-22;09:05:57;228,01;;2988;DREU;SHB;;LB,CT;227,98;228,24;<
2022-02-22;09:05:57;227,59;;46;AVA;SHB;;LB,CT;227,98;228,24;<
2022-02-22;09:05:57;227,64;;8;AVA;SHB;;LB,CT;227,98;228,24;<
2022-02-22;09:05:57;227,72;;351;AVA;SHB;;LB,CT;227,98;228,24;<
2022-02-22;09:05:57;227,97;;334;FLW;SHB;;LB,CT;227,98;228,24;<
2022-02-22;09:05:57;228,04;;2988;DREU;SHB;;LB,CT;227,98;228,24;<
2022-02-22;09:05:49;227,77;;342;DREU;AVA;;LB,CT;227,77;228,24;<
2022-02-22;09:05:48;228,15;;53;DREU;AVA;;LB,CT;227,77;228,24;>
2022-02-22;09:05:48;228,14;;9;DREU;AVA;;LB,CT;227,77;228,24;>
2022-02-22;09:05:48;228,14;;437;DREU;AVA;;LB,CT;227,77;228,24;>
2022-02-22;09:05:48;228,1;;28;DREU;AVA;;LB,CT;227,77;228,24;>
2022-02-22;09:05:48;228,08;;105;DREU;AVA;;LB,CT;227,77;228,24;>
2022-02-22;09:05:48;228,08;;423;DREU;AVA;;LB,CT;227,77;228,24;>
2022-02-22;09:05:48;228,08;;340;DREU;AVA;;LB,CT;227,77;228,24;>
2022-02-22;09:05:40;227,78;;7;DREU;AVA;;LB,CT;227,77;228,08;<
2022-02-22;09:05:30;227,63;;25;DREU;AVA;;LB,CT;227,63;228,08;<
2022-02-22;09:05:28;227,63;;72;DREU;AVA;;LB,CT;227,63;228,08;<
2022-02-22;09:05:27;228,08;;10;NON;AVA;;LB,CT;227,63;228,08;>
2022-02-22;09:05:24;227,72;;21;FLW;AVA;;LB,CT;227,63;228,08;>
2022-02-22;09:05:23;227,63;;10;DREU;AVA;;LB,CT;227,63;227,72;<
2022-02-22;09:05:20;227,63;;92;DREU;AVA;;LB,CT;227,63;227,72;<
2022-02-22;09:05:14;227,63;;60;DREU;AVA;;LB,CT;227,63;227,72;<
2022-02-22;09:05:07;227,72;;15;DREU;AVA;;LB,CT;227,72;227,86;<
2022-02-22;09:04:50;227,86;;35;DREU;AVA;;LB,CT;227,85;228,08;<
2022-02-22;09:04:37;227,8;;51;FLW;AVA;;LB,CT;227,59;228,08;>
2022-02-22;09:04:37;227,6;;129;FLW;AVA;;LB,CT;227,6;227,8;>
2022-02-22;09:04:37;227,6;;35;AVA;AVA;;LB,CT;227,6;227,8;<
2022-02-22;09:04:24;227,8;;22;AVA;AVA;;LB,CT;227,8;228,08;<
2022-02-22;09:04:03;228,08;;150;NON;AVA;;LB,CT;227,63;228,08;>
2022-02-22;09:04:03;228,08;;21;AVA;AVA;;LB,CT;227,63;228,08;<
2022-02-22;09:04:03;228,08;;50;AVA;AVA;;LB,CT;227,63;228,08;<
2022-02-22;09:04:01;228,08;;15;AVA;AVA;;LB,CT;228,08;228,1;<
2022-02-22;09:03:57;228,08;;32;AVA;AVA;;LB,CT;228,08;228,1;>
2022-02-22;09:03:56;228,08;;43;AVA;AVA;;LB,CT;227,72;228,08;>
2022-02-22;09:03:48;227,58;;69;DREU;AVA;;LB,CT;227,58;228,08;<
2022-02-22;09:03:45;227,58;;237;DREU;AVA;;LB,CT;227,58;228,08;<
2022-02-22;09:03:44;227,59;;2500;DREU;AVA;;LB,CT;227,58;228,08;>
2022-02-22;09:03:38;227,59;;21;FLW;AVA;;LB,CT;227,58;228,08;>
2022-02-22;09:03:33;228,01;;511;DREU;AVA;;LB,CT;227,58;228,01;>
2022-02-22;09:03:33;228,01;;38;DREU;AVA;;LB,CT;227,58;228,01;>
2022-02-22;09:03:33;227,75;;514;DREU;UBS;;LB,CT;227,58;228,01;>
2022-02-22;09:03:32;227,59;;12;FLW;AVA;;LB,CT;227,58;228,01;>
2022-02-22;09:03:32;227,59;;19;SSWM;AVA;;LB,CT;227,58;228,01;<
2022-02-22;09:03:29;227,59;;131;SSWM;AVA;;LB,CT;227,59;228,01;<
2022-02-22;09:03:26;227,59;;5;SSWM;AVA;;LB,CT;227,59;228,01;<
2022-02-22;09:03:22;227,59;;47;SSWM;NON;;LB,CT;227,59;228,01;<
2022-02-22;09:03:21;227,72;;5;FLW;AVA;;LB,CT;227,59;228,01;>
2022-02-22;09:03:20;227,59;;7;SSWM;AVA;;LB,CT;227,59;228,01;<
2022-02-22;09:03:20;227,59;;20;SSWM;AVA;;LB,CT;227,59;228,01;<
2022-02-22;09:03:19;228;;44;AVA;AVA;;LB,CT;227,59;228,01;>
2022-02-22;09:03:17;227,54;;9;SSWM;AVA;;LB,CT;227,54;228;<
2022-02-22;09:03:13;227,77;;227;FLW;AVA;;LB,CT;227,54;228;>
2022-02-22;09:03:09;228;;3;AVA;AVA;;LB,CT;227,54;228;>
2022-02-22;09:03:08;227,72;;15;FLW;AVA;;LB,CT;227,54;227,72;>
2022-02-22;09:03:08;227,72;;182;FLW;AVA;;LB,CT;227,54;227,72;>
2022-02-22;09:03:05;228;;1;AVA;AVA;;LB,CT;227,54;228;>
2022-02-22;09:03:03;228;;2;AVA;AVA;;LB,CT;227,54;228;>
2022-02-22;09:03:03;228;;98;AVA;AVA;;LB,CT;227,54;228;>
2022-02-22;09:03:02;227,8;;190;SSWM;NON;;LB,CT;227,8;228;<
2022-02-22;09:03:01;228;;7;AVA;AVA;;LB,CT;227,72;228;>
2022-02-22;09:02:56;228;;4;AVA;AVA;;LB,CT;227,72;228;>
2022-02-22;09:02:34;228;;21;AVA;AVA;;LB,CT;227,64;228;<
2022-02-22;09:02:34;228;;1222;AVA;AVA;;LB,CT;227,64;228;<
2022-02-22;09:02:33;228;;30;AVA;AVA;;LB,CT;228;228,01;<
2022-02-22;09:02:32;228;;100;AVA;AVA;;LB,CT;228;228,01;<
2022-02-22;09:02:24;228;;150;AVA;IEGG;;LB,CT;228;228,01;<
2022-02-22;09:02:23;228,01;;17;NON;AVA;;LB,CT;228;228,01;<
2022-02-22;09:02:14;228,08;;50;AVA;AVA;;LB,CT;228,01;228,08;>
2022-02-22;09:02:10;228,01;;213;NON;AVA;;LB,CT;228,01;228,08;<
2022-02-22;09:02:09;228;;1100;AVA;NON;;LB,CT;228;228,08;<
2022-02-22;09:02:08;228;;4;AVA;AVA;;LB,CT;228;228,08;<
2022-02-22;09:02:07;228;;2;AVA;AVA;;LB,CT;228;228,08;<
2022-02-22;09:02:03;228;;100;AVA;AVA;;LB,CT;228;228,06;<
2022-02-22;09:02:01;228;;40;AVA;AVA;;LB,CT;228;228,08;<
2022-02-22;09:01:53;227,99;;393;AVA;NON;;LB,CT;228;228,08;>
2022-02-22;09:01:53;227,92;;209;AVA;AVA;;LB,CT;228;228,08;>
2022-02-22;09:01:48;227,66;;77;SSWM;AVA;;LB,CT;227,66;227,99;<
2022-02-22;09:01:48;227,92;;43;AVA;AVA;;LB,CT;227,66;227,99;<
2022-02-22;09:01:38;227,99;;87;AVA;NON;;LB,CT;227,92;227,99;>
2022-02-22;09:01:36;227,99;;10;AVA;NON;;LB,CT;227,92;227,99;>
2022-02-22;09:01:35;228,08;;207;AVA;NON;;LB,CT;227,92;227,99;<
2022-02-22;09:01:32;228,08;;73;AVA;AVA;;LB,CT;228,08;228,1;<
2022-02-22;09:01:32;228,08;;21;AVA;AVA;;LB,CT;228,08;228,1;>
2022-02-22;09:01:32;228;;159;AVA;NON;;LB,CT;228,08;228,1;>
2022-02-22;09:01:28;227,89;;2224;DREU;AVA;;LB,CT;227,89;228;<
2022-02-22;09:01:23;228;;41;NON;NON;;LB,CT;227,93;228;>
2022-02-22;09:01:20;227,93;;135;DREU;AVA;;LB,CT;227,94;228,08;<
2022-02-22;09:01:19;228;;33;SSWM;AVA;;LB,CT;228;228,08;<
2022-02-22;09:01:13;228;;4;SSWM;NON;;LB,CT;227,99;228;>
2022-02-22;09:01:13;228;;20;SSWM;AVA;;LB,CT;227,99;228;>
2022-02-22;09:01:10;227,92;;18;SSWM;AVA;;LB,CT;227,87;227,92;>
2022-02-22;09:01:10;227,92;;200;SSWM;AVA;;LB,CT;227,87;227,92;>
2022-02-22;09:01:09;227,85;;5;NON;AVA;;LB,CT;227,69;227,85;>
2022-02-22;09:01:09;227,85;;1;NON;AVA;;LB,CT;227,69;227,85;>
2022-02-22;09:01:03;227,6;;27;SSWM;AVA;;LB,CT;227,6;227,85;<
2022-02-22;09:01:01;227,6;;55;SSWM;AVA;;LB,CT;227,6;227,85;<
2022-02-22;09:01:01;227,6;;5;SSWM;AVA;;LB,CT;227,6;227,85;<
2022-02-22;09:01:01;227,6;;2400;SSWM;NON;;LB,CT;227,6;227,85;<
2022-02-22;09:00:59;227,45;;30;SSWM;AVA;;LB,CT;227,45;227,7;<
2022-02-22;09:00:57;227,48;;52;SSWM;AVA;;LB,CT;227,48;227,7;<
2022-02-22;09:00:54;227,56;;112;SSWM;AVA;;LB,CT;227,53;227,55;>
2022-02-22;09:00:54;227,55;;9;FLW;AVA;;LB,CT;227,53;227,55;>
2022-02-22;09:00:54;227,55;;11;FLW;AVA;;LB,CT;227,53;227,55;>
2022-02-22;09:00:53;227,52;;40;SSWM;AVA;;LB,CT;227,52;227,55;<
2022-02-22;09:00:34;227,85;;303;AVA;NON;;LB,CT;227,47;227,7;<
2022-02-22;09:00:32;227,85;;121;AVA;AVA;;LB,CT;227,85;227,92;<
2022-02-22;09:00:32;227,85;;200;AVA;AVA;;LB,CT;227,85;227,92;<
2022-02-22;09:00:29;227,7;;337;AVA;BBI;;LB,CT;227,85;227,92;>
2022-02-22;09:00:26;227,7;;40;AVA;BBI;;LB,CT;227,41;227,7;>
2022-02-22;09:00:26;227,7;;60;AVA;BBI;;LB,CT;227,41;227,7;>
2022-02-22;09:00:26;227,7;;100;AVA;BBI;;LB,CT;227,41;227,7;>
2022-02-22;09:00:25;227,7;;25;AVA;BBI;CROS;LB,OA;227,4;227,7;
2022-02-22;09:00:25;227,7;;438;AVA;BBI;CROS;LB,OA;227,4;227,7;
2022-02-22;09:00:25;227,7;;9;AVA;AVA;CROS;LB,OA;227,4;227,7;
2022-02-22;09:00:25;227,7;;3;AVA;NON;CROS;LB,OA;227,4;227,7;
2022-02-22;09:00:25;227,7;;17;AVA;NON;CROS;LB,OA;227,4;227,7;
2022-02-22;09:00:25;227,7;;26;AVA;IEGG;CROS;LB,OA;227,4;227,7;
2022-02-22;09:00:25;227,7;;20;NON;IEGG;CROS;LB,OA;227,4;227,7;
2022-02-22;09:00:25;227,7;;43;AVA;IEGG;CROS;LB,OA;227,4;227,7;
2022-02-22;09:00:25;227,7;;17;AVA;IEGG;CROS;LB,OA;227,4;227,7;
2022-02-22;09:00:25;227,7;;20;AVA;IEGG;CROS;LB,OA;227,4;227,7;
2022-02-22;09:00:25;227,7;;50;SWB;IEGG;CROS;LB,OA;227,4;227,7;
2022-02-22;09:00:25;227,7;;20;NON;IEGG;CROS;LB,OA;227,4;227,7;
2022-02-22;09:00:25;227,7;;33;AVA;IEGG;CROS;LB,OA;227,4;227,7;
2022-02-22;09:00:25;227,7;;37;NON;IEGG;CROS;LB,OA;227,4;227,7;
2022-02-22;09:00:25;227,7;;45;AVA;IEGG;CROS;LB,OA;227,4;227,7;
2022-02-22;09:00:25;227,7;;80;AVA;IEGG;CROS;LB,OA;227,4;227,7;
2022-02-22;09:00:25;227,7;;45;NON;IEGG;CROS;LB,OA;227,4;227,7;
2022-02-22;09:00:25;227,7;;32;NON;IEGG;CROS;LB,OA;227,4;227,7;
2022-02-22;09:00:25;227,7;;200;NON;IEGG;CROS;LB,OA;227,4;227,7;
2022-02-22;09:00:25;227,7;;12;AVA;IEGG;CROS;LB,OA;227,4;227,7;
2022-02-22;09:00:25;227,7;;3;AVA;IEGG;CROS;LB,OA;227,4;227,7;
2022-02-22;09:00:25;227,7;;2;AVA;IEGG;CROS;LB,OA;227,4;227,7;
2022-02-22;09:00:25;227,7;;20;AVA;IEGG;CROS;LB,OA;227,4;227,7;
2022-02-22;09:00:25;227,7;;72;AVA;IEGG;CROS;LB,OA;227,4;227,7;
2022-02-22;09:00:25;227,7;;1;AVA;IEGG;CROS;LB,OA;227,4;227,7;
2022-02-22;09:00:25;227,7;;4;AVA;IEGG;CROS;LB,OA;227,4;227,7;
2022-02-22;09:00:25;227,7;;10;AVA;IEGG;CROS;LB,OA;227,4;227,7;
2022-02-22;09:00:25;227,7;;3;AVA;IEGG;CROS;LB,OA;227,4;227,7;
2022-02-22;09:00:25;227,7;;3;AVA;IEGG;CROS;LB,OA;227,4;227,7;
2022-02-22;09:00:25;227,7;;202;AVA;IEGG;CROS;LB,OA;227,4;227,7;
2022-02-22;09:00:25;227,7;;1492;-;-;AUCT;LB,OA;227,7;227,7;
