2022-02-22;17:29:10;7,89;;1000;NON;AVA;;LB,CT;7,87;7,89;>
2022-02-22;17:28:52;7,89;;15619;NON;AVA;;LB,CT;7,87;7,89;>
2022-02-22;17:28:52;7,89;;10344;NON;AVA;;LB,CT;7,8;7,89;>
2022-02-22;17:28:51;7,89;;300;AVA;AVA;;LB,CT;7,89;7,95;<
2022-02-22;17:27:54;7,95;;125;AVA;NON;;LB,CT;7,88;7,95;>
2022-02-22;17:27:46;7,91;;35;AVA;AVA;;LB,CT;7,87;7,91;>
2022-02-22;17:27:25;7,91;;63;AVA;AVA;;LB,CT;7,88;7,91;>
2022-02-22;17:25:47;7,86;;3562;NON;AVA;;LB,CT;7,86;7,91;<
2022-02-22;17:25:11;7,91;;65;AVA;AVA;;LB,CT;7,86;7,91;>
2022-02-22;17:23:53;7,91;;300;NON;AVA;;LB,CT;7,86;7,91;>
2022-02-22;17:23:35;7,91;;3792;AVA;AVA;;LB,CT;7,86;7,91;>
2022-02-22;17:23:05;7,91;;595;AVA;AVA;;LB,CT;7,91;7,92;<
2022-02-22;17:22:32;7,91;;37;AVA;AVA;;LB,CT;7,86;7,91;>
2022-02-22;17:22:05;7,91;;63;AVA;AVA;;LB,CT;7,86;7,91;<
2022-02-22;17:21:13;7,84;;2008;NON;AVA;;LB,CT;7,84;7,9;<
2022-02-22;17:20:50;7,82;;277;NON;NON;;LB,CT;7,89;7,9;<
2022-02-22;17:20:50;7,85;;162;NON;NON;;LB,CT;7,89;7,9;<
2022-02-22;17:20:50;7,89;;61;AVA;NON;;LB,CT;7,89;7,9;<
2022-02-22;17:20:44;7,89;;1997;AVA;NON;;LB,CT;7,85;7,89;>
2022-02-22;17:20:44;7,89;;1942;AVA;AVA;;LB,CT;7,85;7,89;>
2022-02-22;17:20:03;7,89;;253;AVA;AVA;;LB,CT;7,85;7,89;>
2022-02-22;17:19:13;7,85;;2038;NON;AVA;;LB,CT;7,82;7,85;>
2022-02-22;17:18:56;7,82;;1278;NON;AVA;;LB,CT;7,82;7,85;<
2022-02-22;17:18:24;7,83;;665;NON;AVA;;LB,CT;7,83;7,85;<
2022-02-22;17:18:16;7,83;;54;NON;AVA;;LB,CT;7,83;7,85;<
2022-02-22;17:18:09;7,85;;250;AVA;AVA;;LB,CT;7,85;7,89;<
2022-02-22;17:16:03;7,91;;200;AVA;MGF;;LB,CT;7,85;7,91;>
2022-02-22;17:15:16;7,91;;8;AVA;MGF;;LB,CT;7,88;7,91;>
2022-02-22;17:14:17;7,94;;188;AVA;MGF;;LB,CT;7,87;7,94;>
2022-02-22;17:14:00;7,94;;503;AVA;MGF;;LB,CT;7,87;7,94;>
2022-02-22;17:13:36;7,93;;377;AVA;MGF;;LB,CT;7,87;7,93;>
2022-02-22;17:13:34;7,93;;125;NON;MGF;;LB,CT;7,88;7,93;<
2022-02-22;17:12:23;7,96;;250;AVA;MGF;;LB,CT;7,88;7,96;>
2022-02-22;17:12:01;7,94;;43827;AVA;MGF;;LB,CT;7,94;8,06;<
2022-02-22;17:11:58;7,95;;1000;AVA;MGF;;LB,CT;7,94;7,95;>
2022-02-22;17:11:27;7,94;;6811;AVA;NON;;LB,CT;7,94;7,95;<
2022-02-22;17:11:26;7,94;;12334;AVA;NON;;LB,CT;7,94;7,95;>
2022-02-22;17:11:14;7,94;;1000;AVA;NON;;LB,CT;7,87;7,94;>
2022-02-22;17:10:25;7,95;;1257;AVA;MGF;;LB,CT;7,88;7,95;>
2022-02-22;17:09:47;7,93;;500;NON;MGF;;LB,CT;7,93;8;<
2022-02-22;17:08:53;7,97;;1000;AVA;MGF;;LB,CT;7,93;7,97;>
2022-02-22;17:07:57;7,94;;6314;NON;AVA;;LB,CT;7,94;7,98;<
2022-02-22;17:06:41;8,01;;1000;AVA;MGF;;LB,CT;7,97;8,01;>
2022-02-22;17:04:56;8,02;;187;AVA;NON;;LB,CT;7,97;8,02;>
2022-02-22;17:03:05;8,04;;246;AVA;NON;;LB,CT;7,97;7,99;>
2022-02-22;17:03:05;7,99;;104;AVA;AVA;;LB,CT;7,97;7,99;>
2022-02-22;17:02:59;7,98;;2506;MGF;AVA;;LB,CT;7,98;7,99;<
2022-02-22;17:00:25;7,99;;400;AVA;AVA;;LB,CT;7,94;7,99;>
2022-02-22;16:59:39;7,99;;115;AVA;AVA;;LB,CT;7,94;7,99;>
2022-02-22;16:58:25;7,99;;41;AVA;AVA;;LB,CT;7,95;7,99;>
2022-02-22;16:58:00;7,95;;174;NON;NON;;LB,CT;7,95;7,99;<
2022-02-22;16:57:18;7,99;;125;AVA;AVA;;LB,CT;7,95;7,99;>
2022-02-22;16:55:53;7,95;;12075;NON;AVA;;LB,CT;7,95;7,99;<
2022-02-22;16:54:29;7,99;;1000;NON;AVA;;LB,CT;7,96;7,99;>
2022-02-22;16:54:15;7,99;;817;AVA;AVA;;LB,CT;7,99;8,03;<
2022-02-22;16:53:29;7,99;;434;AVA;NON;;LB,CT;7,96;7,99;>
2022-02-22;16:48:59;8;;370;AVA;NON;;LB,CT;7,97;7,99;<
2022-02-22;16:48:59;8;;250;AVA;NON;;LB,CT;7,97;7,99;<
2022-02-22;16:48:59;8,02;;180;AVA;NON;;LB,CT;7,97;7,99;<
2022-02-22;16:48:59;8,03;;70;AVA;NON;;LB,CT;7,97;7,99;<
2022-02-22;16:48:59;8,03;;196;AVA;NON;;LB,CT;7,97;7,99;<
2022-02-22;16:47:12;8,04;;35;AVA;AVA;;LB,CT;8,03;8,04;>
2022-02-22;16:43:58;8,04;;124;AVA;AVA;;LB,CT;8,03;8,04;>
2022-02-22;16:39:17;8,04;;400;AVA;AVA;;LB,CT;8,03;8,04;<
2022-02-22;16:37:02;8,08;;20108;AVA;MGF;;LB,CT;8,04;8,08;>
2022-02-22;16:37:02;8,08;;7738;AVA;NON;;LB,CT;8,04;8,08;>
2022-02-22;16:36:45;8,08;;100;AVA;NON;;LB,CT;8,04;8,08;>
2022-02-22;16:35:45;8,09;;618;AVA;NON;;LB,CT;8,04;8,09;>
2022-02-22;16:33:08;8,09;;2;AVA;NON;;LB,CT;8,04;8,09;>
2022-02-22;16:29:13;8,09;;4010;AVA;NON;;LB,CT;8,04;8,09;>
2022-02-22;16:27:55;8,04;;26;AVA;AVA;;LB,CT;8,04;8,09;<
2022-02-22;16:27:00;8,04;;956;AVA;AVA;;LB,CT;8,03;8,04;>
2022-02-22;16:26:48;8,03;;106;AVA;AVA;;LB,CT;8,03;8,04;<
2022-02-22;16:26:33;8,04;;163;NON;AVA;;LB,CT;8,03;8,04;<
2022-02-22;16:26:27;8,04;;147;NON;AVA;;LB,CT;8,04;8,09;<
2022-02-22;16:24:45;8,08;;1000;AVA;NON;;LB,CT;8,03;8,08;>
2022-02-22;16:24:36;8,08;;129;AVA;NON;;LB,CT;8,03;8,08;<
2022-02-22;16:20:56;8,09;;1234;AVA;MGF;;LB,CT;8,03;8,09;>
2022-02-22;16:18:30;8,1;;6172;AVA;NON;;LB,CT;8,03;8,1;>
2022-02-22;16:16:41;8,03;;68;AVA;AVA;;LB,CT;8,03;8,09;<
2022-02-22;16:16:06;8,08;;2500;NON;NON;;LB,CT;8,03;8,08;>
2022-02-22;16:15:58;8,08;;617;AVA;NON;;LB,CT;8,04;8,08;<
2022-02-22;16:11:27;8,08;;5;AVA;NON;;LB,CT;8,03;8,08;>
2022-02-22;16:11:11;8,08;;245;AVA;NON;;LB,CT;8,03;8,08;>
2022-02-22;16:10:42;8,03;;250;AVA;AVA;;LB,CT;8,03;8,08;<
2022-02-22;16:10:25;8,08;;247;AVA;MGF;;LB,CT;8,03;8,08;>
2022-02-22;16:10:24;8,08;;94;AVA;NON;;LB,CT;8,03;8,08;>
2022-02-22;16:05:26;8,09;;58;AVA;NON;;LB,CT;8,05;8,09;>
2022-02-22;16:05:06;8,05;;942;AVA;AVA;;LB,CT;8,05;8,09;>
2022-02-22;16:03:19;8,05;;182;AVA;AVA;;LB,CT;8,01;8,05;<
2022-02-22;15:56:51;8,06;;2300;AVA;NON;;LB,CT;8,01;8,06;<
2022-02-22;15:56:37;8,08;;600;NON;MGF;;LB,CT;8,08;8,11;<
2022-02-22;15:56:36;8,09;;1111;NON;MGF;;LB,CT;8,08;8,09;>
2022-02-22;15:55:01;8,12;;126;NON;MGF;;LB,CT;8,07;8,12;>
2022-02-22;15:54:36;8,05;;1000;NON;AVA;;LB,CT;8,05;8,12;<
2022-02-22;15:53:26;8,05;;1251;NON;AVA;;LB,CT;8,04;8,05;>
2022-02-22;15:49:07;8,03;;124;NON;NON;;LB,CT;7,97;8,03;>
2022-02-22;15:48:22;7,98;;88;NON;NON;;LB,CT;7,98;8,03;<
2022-02-22;15:48:10;7,98;;1600;NON;AVA;;LB,CT;7,97;7,98;>
2022-02-22;15:48:08;7,97;;1304;MGF;NON;;LB,CT;7,96;7,97;>
2022-02-22;15:48:08;7,97;;1304;MGF;NON;;LB,CT;7,96;7,97;>
2022-02-22;15:48:08;7,97;;1024;MGF;NON;;LB,CT;7,96;7,97;>
2022-02-22;15:44:44;7,97;;1600;AVA;NON;;LB,CT;7,92;7,97;>
2022-02-22;15:44:31;7,97;;376;AVA;NON;;LB,CT;7,92;7,97;>
2022-02-22;15:40:48;7,95;;93;AVA;NON;;LB,CT;7,95;7,96;<
2022-02-22;15:40:27;7,92;;3000;NON;NON;;LB,CT;7,87;7,94;<
2022-02-22;15:40:16;7,94;;188;AVA;MGF;;LB,CT;7,92;7,94;>
2022-02-22;15:39:47;7,94;;5000;SHB;MGF;;LB,CT,ALGO;7,92;7,94;>
2022-02-22;15:39:29;7,92;;2000;NON;AVA;;LB,CT;7,92;7,94;<
2022-02-22;15:33:21;7,89;;375;AVA;MGF;;LB,CT;7,85;7,89;<
2022-02-22;15:32:04;7,96;;665;AVA;NON;;LB,CT;7,9;7,96;>
2022-02-22;15:31:08;7,94;;36;AVA;NON;;LB,CT;7,89;7,94;>
2022-02-22;15:30:02;7,93;;135;AVA;NON;;LB,CT;7,93;7,94;<
2022-02-22;15:19:38;7,96;;50;AVA;NON;;LB,CT;7,9;7,96;>
2022-02-22;15:16:36;7,93;;300;AVA;MGF;;LB,CT;7,89;7,93;<
2022-02-22;15:15:01;7,96;;2512;AVA;MGF;;LB,CT;7,93;7,96;>
2022-02-22;15:11:28;7,99;;25;NON;MGF;;LB,CT;7,93;7,99;>
2022-02-22;15:10:10;7,99;;155;AVA;MGF;;LB,CT;7,93;7,99;>
2022-02-22;15:09:39;8;;100;AVA;MGF;;LB,CT;8;8,02;<
2022-02-22;15:06:16;7,96;;1304;MGF;NON;;LB,CT;7,95;7,96;>
2022-02-22;15:06:16;7,96;;1154;MGF;NON;;LB,CT;7,95;7,96;>
2022-02-22;15:05:52;7,96;;1050;NON;NON;;LB,CT;7,95;7,96;>
2022-02-22;15:05:47;7,96;;75;AVA;NON;;LB,CT;7,93;7,96;>
2022-02-22;15:05:39;7,96;;125;AVA;NON;;LB,CT;7,93;7,96;>
2022-02-22;15:03:44;7,96;;50;NON;NON;;LB,CT;7,96;7,97;<
2022-02-22;15:02:45;8;;50;AVA;NON;;LB,CT;7,96;8;>
2022-02-22;15:01:03;7,99;;625;AVA;NON;;LB,CT;7,96;7,99;<
2022-02-22;15:00:26;8,01;;1248;AVA;NON;;LB,CT;7,95;8,01;>
2022-02-22;15:00:15;8,01;;623;AVA;NON;;LB,CT;7,95;8,01;>
2022-02-22;14:58:44;8,02;;29;AVA;NON;;LB,CT;7,96;8,02;>
2022-02-22;14:55:05;7,89;;2234;NON;NON;;LB,CT;7,88;7,89;>
2022-02-22;14:55:03;7,88;;253;MGF;AVA;;LB,CT;7,86;7,88;>
2022-02-22;14:54:32;7,88;;2000;AVA;AVA;;LB,CT;7,86;7,88;>
2022-02-22;14:53:18;7,86;;100;NON;NON;;LB,CT;7,86;7,88;<
2022-02-22;14:53:06;7,88;;747;AVA;AVA;;LB,CT;7,86;7,88;<
2022-02-22;14:50:43;7,88;;253;AVA;AVA;;LB,CT;7,88;7,89;<
2022-02-22;14:46:41;7,88;;4800;NON;NON;;LB,CT;7,87;7,88;>
2022-02-22;14:45:10;7,88;;200;AVA;NON;;LB,CT;7,85;7,88;>
2022-02-22;14:40:45;7,88;;200;AVA;NON;;LB,CT;7,85;7,88;>
2022-02-22;14:40:40;7,88;;63;AVA;NON;;LB,CT;7,85;7,88;>
2022-02-22;14:38:44;7,89;;150;AVA;NON;;LB,CT;7,85;7,89;>
2022-02-22;14:37:32;7,89;;126;AVA;NON;;LB,CT;7,85;7,89;>
2022-02-22;14:33:49;7,89;;139;AVA;NON;;LB,CT;7,84;7,89;>
2022-02-22;14:29:32;7,82;;1300;NON;NON;;LB,CT;7,82;7,89;<
2022-02-22;14:28:19;7,88;;3645;AVA;MGF;;LB,CT;7,82;7,88;>
2022-02-22;14:26:57;7,88;;126;AVA;NON;;LB,CT;7,83;7,88;>
2022-02-22;14:24:28;7,84;;800;MGF;NON;;LB,CT;7,84;7,9;<
2022-02-22;14:22:20;7,74;;20816;MGF;AVA;;LB,CT;7,8;7,85;<
2022-02-22;14:22:20;7,79;;60;NON;AVA;;LB,CT;7,8;7,85;<
2022-02-22;14:22:20;7,79;;63;AVA;AVA;;LB,CT;7,8;7,85;<
2022-02-22;14:22:20;7,8;;688;AVA;AVA;;LB,CT;7,8;7,85;<
2022-02-22;14:21:54;7,85;;200;AVA;AVA;;LB,CT;7,8;7,85;>
2022-02-22;14:21:23;7,85;;77350;MGF;AVA;;LB,CT;7,84;7,85;<
2022-02-22;14:20:48;7,85;;3393;MGF;AVA;;LB,CT;7,86;7,91;<
2022-02-22;14:20:48;7,85;;50;AVA;AVA;;LB,CT;7,86;7,91;<
2022-02-22;14:20:48;7,86;;248;NON;AVA;;LB,CT;7,86;7,91;<
2022-02-22;14:19:39;7,86;;70;NON;AVA;;LB,CT;7,86;7,91;<
2022-02-22;14:17:46;7,88;;3830;NON;AVA;;LB,CT;7,88;7,94;<
2022-02-22;14:17:34;7,88;;1370;NON;NON;;LB,CT;7,88;7,94;<
2022-02-22;14:16:09;7,89;;535;NON;AVA;;LB,CT;7,89;7,94;<
2022-02-22;14:14:43;7,89;;918;NON;AVA;;LB,CT;7,89;7,94;<
2022-02-22;14:14:43;7,9;;120;AVA;AVA;;LB,CT;7,89;7,94;<
2022-02-22;14:14:43;7,9;;405;AVA;AVA;;LB,CT;7,89;7,94;<
2022-02-22;14:13:36;7,92;;125;AVA;NON;;LB,CT;7,9;7,92;<
2022-02-22;14:12:53;7,91;;800;MGF;AVA;;LB,CT;7,91;7,95;<
2022-02-22;14:12:37;7,95;;382;AVA;NON;;LB,CT;7,91;7,95;>
2022-02-22;14:07:44;7,95;;23;NON;NON;;LB,CT;7,89;7,95;>
2022-02-22;14:05:45;7,95;;100;AVA;NON;;LB,CT;7,89;7,95;>
2022-02-22;14:04:31;7,94;;554;AVA;NON;;LB,CT;7,88;7,94;>
2022-02-22;14:03:54;7,88;;553;NON;NON;;LB,CT;7,88;7,93;<
2022-02-22;14:03:54;7,88;;300;NON;NON;;LB,CT;7,88;7,93;<
2022-02-22;14:03:54;7,9;;47;NON;NON;;LB,CT;7,88;7,93;<
2022-02-22;14:03:49;7,9;;1953;NON;AVA;;LB,CT;7,88;7,9;>
2022-02-22;14:03:40;7,9;;1900;NON;AVA;;LB,CT;7,88;7,9;>
2022-02-22;14:03:24;7,9;;632;AVA;AVA;;LB,CT;7,88;7,9;>
2022-02-22;14:01:06;7,9;;200;NON;AVA;;LB,CT;7,88;7,9;>
2022-02-22;13:59:46;7,9;;1200;NON;AVA;;LB,CT;7,88;7,9;>
2022-02-22;13:58:48;7,86;;82;NON;AVA;;LB,CT;7,86;7,9;<
2022-02-22;13:58:45;7,9;;632;AVA;AVA;;LB,CT;7,86;7,9;>
2022-02-22;13:57:08;7,91;;5309;AVA;NON;;LB,CT;7,86;7,91;>
2022-02-22;13:55:55;7,9;;700;AVA;NON;;LB,CT;7,86;7,9;>
2022-02-22;13:52:34;7,91;;1643;AVA;NON;;LB,CT;7,86;7,91;>
2022-02-22;13:52:31;7,91;;632;AVA;NON;;LB,CT;7,86;7,91;>
2022-02-22;13:51:52;7,91;;200;NON;NON;;LB,CT;7,86;7,91;>
2022-02-22;13:51:10;7,91;;30;AVA;NON;;LB,CT;7,86;7,91;>
2022-02-22;13:50:24;7,91;;719;AVA;NON;;LB,CT;7,86;7,91;>
2022-02-22;13:45:03;7,85;;382;AVA;AVA;;LB,CT;7,85;7,91;<
2022-02-22;13:42:06;7,9;;100;AVA;MGF;;LB,CT;7,85;7,9;>
2022-02-22;13:39:26;7,9;;253;AVA;NON;;LB,CT;7,85;7,9;>
2022-02-22;13:37:54;7,87;;50;AVA;NON;;LB,CT;7,85;7,87;>
2022-02-22;13:35:16;7,92;;5808;AVA;NON;;LB,CT;7,84;7,92;>
2022-02-22;13:35:09;7,92;;6186;AVA;NON;;LB,CT;7,84;7,92;>
2022-02-22;13:35:07;7,92;;50;AVA;NON;;LB,CT;7,85;7,92;>
2022-02-22;13:33:31;7,91;;12;AVA;NON;;LB,CT;7,84;7,91;>
2022-02-22;13:32:48;7,9;;75;AVA;NON;;LB,CT;7,84;7,9;<
2022-02-22;13:30:42;7,9;;295;AVA;AVA;;LB,CT;7,9;7,94;>
2022-02-22;13:27:33;7,87;;34368;MGF;NON;;LB,CT;7,87;7,9;>
2022-02-22;13:27:06;7,87;;27549;NON;NON;;LB,CT;7,86;7,87;>
2022-02-22;13:27:05;7,87;;1143;AVA;NON;;LB,CT;7,89;7,9;<
2022-02-22;13:27:05;7,87;;763;AVA;NON;;LB,CT;7,89;7,9;<
2022-02-22;13:27:05;7,89;;117;AVA;NON;;LB,CT;7,89;7,9;<
2022-02-22;13:27:04;7,89;;9;AVA;AVA;;LB,CT;7,89;7,9;>
2022-02-22;13:25:18;7,87;;152;AVA;AVA;;LB,CT;7,87;7,9;<
2022-02-22;13:24:59;7,9;;227;AVA;AVA;;LB,CT;7,87;7,9;>
2022-02-22;13:24:57;7,87;;355;AVA;AVA;;LB,CT;7,87;7,9;<
2022-02-22;13:23:54;7,9;;63;AVA;AVA;;LB,CT;7,87;7,9;>
2022-02-22;13:23:17;7,88;;30;MGF;AVA;;LB,CT;7,88;7,9;<
2022-02-22;13:21:37;7,9;;15;AVA;AVA;;LB,CT;7,87;7,9;>
2022-02-22;13:20:59;7,9;;126;AVA;AVA;;LB,CT;7,87;7,9;>
2022-02-22;13:19:42;7,88;;3851;NON;AVA;;LB,CT;7,88;7,9;<
2022-02-22;13:17:09;7,9;;632;AVA;AVA;;LB,CT;7,86;7,9;>
2022-02-22;13:16:37;7,9;;50;AVA;AVA;;LB,CT;7,86;7,9;>
2022-02-22;13:14:15;7,9;;274;AVA;AVA;;LB,CT;7,85;7,9;>
2022-02-22;13:11:26;7,8;;256;AVA;AVA;;LB,CT;7,8;7,86;<
2022-02-22;13:08:31;7,8;;366;NON;AVA;;LB,CT;7,8;7,87;<
2022-02-22;13:07:13;7,85;;254;AVA;MGF;;LB,CT;7,79;7,85;>
2022-02-22;13:05:43;7,84;;127;AVA;MGF;;LB,CT;7,79;7,84;>
2022-02-22;13:02:55;7,81;;280;AVA;MGF;;LB,CT;7,79;7,81;<
2022-02-22;13:02:14;7,84;;130;NON;MGF;;LB,CT;7,81;7,84;>
2022-02-22;13:01:35;7,81;;2;AVA;AVA;;LB,CT;7,81;7,84;<
2022-02-22;13:00:31;7,87;;1270;AVA;MGF;;LB,CT;7,81;7,87;>
2022-02-22;13:00:30;7,87;;1000;NON;MGF;;LB,CT;7,81;7,87;>
2022-02-22;13:00:18;7,87;;809;AVA;MGF;;LB,CT;7,82;7,87;<
2022-02-22;13:00:16;7,87;;461;AVA;NON;;LB,CT;7,82;7,87;>
2022-02-22;13:00:11;7,87;;314;AVA;NON;;LB,CT;7,82;7,87;>
2022-02-22;12:58:24;7,89;;3;AVA;MGF;;LB,CT;7,82;7,89;>
2022-02-22;12:57:25;7,89;;126;AVA;NON;;LB,CT;7,82;7,89;>
2022-02-22;12:56:57;7,89;;164;AVA;NON;;LB,CT;7,82;7,89;>
2022-02-22;12:54:38;7,89;;4055;AVA;MGF;;LB,CT;7,82;7,89;>
2022-02-22;12:53:17;7,84;;295;NON;AVA;;LB,CT;7,88;7,9;<
2022-02-22;12:53:17;7,88;;85;NON;AVA;;LB,CT;7,88;7,9;<
2022-02-22;12:52:46;7,9;;4300;NON;NON;;LB,CT;7,88;7,9;<
2022-02-22;12:52:09;7,91;;100;NON;NON;;LB,CT;7,88;7,91;>
2022-02-22;12:50:45;7,91;;1251;AVA;NON;;LB,CT;7,88;7,91;>
2022-02-22;12:48:48;7,91;;252;AVA;NON;;LB,CT;7,88;7,91;>
2022-02-22;12:44:27;7,83;;6673;NON;AVA;;LB,CT;7,83;7,89;>
2022-02-22;12:44:25;7,83;;1903;AVA;AVA;;LB,CT;7,82;7,83;<
2022-02-22;12:44:08;7,89;;76;AVA;MGF;;LB,CT;7,83;7,89;>
2022-02-22;12:43:39;7,89;;267;AVA;MGF;;LB,CT;7,83;7,89;>
2022-02-22;12:43:39;7,89;;620;AVA;NON;;LB,CT;7,83;7,89;>
2022-02-22;12:42:59;7,88;;120;NON;NON;;LB,CT;7,83;7,88;>
2022-02-22;12:38:06;7,83;;97;AVA;AVA;;LB,CT;7,83;7,87;>
2022-02-22;12:35:35;7,83;;64;AVA;AVA;;LB,CT;7,81;7,83;>
2022-02-22;12:35:00;7,83;;796;NON;AVA;;LB,CT;7,81;7,83;<
2022-02-22;12:34:08;7,83;;204;NON;AVA;;LB,CT;7,83;7,87;<
2022-02-22;12:33:27;7,81;;70;AVA;AVA;;LB,CT;7,81;7,87;<
2022-02-22;12:32:48;7,86;;165;AVA;NON;;LB,CT;7,8;7,86;>
2022-02-22;12:32:32;7,86;;100;AVA;NON;;LB,CT;7,8;7,86;>
2022-02-22;12:32:06;7,79;;606;NON;AVA;;LB,CT;7,79;7,86;<
2022-02-22;12:31:56;7,85;;1146;AVA;NON;;LB,CT;7,79;7,85;>
2022-02-22;12:31:44;7,85;;382;AVA;NON;;LB,CT;7,79;7,85;>
2022-02-22;12:29:22;7,87;;120;AVA;NON;;LB,CT;7,81;7,87;>
2022-02-22;12:26:37;7,89;;1100;NON;MGF;;LB,CT;7,83;7,89;>
2022-02-22;12:22:35;7,89;;506;AVA;NON;;LB,CT;7,83;7,89;>
2022-02-22;12:18:39;7,82;;300;NON;NON;;LB,CT;7,82;7,88;<
2022-02-22;12:16:24;7,88;;1269;AVA;MGF;;LB,CT;7,88;7,9;<
2022-02-22;12:15:17;7,84;;1275;NON;AVA;;LB,CT;7,84;7,9;<
2022-02-22;12:10:02;7,85;;254;NON;AVA;;LB,CT;7,85;7,91;<
2022-02-22;12:09:55;7,91;;1350;NON;NON;;LB,CT;7,85;7,91;>
2022-02-22;12:08:22;7,85;;1193;NON;AVA;;LB,CT;7,85;7,9;<
2022-02-22;12:08:09;7,9;;63;AVA;AVA;;LB,CT;7,85;7,9;<
2022-02-22;12:06:28;7,9;;2338;NON;NON;;LB,CT;7,87;7,9;<
2022-02-22;12:05:29;7,9;;662;NON;AVA;;LB,CT;7,9;7,94;<
2022-02-22;12:03:57;7,95;;162;AVA;AVA;;LB,CT;7,91;7,95;>
2022-02-22;12:01:02;7,88;;152;NON;AVA;;LB,CT;7,85;7,88;<
2022-02-22;12:00:48;7,92;;1747;AVA;MGF;;LB,CT;7,92;7,95;<
2022-02-22;12:00:23;7,95;;314;NON;AVA;;LB,CT;7,92;7,95;>
2022-02-22;11:59:25;7,95;;125;AVA;MGF;;LB,CT;7,92;7,95;>
2022-02-22;11:59:01;7,96;;125;AVA;NON;;LB,CT;7,92;7,96;>
2022-02-22;11:58:54;7,96;;37;AVA;NON;;LB,CT;7,92;7,96;>
2022-02-22;11:58:52;7,95;;251;AVA;MGF;;LB,CT;7,92;7,95;<
2022-02-22;11:55:47;7,92;;253;AVA;AVA;;LB,CT;7,92;7,95;<
2022-02-22;11:55:37;7,95;;251;AVA;MGF;;LB,CT;7,89;7,95;>
2022-02-22;11:51:36;7,93;;2478;AVA;NON;;LB,CT;7,93;7,94;<
2022-02-22;11:51:25;7,95;;200;NON;NON;;LB,CT;7,93;7,95;>
2022-02-22;11:51:14;7,93;;2522;AVA;AVA;;LB,CT;7,93;7,95;<
2022-02-22;11:50:31;7,93;;63;AVA;NON;;LB,CT;7,88;7,93;>
2022-02-22;11:49:40;7,93;;63;AVA;NON;;LB,CT;7,88;7,93;>
2022-02-22;11:48:26;7,88;;648;NON;AVA;;LB,CT;7,88;7,91;<
2022-02-22;11:48:13;7,9;;10000;AVA;NON;;LB,CT;7,88;7,9;<
2022-02-22;11:46:45;7,9;;1250;AVA;MGF;;LB,CT;7,88;7,9;>
2022-02-22;11:46:30;7,9;;25;AVA;MGF;;LB,CT;7,88;7,9;>
2022-02-22;11:44:00;7,92;;63;NON;MGF;;LB,CT;7,88;7,92;>
2022-02-22;11:43:20;7,93;;1256;AVA;MGF;;LB,CT;7,87;7,93;>
2022-02-22;11:42:41;7,89;;740;NON;AVA;;LB,CT;7,89;7,95;<
2022-02-22;11:42:19;7,9;;1260;AVA;AVA;;LB,CT;7,9;7,95;<
2022-02-22;11:41:44;7,96;;18;AVA;NON;;LB,CT;7,9;7,96;>
2022-02-22;11:38:21;7,89;;65;AVA;NON;;LB,CT;7,83;7,89;>
2022-02-22;11:38:10;7,83;;333;MGF;AVA;;LB,CT;7,83;7,89;<
2022-02-22;11:37:51;7,83;;2538;MGF;AVA;;LB,CT;7,83;7,89;<
2022-02-22;11:35:35;7,86;;2544;AVA;NON;;LB,CT;7,79;7,86;>
2022-02-22;11:35:20;7,86;;63;AVA;NON;;LB,CT;7,8;7,86;>
2022-02-22;11:34:13;7,87;;522;AVA;MGF;;LB,CT;7,8;7,87;<
2022-02-22;11:33:55;7,88;;10563;AVA;MGF;;LB,CT;7,81;7,87;>
2022-02-22;11:33:55;7,87;;2000;AVA;AVA;;LB,CT;7,81;7,87;>
2022-02-22;11:33:46;7,88;;18137;NON;MGF;;LB,CT;7,81;7,88;>
2022-02-22;11:33:46;7,88;;7243;NON;NON;;LB,CT;7,81;7,88;>
2022-02-22;11:33:32;7,88;;2538;AVA;NON;;LB,CT;7,81;7,88;>
2022-02-22;11:33:14;7,88;;3737;AVA;NON;;LB,CT;7,81;7,88;>
2022-02-22;11:33:00;7,82;;2746;MGF;AVA;;LB,CT;7,82;7,84;<
2022-02-22;11:32:37;7,83;;390;MGF;AVA;;LB,CT;7,83;7,84;<
2022-02-22;11:31:20;7,9;;370;NON;NON;;LB,CT;7,83;7,9;>
2022-02-22;11:31:20;7,88;;2130;NON;NON;;LB,CT;7,83;7,9;>
2022-02-22;11:30:49;7,82;;254;MGF;AVA;;LB,CT;7,82;7,88;<
2022-02-22;11:29:22;7,92;;170;AVA;NON;;LB,CT;7,86;7,92;>
2022-02-22;11:26:47;7,84;;10000;MGF;NON;;LB,CT;7,84;7,89;>
2022-02-22;11:25:55;7,8;;359;MGF;NON;;LB,CT;7,71;7,8;>
2022-02-22;11:24:31;7,8;;641;AVA;NON;;LB,CT;7,78;7,8;>
2022-02-22;11:23:45;7,78;;2000;MGF;NON;;LB,CT;7,71;7,78;>
2022-02-22;11:23:45;7,78;;400;MGF;AVA;;LB,CT;7,71;7,78;>
2022-02-22;11:23:45;7,78;;1482;MGF;AVA;;LB,CT;7,71;7,78;>
2022-02-22;11:22:29;7,78;;2700;NON;AVA;;LB,CT;7,76;7,78;>
2022-02-22;11:21:51;7,78;;668;NON;AVA;;LB,CT;7,72;7,78;>
2022-02-22;11:21:49;7,78;;2;AVA;AVA;;LB,CT;7,72;7,78;>
2022-02-22;11:21:25;7,72;;440;MGF;AVA;;LB,CT;7,72;7,78;<
2022-02-22;11:21:25;7,72;;400;AVA;AVA;;LB,CT;7,72;7,78;<
2022-02-22;11:20:13;7,78;;385;AVA;AVA;;LB,CT;7,73;7,78;>
2022-02-22;11:19:09;7,73;;233;MGF;NON;;LB,CT;7,73;7,79;>
2022-02-22;11:19:06;7,73;;2267;NON;NON;;LB,CT;7,73;7,79;<
2022-02-22;11:17:54;7,76;;200;NON;NON;;LB,CT;7,74;7,8;<
2022-02-22;11:16:00;7,8;;320;AVA;AVA;;LB,CT;7,76;7,8;>
2022-02-22;11:15:47;7,8;;3479;NON;AVA;;LB,CT;7,77;7,8;>
2022-02-22;11:15:47;7,8;;1521;NON;AVA;;LB,CT,ALGO;7,77;7,8;>
2022-02-22;11:12:29;7,75;;193;AVA;NON;;LB,CT;7,72;7,75;>
2022-02-22;11:11:12;7,72;;600;AVA;AVA;;LB,CT;7,72;7,75;<
2022-02-22;11:10:28;7,76;;193;AVA;MGF;;LB,CT;7,71;7,76;>
2022-02-22;11:08:51;7,71;;15780;NON;AVA;;LB,CT;7,7;7,71;>
2022-02-22;11:08:49;7,71;;8704;NON;AVA;;LB,CT;7,7;7,71;<
2022-02-22;11:08:24;7,77;;12;AVA;NON;;LB,CT;7,71;7,77;>
2022-02-22;11:08:14;7,71;;1225;NON;AVA;;LB,CT;7,71;7,78;<
2022-02-22;11:08:14;7,71;;100;NON;AVA;;LB,CT;7,71;7,78;<
2022-02-22;11:07:28;7,77;;1028;AVA;MGF;;LB,CT;7,71;7,77;>
2022-02-22;11:05:52;7,76;;35;NON;MGF;;LB,CT;7,7;7,76;>
2022-02-22;11:05:41;7,7;;4228;NON;AVA;;LB,CT;7,7;7,77;<
2022-02-22;11:05:25;7,77;;12;AVA;MGF;;LB,CT;7,7;7,77;>
2022-02-22;11:05:04;7,7;;24;NON;AVA;;LB,CT;7,7;7,76;<
2022-02-22;11:05:04;7,7;;100;AVA;AVA;;LB,CT;7,7;7,76;<
2022-02-22;11:04:54;7,73;;4113;NON;AVA;;LB,CT;7,7;7,73;<
2022-02-22;11:04:46;7,73;;379;NON;AVA;;LB,CT;7,73;7,76;<
2022-02-22;11:04:42;7,73;;263;NON;AVA;;LB,CT;7,73;7,76;<
2022-02-22;11:04:33;7,74;;387;AVA;AVA;;LB,CT;7,73;7,74;>
2022-02-22;11:04:00;7,74;;100;NON;AVA;;LB,CT;7,73;7,74;>
2022-02-22;11:03:24;7,74;;272;AVA;AVA;;LB,CT;7,73;7,74;<
2022-02-22;11:03:02;7,75;;382;AVA;MGF;;LB,CT;7,73;7,75;>
2022-02-22;11:02:11;7,73;;245;NON;AVA;;LB,CT;7,73;7,75;<
2022-02-22;11:02:11;7,73;;26;AVA;AVA;;LB,CT;7,73;7,75;<
2022-02-22;11:02:07;7,75;;100;AVA;MGF;;LB,CT;7,73;7,75;<
2022-02-22;11:02:07;7,75;;3277;NON;MGF;;LB,CT;7,73;7,75;<
2022-02-22;11:02:03;7,76;;2934;AVA;MGF;;LB,CT;7,75;7,76;>
2022-02-22;11:00:24;7,78;;514;AVA;AVA;;LB,CT;7,75;7,78;>
2022-02-22;11:00:04;7,78;;642;AVA;AVA;;LB,CT;7,75;7,78;>
2022-02-22;11:00:02;7,78;;192;AVA;AVA;;LB,CT;7,75;7,78;>
2022-02-22;10:58:22;7,78;;128;AVA;AVA;;LB,CT;7,75;7,78;>
2022-02-22;10:56:52;7,78;;257;AVA;AVA;;LB,CT;7,75;7,78;>
2022-02-22;10:56:33;7,78;;30;AVA;AVA;;LB,CT;7,75;7,78;>
2022-02-22;10:55:13;7,79;;372;AVA;MGF;;LB,CT;7,75;7,79;>
2022-02-22;10:55:12;7,79;;89;AVA;MGF;;LB,CT;7,75;7,79;>
2022-02-22;10:53:31;7,79;;64;AVA;MGF;;LB,CT;7,75;7,79;>
2022-02-22;10:52:41;7,75;;852;NON;AVA;;LB,CT;7,75;7,79;<
2022-02-22;10:52:24;7,78;;128;AVA;MGF;;LB,CT;7,75;7,78;>
2022-02-22;10:51:19;7,75;;226;NON;AVA;;LB,CT;7,74;7,75;>
2022-02-22;10:51:17;7,75;;32;AVA;AVA;;LB,CT;7,74;7,75;<
2022-02-22;10:50:10;7,8;;641;AVA;AVA;;LB,CT,ALGO;7,75;7,8;>
2022-02-22;10:46:20;7,78;;2570;AVA;MGF;;LB,CT;7,74;7,78;>
2022-02-22;10:45:32;7,74;;645;NON;AVA;;LB,CT;7,74;7,78;<
2022-02-22;10:45:03;7,78;;35950;NON;MGF;;LB,CT;7,74;7,78;<
2022-02-22;10:44:50;7,79;;102;AVA;MGF;;LB,CT;7,78;7,79;>
2022-02-22;10:44:43;7,79;;100;AVA;MGF;;LB,CT;7,78;7,79;>
2022-02-22;10:44:30;7,78;;82;NON;AVA;;LB,CT;7,78;7,79;<
2022-02-22;10:43:56;7,78;;500;NON;NON;;LB,CT;7,78;7,79;<
2022-02-22;10:43:55;7,79;;706;AVA;MGF;;LB,CT;7,78;7,79;>
2022-02-22;10:43:21;7,78;;28;NON;AVA;;LB,CT;7,78;7,79;<
2022-02-22;10:43:21;7,78;;100;AVA;AVA;;LB,CT;7,78;7,79;<
2022-02-22;10:42:43;7,79;;192;AVA;MGF;;LB,CT;7,78;7,79;>
2022-02-22;10:42:21;7,8;;250;AVA;AVA;;LB,CT,ALGO;7,78;7,8;>
2022-02-22;10:41:41;7,8;;500;AVA;AVA;;LB,CT,ALGO;7,78;7,8;>
2022-02-22;10:41:14;7,79;;6;AVA;MGF;;LB,CT;7,78;7,79;>
2022-02-22;10:40:38;7,79;;9057;AVA;MGF;;LB,CT;7,78;7,79;>
2022-02-22;10:40:25;7,79;;2888;AVA;MGF;;LB,CT;7,78;7,79;>
2022-02-22;10:40:19;7,79;;207;AVA;MGF;;LB,CT;7,78;7,79;>
2022-02-22;10:39:57;7,78;;2000;NON;AVA;;LB,CT;7,78;7,79;<
2022-02-22;10:39:08;7,73;;943;AVA;AVA;;LB,CT;7,73;7,78;<
2022-02-22;10:38:52;7,76;;125;AVA;MGF;;LB,CT;7,73;7,76;>
2022-02-22;10:38:04;7,78;;899;AVA;MGF;;LB,CT;7,73;7,78;>
2022-02-22;10:37:43;7,78;;421;AVA;MGF;;LB,CT;7,73;7,78;>
2022-02-22;10:37:43;7,78;;607;AVA;NON;;LB,CT;7,73;7,78;>
2022-02-22;10:35:52;7,8;;512;AVA;AVA;;LB,CT,ALGO;7,73;7,8;>
2022-02-22;10:35:42;7,8;;128;AVA;AVA;;LB,CT,ALGO;7,73;7,8;>
2022-02-22;10:35:00;7,78;;84;AVA;NON;;LB,CT;7,73;7,78;>
2022-02-22;10:34:59;7,78;;1000;AVA;NON;;LB,CT;7,73;7,78;>
2022-02-22;10:34:56;7,78;;25;AVA;NON;;LB,CT;7,73;7,78;>
2022-02-22;10:34:27;7,77;;64;AVA;NON;;LB,CT;7,71;7,77;>
2022-02-22;10:34:18;7,77;;321;AVA;NON;;LB,CT;7,71;7,77;>
2022-02-22;10:33:53;7,76;;129;AVA;NON;;LB,CT;7,75;7,76;>
2022-02-22;10:33:42;7,76;;1100;NON;NON;;LB,CT;7,75;7,76;>
2022-02-22;10:33:38;7,76;;64;AVA;NON;;LB,CT;7,75;7,76;>
2022-02-22;10:33:10;7,75;;103;AVA;NON;;LB,CT;7,74;7,75;>
2022-02-22;10:31:21;7,74;;258;AVA;NON;;LB,CT;7,69;7,74;>
2022-02-22;10:30:28;7,73;;137;AVA;NON;;LB,CT;7,69;7,73;>
2022-02-22;10:30:06;7,73;;129;AVA;NON;;LB,CT;7,69;7,73;>
2022-02-22;10:29:45;7,73;;646;AVA;NON;;LB,CT;7,69;7,73;>
2022-02-22;10:29:16;7,73;;258;NON;NON;;LB,CT;7,69;7,73;>
2022-02-22;10:27:51;7,69;;169;AVA;AVA;;LB,CT;7,69;7,72;<
2022-02-22;10:27:09;7,73;;570;AVA;MGF;;LB,CT;7,69;7,73;>
2022-02-22;10:26:20;7,69;;78;AVA;AVA;;LB,CT;7,69;7,73;<
2022-02-22;10:26:19;7,73;;1290;AVA;MGF;;LB,CT;7,69;7,73;>
2022-02-22;10:25:34;7,75;;64;AVA;MGF;;LB,CT;7,69;7,75;>
2022-02-22;10:24:25;7,74;;387;AVA;MGF;;LB,CT;7,69;7,74;>
2022-02-22;10:24:21;7,74;;128;AVA;MGF;;LB,CT;7,69;7,74;>
2022-02-22;10:23:56;7,74;;10000;NON;MGF;;LB,CT;7,69;7,74;>
2022-02-22;10:21:22;7,76;;322;AVA;MGF;;LB,CT;7,7;7,76;>
2022-02-22;10:21:10;7,76;;644;AVA;MGF;;LB,CT;7,7;7,76;>
2022-02-22;10:19:58;7,77;;500;AVA;MGF;;LB,CT;7,71;7,77;>
2022-02-22;10:19:34;7,77;;650;AVA;MGF;;LB,CT;7,71;7,77;>
2022-02-22;10:18:08;7,69;;1;AVA;AVA;;LB,CT;7,69;7,76;<
2022-02-22;10:17:34;7,76;;64;AVA;MGF;;LB,CT;7,69;7,76;>
2022-02-22;10:16:27;7,76;;2625;AVA;MGF;;LB,CT;7,7;7,76;>
2022-02-22;10:16:12;7,76;;10;AVA;MGF;;LB,CT;7,7;7,76;>
2022-02-22;10:16:12;7,76;;2493;AVA;MGF;;LB,CT;7,7;7,76;<
2022-02-22;10:15:03;7,79;;500;AVA;MGF;;LB,CT;7,76;7,79;>
2022-02-22;10:14:49;7,79;;770;AVA;MGF;;LB,CT;7,76;7,79;>
2022-02-22;10:13:24;7,77;;1000;NON;MGF;;LB,CT;7,76;7,77;>
2022-02-22;10:11:59;7,75;;1800;AVA;MGF;;LB,CT;7,69;7,75;>
2022-02-22;10:11:53;7,75;;320;AVA;MGF;;LB,CT;7,7;7,75;<
2022-02-22;10:11:36;7,75;;150;NON;MGF;;LB,CT;7,7;7,75;>
2022-02-22;10:11:29;7,75;;320;AVA;MGF;;LB,CT;7,7;7,75;<
2022-02-22;10:11:20;7,75;;1000;AVA;MGF;;LB,CT;7,7;7,75;>
2022-02-22;10:09:35;7,75;;1500;NON;MGF;;LB,CT;7,7;7,75;>
2022-02-22;10:09:28;7,7;;200;AVA;AVA;;LB,CT;7,7;7,75;<
2022-02-22;10:08:45;7,73;;104;AVA;MGF;;LB,CT;7,7;7,73;>
2022-02-22;10:08:08;7,69;;543;AVA;AVA;;LB,CT;7,69;7,74;<
2022-02-22;10:07:35;7,69;;325;AVA;AVA;;LB,CT;7,69;7,73;<
2022-02-22;10:07:29;7,69;;400;AVA;AVA;;LB,CT;7,69;7,73;<
2022-02-22;10:06:40;7,7;;257;AVA;AVA;;LB,CT;7,69;7,7;<
2022-02-22;10:05:37;7,74;;90;AVA;MGF;;LB,CT;7,7;7,74;>
2022-02-22;10:03:20;7,7;;4880;NON;AVA;;LB,CT;7,7;7,77;<
2022-02-22;10:03:20;7,7;;275;NON;AVA;;LB,CT;7,7;7,77;<
2022-02-22;10:03:20;7,7;;50;AVA;AVA;;LB,CT;7,7;7,77;<
2022-02-22;10:03:13;7,77;;50;AVA;MGF;;LB,CT;7,7;7,77;>
2022-02-22;10:03:04;7,77;;4000;AVA;MGF;;LB,CT;7,7;7,77;>
2022-02-22;10:02:32;7,77;;1795;AVA;MGF;;LB,CT;7,71;7,77;>
2022-02-22;10:02:28;7,71;;45;NON;AVA;;LB,CT;7,71;7,77;<
2022-02-22;10:02:28;7,71;;531;NON;AVA;;LB,CT;7,71;7,77;<
2022-02-22;10:01:38;7,72;;2000;AVA;AVA;;LB,CT;7,71;7,72;<
2022-02-22;10:01:08;7,78;;50;AVA;MGF;;LB,CT;7,72;7,78;>
2022-02-22;10:00:48;7,78;;12836;AVA;MGF;;LB,CT;7,72;7,78;>
2022-02-22;10:00:31;7,79;;1280;AVA;MGF;;LB,CT;7,79;7,8;<
2022-02-22;10:00:31;7,79;;500;AVA;MGF;;LB,CT;7,79;7,8;<
2022-02-22;10:00:31;7,79;;554;AVA;MGF;;LB,CT;7,79;7,8;<
2022-02-22;10:00:18;7,8;;200;AVA;AVA;;LB,CT,ALGO;7,79;7,8;>
2022-02-22;09:59:59;7,79;;3000;AVA;NON;;LB,CT;7,79;7,8;<
2022-02-22;09:59:53;7,8;;5;AVA;AVA;;LB,CT,ALGO;7,79;7,8;>
2022-02-22;09:59:34;7,8;;51;AVA;AVA;;LB,CT,ALGO;7,79;7,8;>
2022-02-22;09:59:27;7,79;;1454;AVA;NON;;LB,CT;7,79;7,8;<
2022-02-22;09:59:03;7,79;;159;AVA;AVA;;LB,CT;7,79;7,8;>
2022-02-22;09:58:22;7,79;;641;AVA;AVA;;LB,CT;7,75;7,79;>
2022-02-22;09:58:09;7,74;;1454;NON;AVA;;LB,CT;7,73;7,74;>
2022-02-22;09:56:46;7,74;;546;AVA;AVA;;LB,CT;7,74;7,77;<
2022-02-22;09:56:30;7,76;;750;AVA;MGF;;LB,CT;7,74;7,76;>
2022-02-22;09:56:00;7,76;;386;AVA;MGF;;LB,CT;7,76;7,79;<
2022-02-22;09:55:14;7,77;;163;AVA;MGF;;LB,CT;7,76;7,77;>
2022-02-22;09:54:13;7,78;;1285;AVA;MGF;;LB,CT;7,76;7,78;>
2022-02-22;09:53:15;7,76;;128;AVA;MGF;;LB,CT;7,74;7,76;>
2022-02-22;09:52:58;7,76;;40;AVA;MGF;;LB,CT;7,74;7,76;>
2022-02-22;09:52:34;7,75;;2000;AVA;MGF;;LB,CT;7,74;7,75;>
2022-02-22;09:52:18;7,75;;25;AVA;MGF;;LB,CT;7,74;7,75;>
2022-02-22;09:52:13;7,75;;15;NON;MGF;;LB,CT;7,74;7,75;>
2022-02-22;09:52:05;7,74;;285;AVA;AVA;;LB,CT;7,74;7,75;<
2022-02-22;09:51:43;7,74;;331;AVA;AVA;;LB,CT;7,72;7,74;>
2022-02-22;09:51:07;7,74;;1000;AVA;AVA;;LB,CT;7,74;7,77;<
2022-02-22;09:51:01;7,76;;1932;AVA;MGF;;LB,CT;7,74;7,76;>
2022-02-22;09:50:38;7,74;;1291;AVA;MGF;;LB,CT;7,72;7,74;>
2022-02-22;09:50:36;7,74;;7777;AVA;MGF;;LB,CT;7,72;7,74;>
2022-02-22;09:50:26;7,74;;135;AVA;MGF;;LB,CT;7,72;7,74;>
2022-02-22;09:49:28;7,73;;32341;AVA;MGF;;LB,CT;7,73;7,79;<
2022-02-22;09:48:10;7,71;;469;NON;NON;;LB,CT;7,65;7,71;>
2022-02-22;09:47:19;7,71;;64;AVA;MGF;;LB,CT;7,66;7,71;<
2022-02-22;09:46:28;7,72;;6518;AVA;NON;;LB,CT;7,71;7,72;>
2022-02-22;09:46:06;7,72;;259;AVA;NON;;LB,CT;7,71;7,72;>
2022-02-22;09:45:57;7,72;;1295;AVA;NON;;LB,CT;7,71;7,72;>
2022-02-22;09:43:57;7,64;;243;MGF;AVA;;LB,CT;7,64;7,71;<
2022-02-22;09:42:39;7,7;;254;AVA;MGF;;LB,CT;7,63;7,7;>
2022-02-22;09:41:39;7,7;;402;AVA;MGF;;LB,CT;7,7;7,72;<
2022-02-22;09:41:24;7,7;;748;AVA;AVA;;LB,CT;7,7;7,72;<
2022-02-22;09:41:24;7,7;;1200;AVA;AVA;;LB,CT;7,7;7,72;<
2022-02-22;09:41:04;7,72;;200;AVA;NON;;LB,CT;7,72;7,73;<
2022-02-22;09:41:04;7,72;;200;AVA;NON;;LB,CT;7,72;7,73;<
2022-02-22;09:41:04;7,72;;1627;AVA;NON;;LB,CT;7,72;7,73;<
2022-02-22;09:40:56;7,73;;193;AVA;NON;;LB,CT;7,72;7,73;>
2022-02-22;09:40:04;7,75;;90;AVA;NON;;LB,CT;7,72;7,75;>
2022-02-22;09:37:56;7,75;;250;AVA;NON;;LB,CT;7,72;7,75;>
2022-02-22;09:37:19;7,76;;641;AVA;NON;;LB,CT;7,72;7,73;>
2022-02-22;09:37:19;7,73;;3;AVA;AVA;;LB,CT;7,72;7,73;>
2022-02-22;09:37:13;7,73;;168;AVA;AVA;;LB,CT;7,73;7,76;<
2022-02-22;09:37:00;7,73;;832;AVA;AVA;;LB,CT;7,72;7,73;>
2022-02-22;09:36:56;7,73;;122;AVA;AVA;;LB,CT;7,72;7,73;>
2022-02-22;09:36:41;7,73;;323;AVA;AVA;;LB,CT;7,72;7,73;>
2022-02-22;09:35:55;7,73;;652;AVA;AVA;;LB,CT;7,72;7,73;>
2022-02-22;09:35:45;7,73;;11;AVA;AVA;;LB,CT;7,72;7,73;<
2022-02-22;09:35:20;7,73;;40;AVA;NON;;LB,CT;7,73;7,76;>
2022-02-22;09:35:18;7,72;;906;AVA;AVA;;LB,CT;7,72;7,73;<
2022-02-22;09:34:51;7,73;;1360;AVA;NON;;LB,CT;7,72;7,73;>
2022-02-22;09:34:51;7,73;;440;AVA;AVA;;LB,CT;7,72;7,73;>
2022-02-22;09:34:19;7,73;;130;AVA;AVA;;LB,CT;7,72;7,73;<
2022-02-22;09:33:35;7,73;;129;AVA;NON;;LB,CT;7,72;7,73;>
2022-02-22;09:33:17;7,74;;64;AVA;MGF;;LB,CT;7,72;7,74;>
2022-02-22;09:32:55;7,72;;2000;AVA;AVA;;LB,CT;7,72;7,74;<
2022-02-22;09:32:47;7,74;;129;AVA;MGF;;LB,CT;7,72;7,74;>
2022-02-22;09:32:47;7,74;;45;AVA;MGF;;LB,CT;7,72;7,74;>
2022-02-22;09:32:16;7,74;;1;AVA;MGF;;LB,CT;7,72;7,74;>
2022-02-22;09:32:00;7,76;;65;AVA;MGF;;LB,CT;7,72;7,76;>
2022-02-22;09:31:49;7,76;;10;AVA;MGF;;LB,CT;7,72;7,76;>
2022-02-22;09:31:12;7,78;;243;AVA;MGF;;LB,CT;7,71;7,78;>
2022-02-22;09:31:03;7,78;;231;AVA;MGF;;LB,CT;7,78;7,79;<
2022-02-22;09:31:03;7,78;;385;AVA;MGF;;LB,CT;7,78;7,79;<
2022-02-22;09:30:25;7,78;;220;NON;MGF;;LB,CT;7,71;7,78;>
2022-02-22;09:30:15;7,7;;1157;MGF;AVA;;LB,CT;7,71;7,74;>
2022-02-22;09:30:15;7,7;;2573;MGF;AVA;;LB,CT;7,71;7,74;>
2022-02-22;09:30:14;7,7;;194;AVA;AVA;;LB,CT;7,69;7,7;>
2022-02-22;09:29:54;7,67;;7;MGF;AVA;;LB,CT;7,67;7,7;<
2022-02-22;09:29:43;7,7;;345;AVA;AVA;;LB,CT;7,67;7,7;>
2022-02-22;09:28:55;7,66;;346;AVA;NON;;LB,CT;7,66;7,7;<
2022-02-22;09:28:48;7,7;;1168;AVA;AVA;;LB,CT;7,66;7,7;>
2022-02-22;09:28:34;7,7;;4000;NON;AVA;;LB,CT;7,66;7,7;>
2022-02-22;09:28:28;7,7;;1000;AVA;AVA;;LB,CT;7,66;7,7;>
2022-02-22;09:28:04;7,65;;193;NON;NON;;LB,CT;7,65;7,7;<
2022-02-22;09:27:45;7,65;;2554;NON;AVA;;LB,CT;7,65;7,7;>
2022-02-22;09:27:22;7,65;;40;AVA;AVA;;LB,CT;7,64;7,65;<
2022-02-22;09:25:34;7,65;;400;NON;NON;;LB,CT;7,65;7,66;<
2022-02-22;09:24:37;7,66;;652;AVA;AVA;;LB,CT;7,64;7,66;>
2022-02-22;09:24:20;7,66;;50;AVA;AVA;;LB,CT;7,63;7,66;>
2022-02-22;09:24:14;7,66;;124;NON;AVA;;LB,CT;7,64;7,66;>
2022-02-22;09:24:13;7,66;;65;AVA;AVA;;LB,CT;7,64;7,66;>
2022-02-22;09:24:03;7,66;;652;AVA;AVA;;LB,CT;7,63;7,66;>
2022-02-22;09:23:54;7,63;;3000;NON;AVA;;LB,CT;7,63;7,66;<
2022-02-22;09:23:08;7,66;;78;AVA;AVA;;LB,CT;7,63;7,66;>
2022-02-22;09:23:04;7,63;;5460;NON;AVA;;LB,CT;7,63;7,66;<
2022-02-22;09:23:04;7,63;;6900;AVA;AVA;;LB,CT;7,63;7,66;<
2022-02-22;09:22:56;7,66;;218;AVA;AVA;;LB,CT;7,67;7,69;<
2022-02-22;09:22:56;7,67;;49;NON;AVA;;LB,CT;7,67;7,69;<
2022-02-22;09:22:45;7,69;;3901;AVA;MGF;;LB,CT;7,66;7,69;>
2022-02-22;09:22:31;7,66;;304;AVA;AVA;;LB,CT;7,63;7,66;>
2022-02-22;09:22:21;7,66;;652;AVA;AVA;;LB,CT;7,63;7,66;>
2022-02-22;09:21:44;7,63;;100;AVA;AVA;;LB,CT;7,63;7,66;<
2022-02-22;09:21:41;7,66;;130;AVA;AVA;;LB,CT;7,63;7,66;>
2022-02-22;09:20:43;7,63;;264;NON;NON;;LB,CT;7,63;7,66;<
2022-02-22;09:20:41;7,66;;1305;AVA;AVA;;LB,CT;7,63;7,66;>
2022-02-22;09:19:40;7,66;;210;AVA;AVA;;LB,CT;7,64;7,66;<
2022-02-22;09:19:34;7,66;;130;AVA;AVA;;LB,CT;7,66;7,69;<
2022-02-22;09:19:30;7,66;;391;AVA;AVA;;LB,CT;7,66;7,69;<
2022-02-22;09:18:11;7,7;;417;AVA;AVA;;LB,CT;7,64;7,7;>
2022-02-22;09:18:11;7,66;;232;AVA;AVA;;LB,CT;7,64;7,7;>
2022-02-22;09:18:05;7,66;;250;NON;AVA;;LB,CT;7,64;7,66;<
2022-02-22;09:18:05;7,66;;518;AVA;AVA;;LB,CT;7,64;7,66;<
2022-02-22;09:17:59;7,66;;134;AVA;AVA;;LB,CT;7,66;7,7;<
2022-02-22;09:17:59;7,66;;501;AVA;AVA;;LB,CT;7,66;7,7;<
2022-02-22;09:17:31;7,7;;194;AVA;AVA;;LB,CT;7,66;7,7;>
2022-02-22;09:17:10;7,69;;130;AVA;MGF;;LB,CT;7,66;7,69;>
2022-02-22;09:16:48;7,7;;30;AVA;AVA;;LB,CT;7,66;7,7;>
2022-02-22;09:16:15;7,7;;885;AVA;AVA;;LB,CT;7,66;7,7;>
2022-02-22;09:15:42;7,72;;5000;AVA;MGF;;LB,CT;7,67;7,72;>
2022-02-22;09:15:10;7,71;;234;NON;MGF;;LB,CT;7,67;7,71;>
2022-02-22;09:15:10;7,7;;154;NON;NON;;LB,CT;7,67;7,71;>
2022-02-22;09:15:06;7,7;;46;AVA;NON;;LB,CT;7,7;7,71;<
2022-02-22;09:14:27;7,7;;600;AVA;NON;;LB,CT;7,7;7,73;<
2022-02-22;09:14:16;7,73;;15;AVA;MGF;;LB,CT;7,67;7,73;<
2022-02-22;09:13:49;7,73;;129;AVA;MGF;;LB,CT;7,73;7,79;<
2022-02-22;09:12:58;7,68;;3906;AVA;AVA;;LB,CT;7,67;7,68;>
2022-02-22;09:12:57;7,68;;120;AVA;AVA;;LB,CT;7,67;7,68;>
2022-02-22;09:12:02;7,68;;150;AVA;AVA;;LB,CT;7,66;7,68;>
2022-02-22;09:11:08;7,68;;65;AVA;AVA;;LB,CT;7,66;7,68;>
2022-02-22;09:10:19;7,68;;200;NON;AVA;;LB,CT;7,66;7,68;>
2022-02-22;09:10:15;7,66;;150;AVA;AVA;;LB,CT;7,66;7,68;<
2022-02-22;09:09:54;7,68;;65;AVA;AVA;;LB,CT;7,66;7,68;<
2022-02-22;09:08:52;7,68;;1543;AVA;AVA;;LB,CT;7,68;7,7;<
2022-02-22;09:08:47;7,68;;600;AVA;AVA;;LB,CT;7,68;7,7;<
2022-02-22;09:08:18;7,7;;648;AVA;MGF;;LB,CT;7,68;7,7;>
2022-02-22;09:07:17;7,68;;204;AVA;AVA;;LB,CT;7,68;7,7;<
2022-02-22;09:07:14;7,7;;64;AVA;MGF;;LB,CT;7,68;7,7;>
2022-02-22;09:06:49;7,7;;129;AVA;MGF;;LB,CT;7,68;7,7;>
2022-02-22;09:06:25;7,68;;257;AVA;NON;;LB,CT;7,62;7,68;>
2022-02-22;09:06:10;7,62;;276;AVA;AVA;;LB,CT;7,62;7,68;<
2022-02-22;09:06:01;7,62;;328;AVA;AVA;;LB,CT;7,62;7,68;<
2022-02-22;09:05:34;7,62;;749;AVA;AVA;;LB,CT;7,62;7,68;<
2022-02-22;09:05:06;7,62;;204;NON;AVA;;LB,CT;7,62;7,68;<
2022-02-22;09:05:02;7,68;;200;AVA;NON;;LB,CT;7,62;7,68;>
2022-02-22;09:04:56;7,68;;600;AVA;NON;;LB,CT;7,62;7,68;>
2022-02-22;09:04:37;7,68;;2000;AVA;NON;;LB,CT;7,62;7,68;>
2022-02-22;09:04:15;7,68;;250;AVA;NON;;LB,CT;7,62;7,68;>
2022-02-22;09:03:53;7,68;;1829;AVA;NON;;LB,CT;7,62;7,68;>
2022-02-22;09:03:53;7,65;;171;AVA;AVA;;LB,CT;7,62;7,68;>
2022-02-22;09:03:53;7,65;;90;AVA;AVA;;LB,CT;7,65;7,68;<
2022-02-22;09:03:39;7,67;;1500;AVA;NON;;LB,CT;7,67;7,68;<
2022-02-22;09:03:37;7,68;;195;AVA;NON;;LB,CT;7,67;7,68;>
2022-02-22;09:03:23;7,68;;100;AVA;NON;;LB,CT;7,67;7,68;>
2022-02-22;09:03:14;7,68;;2300;NON;NON;;LB,CT;7,65;7,68;>
2022-02-22;09:03:10;7,68;;500;AVA;NON;;LB,CT;7,65;7,68;>
2022-02-22;09:03:08;7,65;;160;AVA;AVA;;LB,CT;7,65;7,68;>
2022-02-22;09:03:07;7,65;;165;AVA;AVA;;LB,CT;7,65;7,68;<
2022-02-22;09:02:23;7,65;;135;AVA;AVA;;LB,CT;7,65;7,68;<
2022-02-22;09:02:22;7,68;;61;AVA;NON;;LB,CT;7,65;7,68;>
2022-02-22;09:01:56;7,62;;5249;NON;AVA;;LB,CT;7,62;7,68;<
2022-02-22;09:01:49;7,62;;550;NON;NON;;LB,CT;7,62;7,68;<
2022-02-22;09:01:39;7,68;;911;AVA;NON;;LB,CT;7,62;7,68;>
2022-02-22;09:01:27;7,63;;2041;NON;AVA;;LB,CT;7,62;7,63;>
2022-02-22;09:01:24;7,63;;480;AVA;AVA;;LB,CT;7,61;7,63;<
2022-02-22;09:01:24;7,63;;406;AVA;AVA;;LB,CT;7,61;7,63;<
2022-02-22;09:01:06;7,63;;400;AVA;AVA;;LB,CT;7,63;7,67;<
2022-02-22;09:00:46;7,66;;26109;AVA;NON;;LB,CT;7,66;7,67;<
2022-02-22;09:00:40;7,63;;484;AVA;AVA;;LB,CT;7,63;7,67;<
2022-02-22;09:00:07;7,67;;40;AVA;MGF;;LB,CT,ALGO;7,63;7,67;>
2022-02-22;09:00:06;7,67;;162;AVA;MGF;XAP;LB,UA;8,64;7;
2022-02-22;09:00:06;7,67;;608;AVA;MGF;XAP;LB,UA;8,64;7;
2022-02-22;09:00:06;7,67;;70;AVA;AVA;XAP;LB,UA;8,64;7;
2022-02-22;09:00:06;7,67;;2647;AVA;AVA;XAP;LB,UA;8,64;7;
2022-02-22;09:00:06;7,67;;1034;AVA;AVA;XAP;LB,UA;8,64;7;
2022-02-22;09:00:06;7,67;;123;AVA;AVA;XAP;LB,UA;8,64;7;
2022-02-22;09:00:06;7,67;;5;AVA;AVA;XAP;LB,UA;8,64;7;
2022-02-22;09:00:06;7,67;;579;AVA;AVA;XAP;LB,UA;8,64;7;
